id_str,grade,object_id,phz_classification,phz_gal_prob,phz_star_prob,phz_qso_prob,flux_detection_total,fluxerr_segmentation,flux_segmentation,flux_vis_sersic,segmentation_area,kron_radius,ellipticity,point_like_prob,spurious_prob,det_quality_flag,vis_det,smooth_or_featured_smooth,smooth_or_featured_featured_or_disk,smooth_or_featured_artifact_star_zoom,sersic_sersic_vis_index,sersic_sersic_vis_radius,etg_or_ltg,magnitude
102018665_NEG570040238507752998,A,-570040238507752998,2.0,0.8019008040428162,0.0872394442558288,0.2140262722969055,4.3707380294799805,0.0481309369206428,3.5640177726745605,4.380529403686523,393,34.53137969970703,0.2728037238121032,0.0018053267849609,0.0008873703191056,0,1,,,,4.512201309204102,1.0469170808792114,,22.298613057992753
102018665_NEG575758716509311713,B,-575758716509311713,2.0,0.7697635889053345,0.0620101243257522,0.2715552449226379,7.483959197998047,0.0577380508184433,4.2947096824646,2.597090005874634,594,54.902931213378906,0.4143742322921753,0.00014513079077,0.0178459044545888,2,1,,,,0.6548092365264893,0.7893364429473877,,21.714671472268858
102018665_NEG576731213511114485,B,-576731213511114485,2.0,0.9746509790420532,0.0021260590292513,0.013207484036684,17.977676391601562,0.076574370265007,16.714399337768555,18.476503372192383,945,36.490177154541016,0.0563907027244567,0.0006396214594133,0.000573581259232,0,1,,,,5.5,0.5267474055290222,,20.76316610346437
102018666_NEG579859279508531437,A,-579859279508531437,2.0,0.974415361881256,0.0023582633584737,0.0138840936124324,38.07358932495117,0.1182665228843689,32.85352325439453,37.19075393676758,2184,69.59818267822266,0.3659282624721527,0.0,0.0092879375442862,2,1,61.57699203491211,28.96627616882324,,5.495139598846436,1.126015305519104,,19.948440447145853
102018667_NEG587746535508057234,A,-587746535508057234,2.0,0.9746509790420532,0.0024139506276696,0.0133198788389563,12.588600158691406,0.0764054730534553,10.790836334228516,12.1542387008667,747,41.47500228881836,0.2588765025138855,0.0016529698623344,0.0006148415268398,0,1,,,,5.497756004333496,1.1600602865219116,,21.150056400932883
102018668_NEG595646727509469177,A,-595646727509469177,2.0,0.9475744366645812,0.0023809948470443,0.0395392291247844,21.369407653808597,0.104210153222084,18.23630714416504,15.831598281860352,1555,61.9299430847168,0.2171027809381485,0.0,0.0050318827852606,0,1,22.026336669921875,42.79016876220703,,1.2379368543624878,0.6996709704399109,,20.57551879007973
102019123_NEG564667438505382529,A,-564667438505382529,2.0,0.9744634628295898,0.0022837771102786,0.0136409765109419,89.4292221069336,0.1890320628881454,75.13990020751953,89.31561279296875,5915,107.59620666503906,0.2342573851346969,0.0,0.0120747098699212,2,1,78.38367462158203,15.467755317687988,,4.8844170570373535,2.509129047393799,,19.021301367269317
102019123_NEG567245233502945885,A,-567245233502945885,2.0,0.9746509790420532,0.0023203399032354,0.0134693244472146,29.747812271118164,0.1174833625555038,25.751924514770508,26.30010414123535,1638,57.95735931396485,0.2399429529905319,0.0,0.0094058625400066,2,1,45.67422103881836,28.844432830810547,,2.7386505603790283,1.065062403678894,,20.21636241967198
102019124_NEG572893989502570421,B,-572893989502570421,2.0,0.9744634628295898,0.0024056846741586,0.0138000585138797,10.715303421020508,0.0684881806373596,9.63481903076172,11.159496307373049,916,41.19447708129883,0.0422402657568454,0.0016997564816847,0.0005627137725241,0,1,,,,5.499950408935547,0.776709794998169,,21.324988816756225
102019125_NEG583028233504223644,A,-583028233504223644,2.0,0.973708987236023,0.0025395890697836,0.0149226998910307,94.48020935058594,0.2018025070428848,77.6504135131836,89.68388366699219,8304,169.88980102539062,0.486470103263855,0.0,0.0124676711857318,2,1,66.48527526855469,12.008485794067385,,3.932581424713135,4.166916370391846,,18.961647882694027
102019125_NEG586359480506090347,B,-586359480506090347,2.0,0.9746509790420532,0.0020857821218669,0.0134089281782507,26.56475257873535,0.0975079908967018,21.772706985473636,22.06569099426269,1911,81.80535125732422,0.5102400183677673,0.0,0.0111199188977479,2,1,15.321184158325195,24.74665069580078,,2.325956344604492,0.9549192786216736,,20.339235561769417
102019126_NEG589597149505340169,B,-589597149505340169,2.0,0.9445352554321288,0.0024346017744392,0.0496369339525699,12.111656188964844,0.0779503583908081,7.906816005706787,11.671167373657228,1125,58.73468780517578,0.2787001729011535,0.0001019753835862,0.0092851342633366,2,1,,,,5.468372344970703,3.177464008331299,,21.1919911647377
102019126_NEG589666030505609975,B,-589666030505609975,2.0,0.9746509790420532,0.0022242607083171,0.013207484036684,64.19296264648438,0.1570630967617035,58.85749053955078,64.2646255493164,2780,60.5903205871582,0.169071152806282,0.0,0.0105658434331417,2,1,66.55087280273438,44.78997802734375,,4.060253620147705,0.7274590134620667,,19.381281450517903
102019127_NEG596525941504553950,B,-596525941504553950,2.0,0.8040962815284729,0.0024067163467407,0.191706895828247,7.445640563964844,0.0573316738009452,6.71864128112793,7.043635845184326,521,44.23783874511719,0.5110123753547668,0.0001462951913708,0.0009735117782838,0,1,,,,1.951576828956604,0.7345051169395447,,21.72024483261426
102019127_NEG598523367504401932,A,-598523367504401932,2.0,0.972427248954773,0.0022252441849559,0.018944701179862,23.24263572692871,0.0860213339328765,21.76650619506836,22.06476593017578,861,57.15818405151367,0.6104501485824585,9.40067845789372e-09,0.001928441459313,0,1,,,,1.6291238069534302,0.8839084506034851,,20.48428656067471
102019127_NEG600585702506652323,B,-600585702506652323,2.0,0.9746509790420532,0.0023285797797143,0.0137093560770154,10.146615028381348,0.0711046159267425,8.704890251159668,9.688456535339355,685,38.186614990234375,0.1068881824612617,0.0016026042867451,0.0004933101008646,0,1,,,,2.7947545051574707,0.6467676162719727,,21.38419704208159
102019128_NEG607555025503027911,A,-607555025503027911,2.0,0.9746509790420532,0.002300261054188,0.0153891053050756,39.30462646484375,0.1242747232317924,34.82689666748047,40.50711441040039,2325,55.91963195800781,0.1086184829473495,0.0,0.003444357542321,0,1,76.13823699951172,23.43423843383789,,5.479137420654297,0.8292446732521057,,19.91389081681617
102019128_NEG608928997504779012,A,-608928997504779012,2.0,0.9746509790420532,0.0021686202380806,0.0132881272584199,63.22228240966797,0.1638659834861755,60.915828704833984,56.86629104614258,1260,42.61959838867188,0.3038639724254608,0.0,0.0131059465929865,0,1,75.28163146972656,49.89741516113281,,1.488236904144287,0.5627821683883667,,19.397824573992143
102019128_NEG609723701504645522,B,-609723701504645522,2.0,0.8063281178474426,0.3373550176620483,0.1453577876091003,18.684234619140625,0.070686787366867,17.312013626098633,16.331647872924805,777,46.58340835571289,0.3954288363456726,0.0026212881784886,0.0102367661893367,2,1,,,,2.218189239501953,0.8806568384170532,,20.721311719715402
102019129_NEG617672661504204895,B,-617672661504204895,2.0,0.9746509790420532,0.0020632876548916,0.013207484036684,17.024362564086914,0.0746762976050376,15.045475006103516,14.887431144714355,1005,38.973140716552734,0.1731323897838592,0.0010417369194328,0.0078654177486896,2,1,,,,4.217136383056641,0.3393014967441559,,20.8223228505324
102019131_NEG626148898503257561,B,-626148898503257561,2.0,0.550868809223175,0.3995660245418548,0.0855728015303611,64.81344604492188,0.1653190851211547,55.275672912597656,54.26397705078125,3773,107.95610809326172,0.380895048379898,0.0,0.0101821878924965,2,1,47.40068817138672,19.568187713623047,,4.340498447418213,2.237104654312134,,19.370837217679142
102019586_NEG564463213499964061,A,-564463213499964061,2.0,0.9746509790420532,0.0021034984383732,0.013207484036684,39.90774154663086,0.1137420833110809,34.10420227050781,39.01169204711914,3082,67.26319122314453,0.0715684592723846,0.0,0.0093978559598326,2,1,67.623291015625,26.588720321655277,,5.5,1.2365843057632446,,19.89735712263396
102019587_NEG569380954497924981,B,-569380954497924981,2.0,0.8021355867385864,0.0019672638736665,0.3213406801223755,33.56489562988281,0.1242521181702613,29.01175117492676,28.89005851745605,1921,73.27606964111328,0.2866827249526977,0.0,0.0034285627771168,0,1,11.160380363464355,73.0114974975586,,0.798523485660553,1.2647030353546145,,20.08528674729153
102019588_NEG576940500501085311,B,-576940500501085311,2.0,0.9337877035140992,0.0021940858568996,0.014624479226768,4.574536323547363,0.0441055186092853,3.4298055171966557,4.4714674949646,395,30.562917709350582,0.1231349632143974,0.0019887280650436,0.0003622178919613,0,1,,,,3.4868195056915283,0.901509702205658,,22.2491322989829
102019588_NEG579781735502176069,A,-579781735502176069,2.0,0.5021153688430786,0.0148370638489723,0.5051254034042358,3.718962669372559,0.0421014726161956,2.888878583908081,3.775644779205322,248,28.231372833251957,0.2622729539871216,0.0023034100886434,0.0049805105663836,2,1,,,,2.190823554992676,0.579485297203064,,22.47394545257452
102019588_NEG581189290502362418,A,-581189290502362418,2.0,0.9101913571357728,0.0022034095600247,0.1169745400547981,3.7533726692199703,0.0440482199192047,2.654096841812134,3.553630828857422,261,26.445499420166016,0.1584516167640686,0.0012040678411722,0.0047604348510503,2,1,,,,1.828117609024048,0.5654410719871521,,22.463945781779273
102019590_NEG590843564499562054,B,-590843564499562054,2.0,0.9746509790420532,0.0022273394279181,0.013207484036684,79.6697998046875,0.1553417891263961,72.0612564086914,81.04076385498047,3847,80.54812622070312,0.2415214627981186,0.0,0.0104700690135359,2,1,78.44092559814453,15.410140991210938,,4.759029865264893,1.7165933847427368,,19.146765685334756
102019591_NEG601417531499600002,B,-601417531499600002,2.0,0.9679461121559144,0.002526163123548,0.0245086066424846,37.35047912597656,0.1202884539961814,31.86410903930664,37.326942443847656,2209,57.59402847290039,0.0685220956802368,0.0,0.0074965846724808,1,1,81.5517578125,19.489635467529297,,5.5,1.1026341915130615,,19.96925955688162
102019592_NEG606434619500983922,A,-606434619500983922,2.0,0.9734765887260436,0.001803652732633,0.0305338930338621,7.764043807983398,0.0514847189188003,6.695435047149658,7.867265224456787,358,29.11290740966797,0.185248851776123,0.0003005785110872,0.0067913839593529,2,1,,,,1.4703099727630615,0.5194036364555359,,21.674780057013997
102019593_NEG612269334502356628,B,-612269334502356628,2.0,0.9746509790420532,0.0019922845531255,0.0141498614102602,92.69342041015624,0.1896588653326034,85.26537322998047,88.01238250732422,4267,78.17008972167969,0.17257159948349,0.0,0.0120140807703137,0,1,67.25975799560547,20.59269905090332,,2.2704341411590576,0.8990665674209595,,18.982377729929347
102019595_NEG630246532498667881,A,-630246532498667881,2.0,0.5878832340240479,0.0021131744142621,0.3831086754798889,4.198608875274658,0.0492136664688587,2.474030017852783,3.6536436080932617,426,37.64658737182617,0.0914348289370536,0.0007594726048409,0.0003150492266286,0,1,,,,2.31404972076416,1.243125081062317,,22.342236451307972
102019596_NEG637748088500119037,B,-637748088500119037,2.0,0.8281554579734802,0.0929974392056465,0.2002612650394439,82.74066162109375,0.2017629891633987,64.5417709350586,79.56502532958984,5985,143.187255859375,0.4712045788764953,0.0,0.0250945556908845,0,1,45.71723556518555,23.302364349365234,,3.6268210411071777,3.3237009048461914,,19.105702526668665
102020054_NEG554364696495554940,B,-554364696495554940,2.0,0.9543410539627076,0.0024061605799943,0.0298841558396816,8.27530288696289,0.0612298212945461,4.896371841430664,7.768669128417969,838,46.34682083129883,0.1223084554076194,0.0001255359238712,0.0009843104053288,0,1,,,,5.5,2.7175841331481934,,21.605540253781125
102020054_NEG556215936492901652,B,-556215936492901652,2.0,0.9746509790420532,0.0021476070396602,0.0137523440644145,20.461849212646484,0.0990820154547691,18.03740882873535,18.863998413085938,1155,55.03860092163086,0.4334423243999481,0.0003298189840279,0.000991981010884,0,1,,,,2.097971677780152,0.9251680374145508,,20.622637800147444
102020055_NEG563894315496088157,A,-563894315496088157,2.0,0.7953979969024658,0.0022442676126956,0.216733917593956,4.178403377532959,0.046711653470993,2.4547927379608154,3.3493990898132324,418,37.16472244262695,0.1544692814350128,0.0007857899763621,0.0017298866296187,0,1,,,,2.028726100921631,1.302278995513916,,22.347474090293073
102020055_NEG564676209494509344,A,-564676209494509344,2.0,0.9739660024642944,0.0022688279859721,0.0142932282760739,76.36802673339844,0.1870170682668686,59.93965530395508,74.72581481933594,6379,121.39320373535156,0.2462962716817855,0.0,0.0127189522609114,2,1,59.954708099365234,28.48440170288086,,5.49507474899292,2.6339316368103027,,19.192721077371594
102020056_NEG568919155497446978,A,-568919155497446978,2.0,0.9709702730178832,0.0021601864136755,0.0138752711936831,20.021547317504883,0.0868287831544876,18.11672019958496,18.95096015930176,903,43.55606842041016,0.4218857288360595,0.002651602262631,0.0111193042248487,2,1,,,,4.6255202293396,0.6608205437660217,,20.64625590536767
102020056_NEG569381219495998178,A,-569381219495998178,2.0,0.9746509790420532,0.0021405022125691,0.0134007288143038,20.695068359375,0.0836717337369918,18.539438247680664,19.870040893554688,1247,49.411598205566406,0.3115972876548767,0.0002466872974764,0.000573581259232,0,1,42.016056060791016,41.62786102294922,,2.9824280738830566,0.7518080472946167,,20.610332836778454
102020056_NEG570002701495855213,B,-570002701495855213,2.0,0.8961406946182251,0.002117970958352,0.0803394168615341,8.3781099319458,0.0591694004833698,6.651806354522705,8.321975708007812,559,34.81147384643555,0.1007208451628685,0.0005892346962355,0.006547350436449,2,1,,,,5.226317882537842,1.7520785331726074,,21.592134863540416
102020056_NEG571928631495947554,B,-571928631495947554,2.0,0.5397099852561951,0.1934717744588852,0.1945520341396331,34.345088958740234,0.1192946285009384,30.074586868286133,34.88055419921875,2134,57.1354866027832,0.1175433620810508,0.0,0.0092869894579052,2,1,50.04216003417969,54.64383316040039,,5.499996185302734,1.1044197082519531,,20.06033838600166
102020056_NEG573379534495223440,B,-573379534495223440,2.0,0.972673237323761,0.0020209569483995,0.0217477511614561,29.93990898132324,0.1092392355203628,26.171142578125,27.277183532714844,1476,54.55610656738281,0.2124117910861969,0.0,0.0122762443497776,2,1,21.46954727172852,69.94359588623047,,2.138284683227539,0.8297176957130432,,20.20937381066454
102020057_NEG582019329494705421,A,-582019329494705421,2.0,0.9689375162124634,0.0024687978439033,0.0184306874871253,29.90357208251953,0.1140406802296638,23.70499610900879,20.149568557739254,2180,81.41496276855469,0.2662537693977356,0.0,0.0107919694855809,2,1,60.18133163452149,8.603499412536621,,2.504197597503662,1.294337272644043,,20.210692326591325
102020059_NEG590814898493650143,B,-590814898493650143,2.0,0.9737640619277954,0.0024884308222681,0.0144075425341725,35.15829086303711,0.1341082751750946,30.20474624633789,32.62657928466797,2259,68.14041900634766,0.1971689760684967,0.0,0.0092879375442862,2,1,67.21147155761719,20.642240524291992,,5.5,1.7312690019607544,,20.034930613204516
102020059_NEG595972740496354540,A,-595972740496354540,2.0,0.9728517532348632,0.0024887342005968,0.0174825862050056,13.718071937561035,0.0908934995532035,11.56391429901123,13.986908912658691,756,41.00398635864258,0.1692959815263748,0.0012729860609397,0.0124011244624853,2,1,,,,5.499602317810059,1.037787675857544,,21.05676731007889
102020060_NEG598920538496078263,A,-598920538496078263,2.0,0.9416900873184204,0.0043627331033349,0.0550284683704376,14.79373264312744,0.0745064541697502,11.033514022827148,10.400861740112305,1394,58.95557022094727,0.1634831875562667,0.0002301962085766,0.0259597785770893,2,1,56.36676788330078,10.170854568481444,,3.652543306350708,2.253190279006958,,20.974805585665585
102020061_NEG607087127495633316,A,-607087127495633316,2.0,0.9746509790420532,0.0023093388881534,0.013207484036684,68.5428237915039,0.2033399492502212,58.054481506347656,69.21329498291016,3762,74.6366195678711,0.0809534862637519,0.0,0.0163616780191659,0,1,62.9365234375,22.72132682800293,,5.499999523162842,1.5607249736785889,,19.310095019250117
102020061_NEG608203827493491303,B,-608203827493491303,2.0,0.940270721912384,0.0023605842143297,0.019421899691224,7.131994247436523,0.0598770081996917,5.209364891052246,6.484139442443848,785,49.10115432739258,0.2344311773777008,2.4957228106359253e-06,0.0065808524377644,2,1,,,,2.012155532836914,1.0706852674484253,,21.766972539480484
102020061_NEG612388468493726389,A,-612388468493726389,2.0,0.8716663122177124,0.0022398377768695,0.1288619190454483,63.71406936645508,0.1554292738437652,56.67179489135742,62.2136116027832,4191,86.76721954345703,0.2202266901731491,0.0,0.0105879930779337,2,1,8.999509811401367,69.84326934814453,,3.5285158157348637,1.705459475517273,,19.389411639980622
102020062_NEG617330086494647877,A,-617330086494647877,2.0,0.9746509790420532,0.0022936598397791,0.013207484036684,192.1954803466797,0.2835754752159118,164.88099670410156,178.96267700195312,12446,151.2727508544922,0.1912983357906341,0.0,0.0220908652991056,0,1,67.40373229980469,11.617810249328612,,3.6875855922698975,2.7916600704193115,,18.19064207345297
102020062_NEG618346672492559568,B,-618346672492559568,2.0,0.9335413575172424,0.0022890053223818,0.0276482347398996,6.520255565643311,0.0519663468003273,5.889365196228027,6.840301513671875,469,33.10309982299805,0.2020990401506424,0.0016545462422072,0.0005078363465145,0,1,,,,3.652642965316773,0.7238590121269226,,21.86433845370185
102020063_NEG625857431494380658,B,-625857431494380658,2.0,0.974415361881256,0.0017929434543475,0.0302488822489976,9.236263275146484,0.0562272444367408,8.357163429260254,6.625639915466309,380,28.264175415039062,0.1845681071281433,0.0009246781701222,0.0091318255290389,2,1,,,,0.3985840380191803,0.5005443692207336,,21.486259240569012
102020063_NEG626156743494681651,B,-626156743494681651,2.0,0.9746509790420532,0.0022585312835872,0.013207484036684,71.74517822265625,0.2039186507463455,53.680606842041016,66.67224884033203,6133,149.11041259765625,0.4661218225955963,0.0,0.0112700685858726,2,1,49.20856475830078,9.936816215515137,,4.3716559410095215,4.522739887237549,,19.260518203093284
102020064_NEG630441470494718517,A,-630441470494718517,2.0,0.7680391073226929,0.0023564472794532,0.2691278755664825,5.8925557136535645,0.0576759465038776,4.380443096160889,6.032691478729248,596,44.992977142333984,0.2497273981571197,8.741016790736467e-05,0.0123445894569158,2,1,,,,2.858964443206787,1.487251043319702,,21.974240756409635
102020064_NEG635823575494037615,B,-635823575494037615,2.0,0.951898753643036,0.002599524334073,0.0133828362450003,12.44579029083252,0.075886845588684,10.82613468170166,12.253094673156738,735,36.64299011230469,0.1676827222108841,0.0019804572220891,0.0005439111846499,0,1,,,,3.069422483444214,0.5484996438026428,,21.162443802670516
102020064_NEG635872258496841682,A,-635872258496841682,2.0,0.9746509790420532,0.002222646260634,0.013207484036684,17.327655792236328,0.0846206918358802,15.149362564086914,17.367069244384766,894,41.79226303100586,0.3036603629589081,0.000490860780701,0.000573581259232,0,1,,,,5.499980926513672,0.7512488961219788,,20.80315046934899
102020065_NEG639706305497277844,B,-639706305497277844,2.0,0.937641143798828,0.0024963521864265,0.06865094602108,67.11761474609375,0.1707258820533752,48.493072509765625,58.19847869873047,5598,106.84110260009766,0.0825119465589523,0.0,0.0120764458552002,2,1,60.84973907470703,16.291831970214844,,4.4373273849487305,4.5256452560424805,,19.332908715110797
102020066_NEG645419324493086283,A,-645419324493086283,2.0,0.9736272096633912,0.002490336773917,0.0149273797869682,84.061767578125,0.1891656816005706,67.87887573242188,76.68994140625,6416,119.13919830322266,0.1772282123565673,0.0,0.0112700685858726,2,1,60.09743881225586,20.85831642150879,,3.475497007369995,2.987844705581665,,19.088503705664806
102020528_NEG554976975487853956,A,-554976975487853956,2.0,0.9746509790420532,0.0022256223019212,0.013207484036684,68.48838806152344,0.1748905330896377,57.13041687011719,68.8860855102539,4665,91.53022003173828,0.1561332792043686,0.0,0.0199763979762792,0,1,52.54069137573242,35.89763259887695,,4.989237308502197,2.116927146911621,,19.310957637994882
102020528_NEG557594873487530963,A,-557594873487530963,2.0,0.641911506652832,0.099756583571434,0.3249628841876983,49.212158203125,0.140995591878891,39.82754898071289,28.832468032836918,3830,110.36854553222656,0.3750866055488586,0.0,0.0131484763696789,2,1,63.825138092041016,8.920068740844727,,2.14772629737854,2.0256266593933105,,19.669818971322787
102020528_NEG557780503491374019,B,-557780503491374019,2.0,0.9685681462287904,0.0086500756442546,0.0158053617924451,5.766514778137207,0.0558237545192241,5.345391273498535,5.846084117889404,362,32.135223388671875,0.272604376077652,0.0002401475212536,0.0004825089708901,0,1,,,,1.9242583513259888,0.6252247095108032,,21.997716476615437
102020528_NEG558800896491551043,B,-558800896491551043,2.0,0.9746509790420532,0.0017935573123395,0.013207484036684,4.6013593673706055,0.0400212109088897,4.274340152740479,3.5896520614624023,262,26.84283828735352,0.3304044008255005,0.0018668400589376,0.000449369137641,0,1,,,,1.4922198057174685,0.4566856622695923,,22.24278461724484
102020528_NEG561683562487885174,A,-561683562487885174,2.0,0.5093003511428833,0.2346768230199813,0.1627834886312484,27.868955612182617,0.1014659851789474,25.731407165527344,28.79998588562012,1356,44.30679321289063,0.1384788304567337,1.3902614171001917e-07,0.0013637457741424,0,1,78.36531829833984,25.307260513305664,,4.521849632263184,0.6608516573905945,,20.28719826536822
102020528_NEG562073760492316605,B,-562073760492316605,2.0,0.9746509790420532,0.0022691818885505,0.013207484036684,76.55833435058594,0.1640761941671371,68.77273559570312,75.0016860961914,4887,87.8240966796875,0.1545557081699371,0.0,0.0112700685858726,2,1,60.69425964355469,24.334043502807617,,3.80238676071167,1.3643399477005005,,19.19001880975444
102020529_NEG564427129491602014,B,-564427129491602014,2.0,0.8990271687507629,0.0023289190139621,0.1009308621287345,22.435495376586918,0.0991766825318336,18.911590576171875,17.059093475341797,1267,51.7547721862793,0.1502037495374679,0.0,0.0030132799874991,0,1,32.14301300048828,62.67637252807617,,0.318230539560318,0.8840959072113037,,20.52266084196611
102020529_NEG566452754492393104,A,-566452754492393104,2.0,0.9629027247428894,0.0023783589713275,0.0193206779658794,19.240985870361328,0.094972588121891,14.39984893798828,17.559728622436523,1860,67.43170166015625,0.1616860181093216,8.943411011763657e-10,0.0104881981387734,2,1,80.34130096435547,10.701260566711426,,4.83937931060791,1.7977266311645508,,20.689431698327553
102020530_NEG571638103490331545,B,-571638103490331545,2.0,0.79390949010849,0.0022876253351569,0.2057396620512008,4.531627655029297,0.0511308349668979,3.508266925811768,5.494516372680664,545,42.986175537109375,0.2046070992946624,0.0009592286078259,0.0008203981560654,0,1,,,,2.314703226089477,1.6863911151885986,,22.259364453778755
102020530_NEG572303674490459976,B,-572303674490459976,2.0,0.9742024540901184,0.0027163468766957,0.0141976997256279,32.12843704223633,0.126592069864273,24.559267044067383,32.0759391784668,2187,69.3369369506836,0.1009236797690391,0.0,0.0106783416122198,2,1,67.98561096191406,12.007415771484377,,3.880536794662476,2.2354073524475098,,20.132776002837854
102020530_NEG572378924491097026,B,-572378924491097026,2.0,0.6344664692878723,0.296184629201889,0.1258605718612671,48.697174072265625,0.1428066194057464,42.610137939453125,48.587215423583984,2594,61.07283782958984,0.1367401331663131,0.0,0.0055987257510423,0,1,76.6339111328125,30.78578758239746,,5.335683822631836,0.916552484035492,,19.6812406010923
102020530_NEG575336420489680805,B,-575336420489680805,2.0,0.7444678544998169,0.0265148300677537,0.2277066707611084,43.41826629638672,0.1428890526294708,36.33346557617188,39.02350616455078,3249,83.54639434814453,0.2113377004861831,0.0,0.0109454169869422,2,1,64.22581481933594,34.549442291259766,,2.03113865852356,1.304950475692749,,19.805818805091192
102020531_NEG579471354491627648,A,-579471354491627648,2.0,0.9716824293136596,0.0022227205336093,0.021251643076539,11.905887603759766,0.0747292190790176,10.698784828186035,11.584267616271973,1156,56.2113037109375,0.1786668598651886,0.0003437253762967,0.0008812662563286,0,1,,,,1.4070135354995728,1.0814262628555298,,21.21059555418713
102020532_NEG584961967491933103,A,-584961967491933103,2.0,0.9725571274757384,0.0018586760852485,0.0248722024261951,6.019887924194336,0.0487207621335983,5.322433948516846,5.328357696533203,484,35.490501403808594,0.1748652458190918,0.0013124947436153,0.0008169902721419,0,1,,,,0.7055787444114685,0.6632915139198303,,21.951028985458862
102020532_NEG585131565488109327,B,-585131565488109327,2.0,0.9738754034042358,0.0023499182425439,0.0140724247321486,10.87001132965088,0.0743899941444397,8.870129585266113,10.175321578979492,778,46.176246643066406,0.2035451978445053,0.0002669714740477,0.0009437763364985,0,1,,,,1.946428894996643,1.102954983711243,,21.309425008137
102020532_NEG589257492489565961,A,-589257492489565961,2.0,0.9746509790420532,0.002825494389981,0.013207484036684,72.95098114013672,0.1535712480545044,64.91310119628906,74.33097076416016,4165,72.76713562011719,0.0766528025269508,0.0,0.0105658434331417,2,1,66.50948333740234,40.59680938720703,,4.645672798156738,1.1503925323486328,,19.242422156928654
102020532_NEG591117402487550021,A,-591117402487550021,2.0,0.6465835571289062,0.2023970484733581,0.0974110513925552,13.78056526184082,0.0744023248553276,11.171241760253906,13.12061595916748,1080,46.65679550170898,0.1672228872776031,0.0016755884280428,0.0005627137725241,0,1,,,,5.5,1.0366357564926147,,21.05183241959359
102020532_NEG592320863488461402,B,-592320863488461402,2.0,0.4156221449375152,0.0018671787111088,0.6185994744300842,3.867767095565796,0.0500388666987419,3.2383358478546143,3.062568426132202,319,29.70230865478516,0.0479527041316032,0.0012372840428724,0.0003572956193238,0,1,,,,0.3000000119209289,0.6096128225326538,,22.43134921402944
102020533_NEG596261344490617547,A,-596261344490617547,2.0,0.9738891124725342,0.0022396277636289,0.0145258605480194,9.365203857421877,0.0736767351627349,8.149911880493164,9.426319122314451,335,33.80558013916016,0.5181215405464172,0.0003398019180167,0.0087866000831127,2,1,,,,3.212362289428711,0.623930811882019,,21.471206911661575
102020534_NEG600985388487893328,A,-600985388487893328,2.0,0.9646505117416382,0.0021326264832168,0.0198003686964511,17.911977767944336,0.0810353979468345,15.572771072387695,17.098928451538086,1282,60.24714279174805,0.3634946346282959,0.0,0.0114641664549708,2,1,23.32380485534668,63.84037780761719,,1.6624542474746704,1.023041844367981,,20.76714114616986
102020534_NEG604929086489066527,B,-604929086489066527,2.0,0.9737004041671752,0.002604164648801,0.0146562056615948,37.08476638793945,0.1204465106129646,31.642189025878903,38.08416748046875,2878,74.4102554321289,0.1409528255462646,0.0,0.0091555044054985,0,1,63.39589309692383,24.33599853515625,,3.3742809295654297,1.5357491970062256,,19.97701113110386
102020535_NEG608150353491434608,B,-608150353491434608,2.0,0.9735062718391418,0.0021467448677867,0.016161086037755,8.079195022583008,0.0579933449625968,7.406848907470703,8.229846000671387,640,34.58635711669922,0.0847911611199379,0.0006452373927459,0.0005288351676426,0,1,,,,2.194690465927124,0.620000958442688,,21.631579770918076
102020536_NEG621645331488224037,A,-621645331488224037,2.0,0.9063692092895508,0.0023783589713275,0.0925229266285896,12.570034980773926,0.0723357796669006,9.763341903686523,12.852346420288086,1073,51.2944564819336,0.217786893248558,0.0003116046427749,0.0105730928480625,2,1,,,,4.88732385635376,1.9735294580459597,,21.15165878431813
102020537_NEG623663816492513043,A,-623663816492513043,2.0,0.9746509790420532,0.0021559081505984,0.013207484036684,113.54167938232422,0.204490453004837,98.22864532470705,110.27145385742188,7329,125.49988555908205,0.3379817605018616,0.0,0.0097658429294824,2,1,78.28639221191406,13.445643424987791,,5.399787902832031,2.144763231277466,,18.762111716154564
102020537_NEG626913533487999205,B,-626913533487999205,2.0,0.9712731242179872,0.0024754619225859,0.0147309815511107,15.17640781402588,0.0776094943284988,12.541729927062988,15.473592758178713,1220,53.76912307739258,0.2961624264717102,3.6697542782349046e-06,0.0005627137725241,0,1,78.3005142211914,22.633106231689453,,3.823908805847168,1.1709609031677246,,20.9470775294614
102020538_NEG631689440492354239,A,-631689440492354239,2.0,0.9072954654693604,0.0023508290760219,0.0731604546308517,4.026528358459473,0.0439680814743042,3.421722412109375,4.436922550201416,504,38.82310485839844,0.2044512033462524,0.0025675154756754,0.0003989699762314,0,1,,,,5.472002506256104,2.0319509506225586,,22.387673094664265
102020538_NEG637045736489835935,A,-637045736489835935,2.0,0.8816656470298767,0.0020884564146399,0.1642059385776519,7.987938404083252,0.0546408630907535,7.381957530975342,7.539153575897217,532,43.17804718017578,0.4332807660102844,9.043978934641927e-05,0.0007809359813109,0,1,,,,1.4218422174453735,0.7461107969284058,,21.643913231708485
102020539_NEG639239120489296299,A,-639239120489296299,2.0,0.8104664087295532,0.5361655354499817,0.1604208499193191,153.3881378173828,0.3125287294387817,128.2973175048828,146.8529510498047,8756,129.03663635253906,0.1845904886722564,0.0,0.0137941045686602,2,1,38.57378005981445,19.438365936279297,,4.690628528594971,2.4683592319488525,,18.43552056250035
102020539_NEG640534948489252606,B,-640534948489252606,2.0,0.6440170407295227,0.0018862003926187,0.4582480490207672,4.967899799346924,0.0503339432179927,4.064301013946533,4.029768466949463,545,43.8902473449707,0.2214640825986862,0.0002111535141011,0.007247264496982,3,1,,,,0.9733031392097472,0.9817482233047484,,22.159567930744938
102020539_NEG641383802490968352,A,-641383802490968352,2.0,0.95891672372818,0.0025177325587719,0.0135283125564455,8.330307960510254,0.0551554150879383,7.519347190856934,8.12441349029541,565,35.238121032714844,0.2554530501365661,0.0012238034978508,0.0005454378551803,0,1,,,,2.918123245239258,0.7338729500770569,,21.598347357504032
102020539_NEG642885250488814700,A,-642885250488814700,2.0,0.4462389945983886,0.4957877993583679,0.1177584081888198,4.148161888122559,0.0443833507597446,3.1602413654327397,3.865657329559326,309,24.80847549438477,0.2250296026468277,0.0026589026674628,0.0050841285847127,2,1,,,,5.5,0.3033562898635864,,22.35536075742737
102021006_NEG554672577486973111,A,-554672577486973111,2.0,0.9744855761528016,0.0021304062101989,0.0136624006554484,4.850868701934815,0.0470120981335639,4.046167850494385,5.328884601593018,274,23.145427703857425,0.1198340654373169,0.0017137848772108,0.0058905072510242,2,1,,,,3.8214943408966064,0.5099052786827087,,22.18545120056991
102021008_NEG569571426487440793,A,-569571426487440793,2.0,0.9746509790420532,0.0021914599929004,0.013207484036684,46.41661071777344,0.1367009431123733,42.09664916992188,45.42889404296875,2199,65.04344940185547,0.2887524664402008,0.0,0.0158111304044723,0,1,75.44294738769531,41.03364944458008,,2.3220553398132324,0.9486811757087708,,19.733316435890856
102021009_NEG577024787484062221,A,-577024787484062221,2.0,0.9183205962181092,0.0023917260114103,0.0886427462100982,25.10767364501953,0.0983411371707916,19.20632743835449,19.630035400390625,1933,73.17219543457031,0.1042898669838905,0.0,0.0018808261957019,0,1,41.6761474609375,20.64668655395508,,4.525805950164795,3.071277379989624,,20.40048381259596
102021010_NEG581199679484613010,B,-581199679484613010,2.0,0.9746509790420532,0.0022142720408737,0.013207484036684,9.232906341552734,0.0736582279205322,6.945513725280762,9.487009048461914,912,49.83006286621094,0.1739706546068191,0.0006320972461253,0.0065839933231472,2,1,,,,5.154428005218506,2.37842059135437,,21.486653924732455
102021012_NEG594963796484947260,A,-594963796484947260,2.0,0.9746509790420532,0.0023622377775609,0.0132498769089579,25.146759033203125,0.1064650416374206,20.48231315612793,25.74120712280273,2338,75.45813751220703,0.2124065458774566,0.0,0.012278483249247,2,1,42.54460906982422,38.32637786865234,,5.5,2.629245519638061,,20.39879494945204
102021012_NEG595807815483116843,B,-595807815483116843,2.0,0.9578805565834044,0.0026907154824584,0.0365443229675293,30.26520156860352,0.1064385995268821,26.17253303527832,29.61565589904785,2104,61.0238151550293,0.1227827593684196,0.0,0.005550452042371,0,1,85.68135833740234,15.966628074645996,,3.6200413703918457,1.1682448387145996,,20.197641073266666
102021013_NEG602940269483238112,B,-602940269483238112,2.0,0.9742546677589417,0.0024571768008172,0.0140562485903501,46.02024841308594,0.1318911910057068,37.80311965942383,42.9861946105957,3260,85.38941955566406,0.167662501335144,0.0,0.0103907780721783,2,1,66.90318298339844,9.96419906616211,,5.499605655670166,2.3839962482452397,,19.742627603448028
102021013_NEG606090281487314103,B,-606090281487314103,2.0,0.9746509790420532,0.0022641103714704,0.013207484036684,45.55120849609375,0.1402549743652343,40.7140007019043,44.61236572265625,2340,65.72772216796875,0.3144665956497192,0.0,0.0084099005907773,0,1,73.4796142578125,17.856040954589844,,5.499643802642822,1.2041027545928955,,19.75375024122676
102021014_NEG610047486487275523,A,-610047486487275523,2.0,0.9746509790420532,0.0021108819637447,0.013207484036684,61.548736572265625,0.1531514823436737,52.99381256103516,59.301063537597656,4517,100.15164947509766,0.3434504568576813,0.0,0.0161119364202022,0,1,74.62574005126953,26.546964645385746,,3.5133793354034424,1.5387146472930908,,19.42695214380668
102021014_NEG612545150486042170,A,-612545150486042170,2.0,0.9377847909927368,0.0021650071721524,0.0680734366178512,9.138607025146484,0.0566275566816329,7.7839579582214355,9.527156829833984,592,41.442176818847656,0.3969810903072357,0.000674832786899,0.0076228757388889,2,1,,,,3.807928085327149,1.00364887714386,,21.497799994088926
102021014_NEG613552795482722691,B,-613552795482722691,2.0,0.9733903408050536,0.0023508248850703,0.0156063484027981,28.08885383605957,0.1014343574643135,24.83265686035156,28.35392570495605,1369,51.926490783691406,0.2252821922302246,1.2454496323144324e-09,0.0082467952743172,2,1,79.52568817138672,31.317317962646484,,3.9351773262023926,1.086597561836243,,20.278664954490743
102021014_NEG614981615482506340,B,-614981615482506340,2.0,0.9450831413269044,0.001857987139374,0.0311090257018804,5.368054389953613,0.0462733842432498,4.515532493591309,4.1194682121276855,424,37.47896957397461,0.2668716609477997,0.0001542529207654,0.0058633922599256,2,1,,,,0.3000037372112274,0.7309269309043884,,22.075457731195527
102021014_NEG616133820483754774,A,-616133820483754774,2.0,0.9694345593452454,0.0024316683411598,0.0154840210452675,24.05215072631836,0.1048118993639946,16.314861297607422,20.792667388916016,1887,70.39666748046875,0.1805544197559356,0.0,0.0125814583152532,2,1,75.92247772216797,10.856245040893556,,5.499997615814209,5.656091213226318,,20.44711520812039
102021015_NEG616932997484302318,B,-616932997484302318,2.0,0.5806789398193359,0.0076343086548149,0.4894140362739563,227.65049743652344,0.2671307027339935,202.17030334472656,185.34669494628903,13368,163.4630126953125,0.3108817636966705,0.0,0.0168951340019702,2,1,55.04349136352539,24.98756217956543,,2.0638229846954346,2.9325640201568604,,18.006828490957
102021016_NEG626678160486839020,A,-626678160486839020,2.0,0.885590136051178,0.0022627015132457,0.1196294277906417,15.449453353881836,0.0830687582492828,12.591545104980469,11.808526039123535,924,51.29438018798828,0.2079560905694961,1.8180099914388848e-06,0.0008720887126401,0,1,,,,1.0796031951904297,0.9876664280891418,,20.92771720638956
102021016_NEG627891706482718950,A,-627891706482718950,2.0,0.7599506974220276,0.0557411387562751,0.3308111131191253,38.36833953857422,0.1168553456664085,35.42953872680664,36.21464920043945,1547,47.65145111083984,0.1766710877418518,0.0,0.0152767784893512,2,1,46.555789947509766,82.72798156738281,,1.7534760236740112,0.7082125544548035,,19.940067488245965
102021016_NEG627937046483290884,A,-627937046483290884,2.0,0.7880952954292297,0.001764501677826,0.3563936054706573,50.64335632324219,0.1389717906713485,24.09932518005371,-23.687135696411133,4628,214.7379913330078,0.5917849540710449,0.0,0.0753132104873657,2,1,13.560632705688477,26.838848114013672,,5.5,1.2326042652130127,,19.63869379932306
102021016_NEG629139696484887212,A,-629139696484887212,2.0,0.9746509790420532,0.0022641103714704,0.013207484036684,45.18164825439453,0.1208216845989227,39.78933334350586,40.7718620300293,2762,71.48638916015625,0.203677162528038,0.0,0.0090741757303476,2,1,73.98014831542969,11.437962532043455,,4.507203102111816,1.1743574142456057,,19.762594824490265
102021016_NEG629685198482852633,B,-629685198482852633,2.0,0.9665567278862,0.0023783589713275,0.0229734517633914,21.154659271240234,0.0943401530385017,16.272214889526367,15.302452087402344,1955,72.6606674194336,0.1876712590456009,0.0,0.0031022594776004,0,1,51.839393615722656,15.570990562438965,,1.1067034006118774,1.5518240928649902,,20.586484913164718
102021017_NEG633207820486535571,B,-633207820486535571,2.0,0.9579421877861024,0.0024614017456769,0.0407813042402267,7.936326503753662,0.0539779849350452,7.228833198547363,7.588236331939697,520,33.1600341796875,0.2376673221588134,0.0004446945386007,0.0005454378551803,0,1,,,,3.432173490524292,0.4947814047336578,,21.65095118357948
102021017_NEG634146279486865014,A,-634146279486865014,2.0,0.9737334847450256,0.0022835007403045,0.0146573102101683,21.67876625061035,0.0840818583965301,18.52591896057129,19.981182098388672,937,44.135501861572266,0.1357958316802978,2.241372749267612e-05,0.0116690024733543,2,1,,,,1.8950504064559937,1.1162467002868652,,20.559913593364374
102021017_NEG637928660482715254,A,-637928660482715254,2.0,0.5689356327056885,0.0019521651556715,0.6437069177627563,4.153702735900879,0.037889577448368,2.95435094833374,2.250072717666626,305,39.83577346801758,0.5192157626152039,0.0002811457088682,0.0062670381739735,2,1,,,,0.5132220983505249,0.6272903084754944,,22.353911468573916
102021018_NEG640120110483854165,A,-640120110483854165,2.0,0.9746509790420532,0.0020738227758556,0.0135426530614495,21.24111557006836,0.0809933543205261,20.069379806518555,19.191707611083984,880,42.66553115844727,0.3141975104808807,0.0002070179616566,0.0011754672741517,0,1,,,,2.5667917728424072,0.6431034803390503,,20.58205669529443
102021019_NEG651956451483599583,A,-651956451483599583,2.0,0.9247811436653136,0.0021529193036258,0.0261818207800388,13.285573959350586,0.0830825641751289,10.55034637451172,12.646739959716797,1208,69.67020416259766,0.3693401217460632,6.598715845029801e-05,0.0008841419476084,0,1,27.576644897460938,19.022350311279297,,5.498775482177734,4.544091701507568,,21.091549196473675
102021020_NEG656951229482999258,B,-656951229482999258,2.0,0.9739693999290466,0.001876956783235,0.0222367327660322,6.756745338439941,0.0600707046687603,6.29655647277832,6.139819622039795,545,40.22646713256836,0.1740293949842453,4.0306022128788754e-05,0.0008091051713563,0,1,,,,0.3081234097480774,0.8175792098045349,,21.82565612328638
102021020_NEG657545464483151702,A,-657545464483151702,2.0,0.9746851325035096,0.0017977074021473,0.0161084756255149,4.0286383628845215,0.0404682792723178,3.5303702354431152,2.754468441009521,316,44.7327880859375,0.5476849675178528,0.0003202128282282,0.0060733701102435,2,1,,,,0.3000243008136749,0.8428520560264587,,22.38710428998818
102021491_NEG571345829477653406,B,-571345829477653406,2.0,0.9746509790420532,0.0026555240619927,0.0132744368165731,20.20456314086914,0.0894600600004196,17.748756408691406,19.55011749267578,1096,40.64022445678711,0.1539987176656723,0.0005631737876683,0.0111251836642622,2,1,,,,5.499991416931152,0.5445278286933899,,20.636376338376394
102021492_NEG575201344482287786,A,-575201344482287786,2.0,0.7760536670684814,0.0023827678523957,0.2253435850143432,3.6767828464508057,0.0699215978384018,3.0934290885925293,3.35560941696167,289,37.63218688964844,0.4757569432258606,0.0017422445816919,0.0008135566022247,0,1,,,,1.6709611415863037,0.7320137023925781,,22.486330047827877
102021492_NEG579460447477747720,B,-579460447477747720,2.0,0.9746509790420532,0.0022809214424341,0.013207484036684,110.93551635742188,0.186208426952362,101.87570190429688,106.8170166015625,5915,106.59911346435548,0.3319102823734283,0.0,0.0119155878201127,130,1,74.73056030273438,21.32423973083496,,4.363850116729736,1.7503584623336792,,18.787323477082655
102021492_NEG580553783482399812,A,-580553783482399812,2.0,0.9724767208099364,0.0024823024868965,0.0143695380538702,11.907634735107422,0.0757760107517242,10.518990516662598,12.21442699432373,723,37.05573654174805,0.0974273756146431,0.001918051042594,0.0005627137725241,0,1,,,,4.427492141723633,0.7529585361480713,,21.210436239346173
102021493_NEG583380599480841946,B,-583380599480841946,2.0,0.9738734364509584,0.0023743354249745,0.0133828362450003,24.484447479248047,0.0873601585626602,21.144662857055664,24.82839775085449,1769,60.08522415161133,0.3242557048797607,2.5156296601380745e-07,0.000573581259232,0,1,67.18489074707031,25.728816986083984,,4.877635002136231,1.1643766164779663,,20.427774229770026
102021493_NEG584317889477816598,B,-584317889477816598,2.0,0.9662564396858216,0.0018674543825909,0.0282891523092985,7.384789943695068,0.0587802231311798,6.256575584411621,7.121480941772461,674,43.08985900878906,0.1657938361167907,0.0002370372531004,0.0004995299386791,0,1,,,,2.3906264305114746,0.8307170271873474,,21.72915463361249
102021493_NEG584908045481892408,B,-584908045481892408,2.0,0.936044991016388,0.0022416312713176,0.0137253981083631,5.421092987060547,0.0482121743261814,4.907923221588135,5.2932658195495605,457,29.663936614990234,0.1061273142695427,0.0032948048319667,0.0005084560834802,0,1,,,,5.4998555183410645,0.4679278433322906,,22.064782858195425
102021493_NEG586398445479765591,A,-586398445479765591,2.0,0.5000132322311401,0.2945138812065124,0.0818385630846023,5.564335346221924,0.0487102605402469,4.843492031097412,5.08503007888794,473,31.39408302307129,0.0502288900315761,0.0021995366550982,0.000470646074973,0,1,,,,5.49981164932251,0.7867655158042908,,22.036466760581625
102021493_NEG587807121477852004,A,-587807121477852004,2.0,0.5960967540740967,0.0814113616943359,0.3584184646606445,41.211463928222656,0.1007872745394706,39.29697799682617,40.94601440429688,1370,53.376121520996094,0.5428248047828674,0.0,0.0092386305332183,2,1,62.09027099609375,44.76289367675781,,2.639223337173462,0.670157790184021,,19.862454895097365
102021495_NEG596705787481338553,B,-596705787481338553,2.0,0.9288005828857422,0.0024080667644739,0.0729561448097229,14.360403060913086,0.0826535820960998,8.450677871704102,11.691170692443848,1256,73.22146606445312,0.3565368950366974,0.0001943951210705,0.0007104780524969,0,1,29.76606559753418,17.480789184570312,,2.891324996948242,1.9418801069259644,,21.007083425883
102021496_NEG603335199478099381,B,-603335199478099381,2.0,0.9742429256439208,0.0021172603592276,0.0139225255697965,5.109528064727783,0.0466126054525375,4.29950475692749,4.84811544418335,409,31.79476547241211,0.2382646352052688,0.0017776534659788,0.0004521679366007,0,1,,,,2.619398355484009,0.6632882952690125,,22.129048027720767
102021497_NEG611694459481354870,B,-611694459481354870,2.0,0.9746509790420532,0.0023316049482673,0.013207484036684,27.41717529296875,0.1054430902004242,23.41056060791016,28.14033889770508,1686,50.17385482788086,0.0916803926229476,5.1254147592771915e-09,0.002496266271919,0,1,80.21913146972656,23.14596176147461,,5.264960289001465,0.9920143485069276,,20.304943228157736
102021497_NEG615658160478755691,A,-615658160478755691,2.0,0.9746509790420532,0.0017934765201061,0.0142922466620802,9.299023628234863,0.0638300701975822,8.3024263381958,8.497527122497559,593,35.57581329345703,0.1183464974164962,0.0007713864324614,0.0004767073842231,0,1,,,,1.0261707305908203,0.6506347060203552,,21.47890662192974
102021498_NEG620710751479897662,B,-620710751479897662,2.0,0.9613052606582642,0.0024443978909403,0.0255742706358432,16.40654945373535,0.0829738080501556,13.524317741394045,17.137651443481445,1290,52.0833625793457,0.2146521210670471,8.717409514247265e-07,0.0005581586738117,512,1,71.9145736694336,22.570066452026367,,4.41733455657959,1.2334338426589966,,20.86245687015451
102021498_NEG622697531480704134,A,-622697531480704134,2.0,0.5681831240653992,0.1876873522996902,0.123606190085411,38.28065872192383,0.1302867829799652,32.497215270996094,33.79326248168945,2336,75.38533020019531,0.2473271936178207,0.0,0.0092799318954348,2,1,57.382625579833984,40.60817337036133,,2.9072787761688232,0.9862964153289796,,19.94255149405909
102021499_NEG628042951482285714,B,-628042951482285714,2.0,0.9742000699043274,0.0024226598907262,0.0139657016843557,23.39878273010254,0.1097919568419456,19.81698036193848,24.07615089416504,1754,60.47818756103516,0.1153470799326896,0.0,0.0081288712099194,2,1,64.41315460205078,36.29805755615234,,3.5475172996521,1.435543179512024,,20.477016838029154
102021499_NEG630283151478334717,A,-630283151478334717,2.0,0.9740793108940125,0.0020470281597226,0.0134720113128423,4.29149341583252,0.0449275895953178,3.840406894683838,4.178391456604004,242,23.34468460083008,0.1342754065990448,0.0025302779395133,0.0054663587361574,2,1,,,,1.2491049766540527,0.4227988123893738,,22.31847887362289
102021499_NEG631323422479949628,A,-631323422479949628,2.0,0.9337749481201172,0.0023830910213291,0.0650021880865097,6.765766143798828,0.0617116726934909,5.167461395263672,6.264164447784424,571,41.95369720458984,0.1141111180186271,0.00010981788364,0.0003984615032095,0,1,,,,5.18561601638794,2.2158360481262207,,21.82420754379137
102021499_NEG632503018480736583,B,-632503018480736583,2.0,0.5879058837890625,0.218093603849411,0.133378729224205,56.80320739746094,0.1649299263954162,44.134552001953125,53.15287399291992,4552,97.55425262451172,0.1474044173955917,0.0,0.0090741757303476,2,1,66.32013702392578,10.747332572937012,,5.492740154266357,5.254306793212891,,19.51406785281351
102021500_NEG636294430480333264,A,-636294430480333264,2.0,0.9746509790420532,0.0022809214424341,0.013207484036684,102.7283172607422,0.2152974903583526,82.92559814453125,93.45404052734376,7231,123.63545989990234,0.2879929542541504,0.0,0.0112700685858726,2,1,11.993030548095703,42.67401885986328,,5.348254203796387,3.1417927742004395,,18.870774564450347
102021500_NEG636862073478549953,B,-636862073478549953,2.0,0.8523802757263184,0.0924379378557205,0.2147069424390792,47.62800979614258,0.2774043679237366,29.944190979003903,36.43501281738281,2601,113.51475524902344,0.3985624611377716,0.0,0.0096338801085948,2,1,18.684555053710938,6.706813812255859,,4.766212463378906,6.315530776977539,,19.705343914298474
102021501_NEG642870048480955813,A,-642870048480955813,2.0,0.9746509790420532,0.0024710115976631,0.0138379279524087,24.878480911254883,0.1040121838450431,18.835376739501957,23.791439056396484,1762,56.79769515991211,0.102412611246109,0.0,0.0107962656766176,2,1,64.64366149902344,34.1431884765625,,4.8062920570373535,1.5031895637512207,,20.41044035336149
102021502_NEG651338380481989567,B,-651338380481989567,2.0,0.8507137894630432,0.283925861120224,0.0944002494215965,64.9989013671875,0.1768755912780761,57.626953125,65.87574768066406,3471,69.4465560913086,0.0763497203588485,0.0,0.0164770558476448,0,1,86.57511901855469,14.764894485473633,,5.49993371963501,1.2923651933670044,,19.367734959708258
102021502_NEG653108030479223468,B,-653108030479223468,2.0,0.9746509790420532,0.0025132740847766,0.013207484036684,27.716442108154297,0.1058504432439804,25.50222396850586,27.773099899291992,1653,64.17752838134766,0.4444918036460876,3.445328999873709e-08,0.0117714377120137,2,1,55.18452453613281,31.3072509765625,,2.789999485015869,0.792838454246521,,20.293156299505426
102021503_NEG655073934479995542,A,-655073934479995542,2.0,0.9746509790420532,0.0020784477237612,0.01344293076545,95.85808563232422,0.2047226577997207,86.44412231445312,95.24703216552734,5180,98.09258270263672,0.2930518686771393,0.0,0.0194359179586172,0,1,70.1867446899414,16.681955337524414,,4.498049259185791,1.6286869049072266,,18.945928121221513
102021503_NEG656130209478570072,B,-656130209478570072,2.0,0.5506027340888977,0.2138199508190155,0.1358162015676498,20.313949584960938,0.1013198792934417,17.195119857788086,21.69656753540039,1445,54.11863708496094,0.1347545981407165,4.170335257680513e-11,0.000573581259232,0,1,46.58372116088867,56.2501335144043,,4.001689910888672,1.513514280319214,,20.630514074280367
102021504_NEG663164014479278882,A,-663164014479278882,2.0,0.9667829871177672,0.0051017981022596,0.0133828362450003,5.477127552032471,0.0546394549310207,4.269464015960693,5.671685695648193,443,32.17277908325195,0.0439445190131664,0.0003965547366533,0.000453767250292,0,1,,,,4.625027656555176,1.450444221496582,,22.053617862622882
102021504_NEG664151473481313012,A,-664151473481313012,2.0,0.9529280066490172,0.0023933870252221,0.0320831984281539,17.393848419189453,0.091743603348732,11.723224639892578,15.729483604431152,1952,106.229736328125,0.4222990274429321,3.567004966953391e-07,0.0656773597002029,2,1,63.54767608642578,6.36046028137207,,1.3993724584579468,4.356170177459717,,20.79901079739256
102021504_NEG664270221479670737,B,-664270221479670737,2.0,0.8778367042541504,0.0023463724646717,0.1211262494325637,4.59929084777832,0.0472885705530643,3.6971240043640137,4.607743263244629,488,36.88038635253906,0.1866631954908371,0.0009024578030221,0.000792242528405,0,1,,,,2.526196241378784,0.9119731187820436,,22.243272814621527
102021504_NEG666846889481107505,A,-666846889481107505,2.0,0.9606935381889344,0.0023350743576884,0.0257763415575027,11.31609058380127,0.0724262818694114,8.93365478515625,9.78355884552002,736,46.79362487792969,0.1420208066701889,0.0011933019850403,0.0247870795428752,2,1,,,,0.9571033120155334,0.9847843647003174,,21.2657589618288
102021504_NEG667954670479292514,B,-667954670479292514,2.0,0.9746509790420532,0.0023399936035275,0.0135543337091803,55.61347579956055,0.154920682311058,47.0759162902832,31.103147506713867,2899,85.45911407470703,0.3339155614376068,0.0,0.0165217816829681,2,1,52.69132232666016,15.646211624145508,,0.6463260650634766,1.5964765548706057,,19.537049902507512
102021504_NEG669028748480810029,B,-669028748480810029,2.0,0.9746509790420532,0.0023343439679592,0.0134864104911684,8.178359985351562,0.0646077767014503,6.233023643493652,8.034541130065918,594,42.654823303222656,0.3833986222743988,0.0003533469280228,0.0005333902663551,0,1,,,,4.883779525756836,1.3589396476745603,,21.618334442753632
102021978_NEG565786336477092595,B,-565786336477092595,2.0,0.889725923538208,0.001866826089099,0.1333339661359787,18.13064193725586,0.0766671597957611,17.573898315429688,15.57050609588623,492,33.158329010009766,0.3622132539749145,0.0018101062159985,0.000573581259232,0,1,,,,0.5799863338470459,0.4423830807209015,,20.753967047280195
102021980_NEG576667803474825283,A,-576667803474825283,2.0,0.5690637230873108,0.5071528553962708,0.3134376108646393,89.83609771728516,0.1911223977804184,79.28472137451172,91.0446548461914,4260,77.43399810791016,0.1915323436260223,0.0,0.0117343114688992,0,1,64.73904418945312,38.6243782043457,,4.584573745727539,1.210570216178894,,19.016372802837587
102021980_NEG577646036477033395,A,-577646036477033395,2.0,0.9606584310531616,0.0023783589713275,0.0155036784708499,10.537328720092772,0.0639885365962982,8.491044998168945,10.32679843902588,787,37.59307861328125,0.1455317735671997,0.001622678246349,0.0082435356453061,2,1,,,,4.816802978515625,0.7324667572975159,,21.343173678966192
102021980_NEG580387113476956642,A,-580387113476956642,2.0,0.4298970699310303,0.0019865995272994,0.6133321523666382,6.312558650970459,0.0550631918013095,5.024880409240723,5.681004524230957,517,52.17075729370117,0.5478011965751648,5.242447878117673e-05,0.0064697805792093,2,1,,,,1.2733806371688845,1.0052093267440796,,21.899486434391324
102021981_NEG583343318473770500,B,-583343318473770500,2.0,0.596947193145752,0.5567193031311035,0.1402565240859985,35.319427490234375,0.109027661383152,31.03032684326172,32.5465087890625,2113,61.78054428100586,0.2366409599781036,0.0,0.0017821455840021,0,1,49.174354553222656,69.1170883178711,,1.621265172958374,0.9612048864364624,,20.029965861819353
102021981_NEG586493481476452509,A,-586493481476452509,2.0,0.9746509790420532,0.0020958858076483,0.013207484036684,47.54545974731445,0.1388748586177826,41.10649108886719,47.42763519287109,3795,96.7046356201172,0.3198618590831756,0.0,0.009496534243226,2,1,7.959348678588867,74.88641357421875,,4.693853855133057,2.316903829574585,,19.707227371939
102021982_NEG590483847476549202,B,-590483847476549202,2.0,0.9746509790420532,0.002186436438933,0.013207484036684,7.697837352752685,0.0529680363833904,6.974056720733643,7.775545597076416,476,28.396434783935547,0.0635678619146347,0.0010988009162247,0.007911030203104,2,1,,,,2.393549680709839,0.4764082431793213,,21.684078173330978
102021982_NEG593574657477168830,B,-593574657477168830,2.0,0.9548470973968506,0.0022338854614645,0.0298751760274171,5.486486434936523,0.0440855845808982,5.163953304290772,5.571222305297852,321,23.241212844848636,0.0300274509936571,0.0019643872510641,0.0007533517200499,0,1,,,,2.8469767570495605,0.329830914735794,,22.05176422558582
102021982_NEG594322234473727139,B,-594322234473727139,2.0,0.9567915201187134,0.0022569661960005,0.0145866516977548,5.984672546386719,0.0533200688660144,5.1958327293396,6.6862640380859375,556,40.36725234985352,0.2057616561651229,0.0002238446468254,0.0007188716554082,0,1,,,,5.499635219573975,2.0622498989105225,,21.957399017984287
102021982_NEG594333174476368664,B,-594333174476368664,2.0,0.8039740920066833,0.0020672879181802,0.2085478901863098,5.351616382598877,0.0497853346168994,4.036569118499756,6.542704582214356,415,39.21907806396485,0.3567943274974823,0.0006313976482488,0.0062732184305787,2,1,,,,2.665893077850342,1.916399955749512,,22.078787563629163
102021982_NEG597271535474325465,B,-597271535474325465,2.0,0.9745421409606934,0.0024785285349935,0.0160241890698671,109.5606689453125,0.2143212109804153,96.62030029296876,111.39781188964844,5597,90.8873062133789,0.1560470908880233,0.0,0.0151884742081165,0,1,88.54319763183594,10.98416805267334,,4.255208492279053,1.588467717170715,,18.80086331183811
102021984_NEG605671540476154903,B,-605671540476154903,2.0,0.8163590431213379,0.0024226522073149,0.1935489475727081,19.431079864501957,0.0879526361823082,15.929683685302734,18.946849822998047,1584,58.10197448730469,0.2410100847482681,4.835777872358449e-06,0.0012789402389898,0,1,65.96440124511719,27.25948715209961,,5.499999046325684,1.2382898330688477,,20.67875765802671
102021984_NEG609678648473892045,A,-609678648473892045,2.0,0.4401549994945526,0.249326542019844,0.2416269779205322,10.84311294555664,0.0712689310312271,9.227907180786133,11.036916732788086,650,32.81385803222656,0.0680185928940773,0.0016781179001554,0.0095215393230319,2,1,,,,3.685499429702759,0.573693573474884,,21.312115046109426
102021984_NEG610367881474644147,A,-610367881474644147,2.0,0.9081944823265076,0.0025271363556385,0.0544047951698303,15.419087409973145,0.0844488590955734,11.885422706604004,14.581445693969728,1196,49.7861328125,0.1230168864130973,1.017253271129448e-05,0.0008789644343778,0,1,,,,5.493381977081299,2.0093672275543213,,20.92985332390677
102021985_NEG615462575476067577,B,-615462575476067577,2.0,0.4463268518447876,0.3625032603740692,0.1083437204360961,9.111135482788086,0.0679219812154769,7.82220458984375,8.721780776977539,721,43.65251541137695,0.1327597051858902,0.0003596327733248,0.001052480074577,0,1,,,,2.4563376903533936,1.0008127689361572,,21.501068738363532
102021986_NEG619535738476339304,A,-619535738476339304,2.0,0.9687058329582214,0.0023602340370416,0.0142448330298066,13.20676612854004,0.0727652385830879,11.334798812866213,14.379996299743652,797,38.6050910949707,0.0630471855401992,0.0018332895124331,0.0117501430213451,2,1,,,,5.1129655838012695,1.472861409187317,,21.098008781941473
102021986_NEG621796804473410288,B,-621796804473410288,2.0,0.9702453017234802,0.0024810854811221,0.0140808969736099,22.60082054138184,0.0968939960002899,19.639972686767575,21.471189498901367,1393,49.422882080078125,0.2061361968517303,6.409989873645827e-05,0.008351782336831,2,1,77.0455551147461,28.4871826171875,,3.295090436935425,0.8923971056938171,,20.514689482869848
102021986_NEG622189376472948583,B,-622189376472948583,2.0,0.9746509790420532,0.0023399936035275,0.0135449115186929,84.5784912109375,0.1665150225162506,69.13402557373047,62.46639633178711,5222,124.49333953857422,0.3332447111606598,0.0,0.0143378498032689,2,1,43.19947052001953,28.827661514282227,,1.8311301469802856,1.900668978691101,,19.08185016616293
102021986_NEG622483671477358161,B,-622483671477358161,2.0,0.9421943426132202,0.0024147816002368,0.0419652722775936,10.659443855285645,0.0691192373633384,7.452454566955566,9.84246826171875,963,52.01084518432617,0.2043348997831344,0.0002736856695264,0.0005753429140895,0,1,,,,5.347438335418701,4.216036796569824,,21.330663633883667
102021986_NEG624049517477067447,B,-624049517477067447,2.0,0.8950448632240295,0.0018248009728267,0.154087021946907,7.454345226287842,0.0587666258215904,6.588625907897949,7.473953723907471,538,36.52627944946289,0.1946357041597366,0.0009807953611016,0.0005628671497106,0,1,,,,3.739555597305298,1.304255723953247,,21.718976245081024
102021987_NEG632575884473969454,A,-632575884473969454,2.0,0.7978569865226746,0.0384340621531009,0.2355140894651413,6.019922256469727,0.0567674860358238,4.235611915588379,5.686894416809082,602,41.11423110961914,0.1134615689516067,0.0003028128994628,0.0004624527646228,0,1,,,,5.491567611694336,2.5225253105163574,,21.951022793368818
102021988_NEG636381546474267847,B,-636381546474267847,2.0,0.9746509790420532,0.0021088982466608,0.013207484036684,12.783154487609863,0.0687523782253265,11.40757179260254,11.434863090515137,960,43.43504333496094,0.1700808703899383,0.0002616693673189,0.0005740787019021,0,1,,,,1.5724830627441406,0.7639206051826477,,21.133404906227625
102021988_NEG637845892475954405,A,-637845892475954405,2.0,0.9665509462356568,0.0024011875502765,0.0192719604820013,14.166479110717772,0.072844348847866,13.001367568969728,12.130584716796877,508,36.911258697509766,0.4454753398895263,0.0005869096494279,0.013229033909738,2,1,,,,1.5432415008544922,0.4556475877761841,,21.021845186094467
102021988_NEG640289253474412348,A,-640289253474412348,2.0,0.7472901940345764,0.0593355521559715,0.2874342203140259,78.7012710571289,0.1603238731622696,72.58075714111328,77.87812042236328,4570,83.47444915771484,0.2736168801784515,0.0,0.012931440025568,0,1,72.23494720458984,17.711711883544922,,5.158144950866699,1.1827460527420044,,19.16004563388507
102021989_NEG644172618476134973,A,-644172618476134973,2.0,0.8178749680519104,0.002134243492037,0.1753259599208831,5.696479797363281,0.054177314043045,4.422707557678223,5.812358856201172,484,38.94392395019531,0.2946420907974243,0.0009311041794717,0.0064557357691228,3,1,,,,3.5527126789093018,1.3302301168441772,,22.010983596280997
102021990_NEG650312660474055399,A,-650312660474055399,2.0,0.9147348999977112,0.0024038928095251,0.0774850025773048,11.923648834228516,0.0779221504926681,8.487018585205078,8.821921348571777,894,50.39197540283203,0.1048020496964454,0.0003111167752649,0.0566702224314212,2,1,,,,1.144477367401123,1.1798521280288696,,21.20897705736222
102021990_NEG651246796473086761,A,-651246796473086761,2.0,0.9746509790420532,0.0022809214424341,0.013207484036684,66.80068969726562,0.1596832126379013,58.05373764038086,42.08126449584961,3793,104.34675598144533,0.4046626389026642,0.0,0.0108477110043168,2,1,40.51185989379883,20.290512084960938,,2.640983819961548,1.0727564096450806,,19.33804763384967
102022474_NEG590266584471556814,A,-590266584471556814,2.0,0.9736501574516296,0.0024485541507601,0.015073805116117,23.82922744750977,0.096574380993843,20.521465301513672,22.319494247436523,1391,51.11634063720703,0.1943398863077163,2.1350795577745885e-05,0.009749979712069,2,1,76.84414672851562,8.590665817260742,,5.5,0.863033652305603,,20.457225093538202
102022474_NEG591186165469192016,A,-591186165469192016,2.0,0.9549638032913208,0.0020798069890588,0.0141769191250205,4.33815336227417,0.0443186983466148,3.965383768081665,3.956998348236084,226,25.03150177001953,0.3157779276371002,0.0023497638758271,0.0005042833508923,0,1,,,,1.832176089286804,0.421005517244339,,22.306737747210686
102022476_NEG601657296470027378,B,-601657296470027378,2.0,0.9644616842269896,0.0024158181622624,0.0179476179182529,34.9365234375,0.1191473603248596,30.60623550415039,34.192752838134766,2779,67.81441497802734,0.1016543209552764,0.0,0.0032450766302645,0,1,62.4267463684082,26.1776123046875,,4.871737003326416,1.1293517351150513,,20.041800785519992
102022477_NEG611759342471748630,B,-611759342471748630,2.0,0.9746509790420532,0.0018586760852485,0.0195672698318958,14.607879638671877,0.0672352164983749,13.095222473144531,13.896041870117188,745,33.94363021850586,0.1091107651591301,0.0011228300863876,0.000573581259232,0,1,,,,2.700024127960205,0.4740990698337555,,20.988532045389032
102022477_NEG612993633468010321,B,-612993633468010321,2.0,0.8337448239326477,0.2876913845539093,0.0787562727928161,34.18748474121094,0.1028496921062469,31.64388656616211,31.38574981689453,1678,58.367435455322266,0.3707599937915802,0.0,0.0006257090135477,0,1,16.533161163330078,49.1952018737793,,5.089069843292236,1.0782413482666016,,20.06533212539924
102022477_NEG613081088467583327,B,-613081088467583327,2.0,0.8799496293067932,0.3537935316562652,0.1359015107154846,77.06063842773438,0.1568794399499893,70.72378540039062,77.40217590332031,3810,83.4639892578125,0.3192631304264068,0.0,0.012330237776041,0,1,78.08264923095703,33.25413513183594,,3.252581119537353,1.266479253768921,,19.18291849322275
102022478_NEG615325075470840323,B,-615325075470840323,2.0,0.929999053478241,0.0024344252888113,0.0653467327356338,4.840968132019043,0.0523820482194423,2.944328546524048,4.517042636871338,370,37.05904769897461,0.2037497162818908,0.001212005270645,0.0089010475203394,2,1,,,,5.410928726196289,2.001795053482056,,22.187669440750508
102022479_NEG621145334471255869,B,-621145334471255869,2.0,0.9746509790420532,0.0021308101713657,0.0136599689722061,15.70290470123291,0.0791522786021232,12.624462127685549,14.69585418701172,1305,55.07769775390625,0.1596605777740478,5.081732524558902e-06,0.000573581259232,0,1,59.09831619262695,20.52597427368164,,5.499636173248291,2.652855396270752,,20.91005001244268
102022479_NEG623150693471748758,B,-623150693471748758,2.0,0.936831533908844,0.0021849835757166,0.0200715251266956,8.428099632263184,0.0540608540177345,7.060910701751709,6.949641227722168,542,32.47808074951172,0.193821981549263,0.0004124280821997,0.0004555172054097,0,1,,,,1.0179898738861084,0.5153141021728516,,21.585675847619985
102022479_NEG623367075470669448,A,-623367075470669448,2.0,0.974389672279358,0.0023831082507967,0.0139215206727385,66.20230865478516,0.1711372882127761,57.05368423461914,56.60277938842773,4228,84.5866470336914,0.0533162355422973,0.0,0.0112700685858726,2,1,31.96104049682617,50.50263977050781,,2.7207553386688232,1.5362894535064695,,19.347817163162407
102022480_NEG630160205470193218,B,-630160205470193218,2.0,0.9746509790420532,0.0030320049263536,0.0136618968099355,35.647708892822266,0.1136928498744964,30.543466567993164,31.16722679138184,2249,66.96705627441406,0.2202255725860595,0.0,0.008515752851963,2,1,60.65989303588867,19.94196319580078,,4.39276123046875,1.8257766962051392,,20.019920943434865
102022481_NEG640261052470604135,B,-640261052470604135,2.0,0.917523980140686,0.0023783589713275,0.0988641828298568,8.48425579071045,0.0570645555853843,7.272686004638672,8.736553192138672,633,34.19541549682617,0.1215415596961975,0.0004558535001706,0.0079014142975211,2,1,,,,3.420947790145874,0.6117924451828003,,21.57846561617739
102022481_NEG641874067471349140,B,-641874067471349140,2.0,0.9704206585884094,0.0017639510333538,0.0228008516132831,6.6315789222717285,0.054333608597517,5.418974876403809,6.68695878982544,593,34.42227935791016,0.0334762372076511,0.0015984184574335,0.0004982065875083,0,1,,,,5.499914646148682,1.2568150758743286,,21.845957643697048
102022482_NEG644534872469264836,A,-644534872469264836,2.0,0.9746509790420532,0.002250044606626,0.0133100692182779,7.544463634490967,0.0573280118405818,5.627299785614014,5.6961164474487305,686,47.667110443115234,0.3201209604740143,0.0007983754039742,0.001096845138818,0,1,,,,5.5,1.1825110912322998,,21.705929076222297
102022482_NEG647287168468367807,B,-647287168468367807,2.0,0.6103829145431519,0.001764501677826,0.401759386062622,4.641551017761231,0.0431915707886219,2.561622381210327,2.469359874725342,423,51.03929138183594,0.5952082276344299,0.0007238807738758,0.0059482431970536,2,1,,,,1.1188256740570068,0.9137945175170898,,22.233342179055747
102022483_NEG650705793470600869,B,-650705793470600869,2.0,0.959149956703186,0.0023783589713275,0.0298279523849487,20.894561767578125,0.0958340913057327,16.666399002075195,19.873903274536133,1832,66.98786163330078,0.1554903239011764,0.0,0.0124832578003406,2,1,69.728515625,13.273681640625,,5.5,3.418262481689453,,20.599916832767562
102022483_NEG653290299470260264,A,-653290299470260264,2.0,0.9204739928245544,0.002178797731176,0.0376869291067123,6.702144622802734,0.0597606152296066,5.96473503112793,7.230599880218506,518,34.5157470703125,0.0911791622638702,0.0011739040492102,0.001573932589963,0,1,,,,5.447049140930176,1.4698749780654907,,21.834465512347244
102022483_NEG653649683470250799,B,-653649683470250799,2.0,0.9746509790420532,0.002220703754574,0.013207484036684,237.1928253173828,0.296475350856781,191.76341247558597,191.46881103515625,13045,181.2279052734375,0.2624451518058777,,0.0165439993143081,2,1,36.50461959838867,21.50957679748535,,3.425898790359497,3.867188215255737,,17.962246129460365
102022484_NEG657584203469449092,A,-657584203469449092,2.0,0.9588606357574464,0.0023783589713275,0.031253233551979,24.169740676879883,0.1032299995422363,18.62836265563965,23.82636070251465,1515,53.78844833374024,0.1334986537694931,0.0,0.0095360176637768,2,1,70.28421783447266,24.002487182617188,,5.499998569488525,1.3960081338882446,,20.441820023050408
102022972_NEG597052478465695317,A,-597052478465695317,2.0,0.8380165696144104,0.2795194089412689,0.1178642064332962,41.00091552734375,0.1087749302387237,37.99040222167969,29.4971923828125,1966,61.09637069702149,0.2938734591007232,0.0,0.0129594216123223,2,1,31.184803009033203,45.92828369140625,,1.1171456575393677,0.9750081300735474,,19.86801611405223
102022973_NEG606454307466806991,A,-606454307466806991,2.0,0.9746509790420532,0.0021431271452456,0.0173186976462602,85.27718353271484,0.1725530624389648,75.98087310791016,86.08213806152344,5665,115.58723449707033,0.4694454669952392,0.0,0.0183531288057565,0,1,65.52409362792969,16.128772735595703,,5.147807121276856,1.740201473236084,,19.072917879037167
102022974_NEG610978759464405134,B,-610978759464405134,2.0,0.9075880646705629,0.5602947473526001,0.0839450359344482,75.45755767822266,0.1508182287216186,69.79686737060547,74.10633850097656,3870,101.07191467285156,0.5708093047142029,0.0,0.0147013375535607,0,1,44.39998245239258,22.398778915405277,,4.641936302185059,1.4240264892578125,,19.205743139105657
102022975_NEG617890913466103850,A,-617890913466103850,2.0,0.8371332287788391,0.2853751182556152,0.1060421839356422,81.47176361083984,0.1893420666456222,70.11624908447266,71.76239776611328,4703,94.05517578125,0.2557926177978515,0.0,0.0128535628318786,2,1,66.09757995605469,15.962249755859377,,3.739793062210083,1.9427947998046875,,19.122482206149684
102022977_NEG631763965463618343,B,-631763965463618343,2.0,0.9665281176567078,0.002025029156357,0.0282709598541259,3.8324167728424072,0.0367893986403942,3.4225640296936035,3.8675954341888423,262,26.806053161621094,0.3291381597518921,0.0032492459286004,0.0046369777992367,2,1,,,,3.2965657711029053,0.487908124923706,,22.44131816945387
102022978_NEG639856435467273842,A,-639856435467273842,2.0,0.9699702858924866,0.0024042637087404,0.0217929519712924,17.109310150146484,0.080908216536045,14.277832984924316,14.914986610412598,1230,62.88348007202149,0.3769654631614685,0.0003446597547736,0.0015962502220645,0,1,32.404052734375,39.01621627807617,,4.19737720489502,1.6614118814468384,,20.81691875230513
102022980_NEG653069109465982282,A,-653069109465982282,2.0,0.9746509790420532,0.0023300142493098,0.013207484036684,35.55450820922852,0.1113480329513549,32.08625793457031,34.52643585205078,2277,56.77207946777344,0.0830761417746543,0.0,0.0086190029978752,2,1,59.341915130615234,21.433130264282227,,4.7974162101745605,0.8479902148246765,,20.02276331038346
102022980_NEG657082285467450951,B,-657082285467450951,2.0,0.5013245344161987,0.0023783589713275,0.5730273127555847,7.308912754058838,0.0579661093652248,5.476121425628662,6.650466442108154,573,36.3903923034668,0.1249835491180419,0.0001236136304214,0.0069985333830118,2,1,,,,5.499993801116943,1.262046217918396,,21.74036805556403
102022980_NEG657553777465731159,A,-657553777465731159,2.0,0.6579011678695679,0.0019984052050858,0.4447153806686401,3.8023273944854736,0.035348854959011,3.063149690628052,3.030182361602783,253,26.99807548522949,0.1924534142017364,0.000279947038507,0.0057673552073538,2,1,,,,0.3000003695487976,0.4938752353191376,,22.449876228738958
102023476_NEG610025395461180513,A,-610025395461180513,2.0,0.7175201177597046,0.0021796824876219,0.2718583345413208,7.389357089996338,0.0669799968600273,5.279715061187744,7.296352386474609,598,51.68562316894531,0.4189721643924713,6.030691110936459e-06,0.01245426107198,2,1,,,,1.665305495262146,1.4957484006881714,,21.728483364233846
102023478_NEG628457640459296313,A,-628457640459296313,2.0,0.5990774631500244,0.0919872894883155,0.2124056220054626,11.493206977844238,0.0672211274504661,9.19687271118164,9.448649406433104,963,49.83547592163086,0.1205132752656936,0.0004406663647387,0.0181207973510026,2,1,,,,2.2866427898406982,1.4044697284698486,,21.24889693035743
102023479_NEG631968882458727056,A,-631968882458727056,2.0,0.9740227460861206,0.0023296212311834,0.0144946444779634,6.042362213134766,0.0652437657117843,4.87313985824585,5.95852518081665,306,25.517616271972656,0.1264557987451553,0.0017904861597344,0.000385755469324,128,1,,,,5.499589443206787,0.5439077615737915,,21.946983110578614
102023479_NEG633382827461467539,A,-633382827461467539,2.0,0.9408170580863952,0.0022700170520693,0.0147191751748323,8.885884284973145,0.0599979050457477,7.037603378295898,8.009442329406738,716,44.079776763916016,0.3266669511795044,0.0009501404711045,0.0074433675035834,2,1,,,,2.37041449546814,0.9911832809448242,,21.528248366474322
102023479_NEG633491501461458871,B,-633491501461458871,2.0,0.9746509790420532,0.0022252441849559,0.013207484036684,79.0197982788086,0.1774496287107467,68.06731414794922,81.81278228759766,6016,126.72018432617188,0.4110831916332245,0.0,0.0188409816473722,0,1,73.41526794433594,22.254249572753903,,5.5,3.086311817169189,,19.155660208292723
102023480_NEG640021734460830824,B,-640021734460830824,2.0,0.97303706407547,0.0023356517776846,0.0167768914252519,8.549908638000488,0.0564999133348465,7.510498523712158,7.322319030761719,621,33.88802719116211,0.0397459752857685,0.0001928087585838,0.0007787360809743,0,1,,,,0.566229522228241,0.5394018888473511,,21.570096314999518
102023480_NEG640270096460844048,B,-640270096460844048,2.0,0.9509354829788208,0.0023783589713275,0.0356348976492881,16.614526748657227,0.0810318663716316,13.50617790222168,15.1202392578125,1365,57.01918029785156,0.2584935128688812,5.239841811999213e-06,0.0130231101065874,2,1,70.22891998291016,20.898122787475582,,3.978409767150879,1.4027217626571655,,20.84878006183947
102023480_NEG642201006461096820,B,-642201006461096820,2.0,0.9256621599197388,0.0023784092627465,0.1062866523861885,21.341533660888672,0.0902415141463279,17.561914443969727,21.468250274658203,1672,55.74594879150391,0.1749541908502578,1.195440830770167e-07,0.0016973399324342,0,1,88.90045166015625,10.924846649169922,,5.000913143157959,1.293262243270874,,20.576935935506608
102023481_NEG647245161459048846,A,-647245161459048846,2.0,0.9101040959358216,0.0023668841458857,0.0807848945260047,6.889768600463867,0.062846265733242,5.773733615875244,6.634626865386963,381,33.67147445678711,0.3598268330097198,0.0001907747791847,0.0005361613002605,512,1,,,,2.8726279735565186,0.6456689834594727,,21.804488410118182
102023482_NEG655179432459165110,B,-655179432459165110,2.0,0.8211877346038818,0.2773786187171936,0.0904733091592788,45.90074157714844,0.127887025475502,44.07537460327149,43.50754928588867,1493,52.66460418701172,0.4035030007362366,0.0,0.0094769662246108,0,1,74.4410629272461,21.02838516235352,,4.438848495483398,0.6488316655158997,,19.74545074474825
102023482_NEG657383017460972594,B,-657383017460972594,2.0,0.9743893146514891,0.0025412398390471,0.0140616837888956,7.560882091522217,0.0590426996350288,6.48618745803833,7.783364295959473,526,34.83831024169922,0.2527239918708801,0.0001679336564848,0.0061852191574871,514,1,,,,2.83315658569336,0.6437135934829712,,21.703568836269046
102023984_NEG627804838454213106,A,-627804838454213106,2.0,0.7983561158180237,0.0464458428323268,0.1023355275392532,8.41650676727295,0.0540033839643001,7.569188594818115,8.484583854675293,546,31.20106506347656,0.0890038236975669,0.001069133519195,0.0014117807149887,0,1,,,,3.7746896743774414,0.6789619326591492,,21.5871703076181
102023984_NEG628683592457046709,A,-628683592457046709,2.0,0.742607593536377,0.0266991797834634,0.2274934649467468,67.72831726074219,0.1742086261510849,57.67726135253906,57.958492279052734,4886,101.18563842773438,0.079812578856945,0.0,0.0134299583733081,2,1,36.74694442749024,6.81180477142334,,2.0324044227600098,2.7755496501922607,,19.323074286233343
102023984_NEG631043463457052623,B,-631043463457052623,2.0,0.6339677572250366,0.0022554744500666,0.3144472539424896,17.790325164794922,0.0943049192428588,15.205364227294922,16.119686126708984,1389,102.41333770751952,0.6872649788856506,2.890497853513807e-06,0.0128102796152234,2,1,5.802670955657959,30.935287475585938,,1.6694464683532717,1.9025568962097168,,20.77454028493555
102023986_NEG643189719456460589,B,-643189719456460589,2.0,0.9442136883735656,0.0024048273917287,0.0143367778509855,8.132149696350098,0.057711761444807,6.6813507080078125,8.25374698638916,709,37.93456268310547,0.0377434492111206,0.0002810506848618,0.001045437878929,0,1,,,,3.2369160652160645,0.8656208515167236,,21.6244865887039
102041656_NEG523359673301396466,B,-523359673301396466,2.0,0.9473982453346252,0.0019037848105654,0.0257294792681932,3.915214776992798,0.0477435179054737,3.606623649597168,3.594176769256592,278,31.85982322692871,0.2917790710926056,0.0002758434275165,0.0061710006557404,2,1,,,,0.3000219464302063,0.6138840317726135,,22.418111022134934
102041657_NEG527330118300603942,B,-527330118300603942,2.0,0.913365602493286,0.0024756949860602,0.1168422251939773,15.954975128173828,0.0824113190174102,13.780487060546877,13.62529468536377,1029,64.15923309326172,0.3896434009075165,2.9243283279356547e-06,0.0121951829642057,2,1,,,,2.459834098815918,1.347800612449646,,20.892759671202857
102041657_NEG527925237298894414,A,-527925237298894414,2.0,0.9735463261604308,0.0025465947110205,0.0149965770542621,9.432467460632324,0.0559072569012641,8.344156265258789,9.704280853271484,472,29.99246406555176,0.1985760033130645,0.0001876218011602,0.0080110859125852,514,1,,,,3.2894506454467773,0.550279974937439,,21.463436710796397
102041657_NEG528301123298298693,A,-528301123298298693,2.0,0.9329681992530824,0.0020788859110325,0.0152417039498686,6.6156158447265625,0.0536004193127155,5.506069660186768,5.808906078338623,514,43.78396987915039,0.3577862977981567,0.0002323953085578,0.0061990995891392,514,1,,,,1.5358372926712036,0.7353708744049072,,21.848574303287837
102041657_NEG529209996299100136,A,-529209996299100136,2.0,0.9739872813224792,0.0024995142593979,0.0143587402999401,39.14692306518555,0.1250264942646026,32.433837890625,39.32876586914063,2848,71.40690612792969,0.1290273070335388,0.0,0.0095340311527252,0,1,79.4730453491211,18.63716697692871,,4.153914928436279,1.5220842361450195,,19.918255919157232
102042282_NEG517070963297124785,B,-517070963297124785,2.0,0.9746509790420532,0.0023519988171756,0.013207484036684,156.9653778076172,0.2356076389551162,136.70758056640625,146.60719299316406,9552,127.96736145019533,0.1188269406557083,0.0,0.0145670371130108,2,1,73.93242645263672,11.472742080688477,,2.4787843227386475,1.92925488948822,,18.410490325748697
102042283_NEG518770667295125494,A,-518770667295125494,2.0,0.9746509790420532,0.0024450721684843,0.0132512459531426,33.125240325927734,0.092326633632183,31.78437614440918,34.24284744262695,1102,56.22010803222656,0.5926820635795593,5.8073524655810616e-08,0.0035389075055718,0,1,0.0,0.0,,4.340975761413574,0.8322269320487976,,20.09960240551741
102042283_NEG520608563295081214,B,-520608563295081214,2.0,0.9656023979187012,0.0024431906640529,0.0136003950610756,36.72282791137695,0.1108577102422714,33.81230926513672,34.7304573059082,1312,48.9498291015625,0.3999952375888824,1.914355152621283e-06,0.004552261903882,0,1,43.358211517333984,49.909889221191406,,4.667039394378662,0.7086102962493896,,19.98765970627113
102042283_NEG521070591294671601,B,-521070591294671601,2.0,0.9729211926460266,0.0021944572217762,0.01607096940279,10.314849853515623,0.0645311325788497,9.0338773727417,8.91800594329834,717,49.42020797729492,0.4204592704772949,0.0009531561518087,0.0096033718436956,2,1,,,,2.435521125793457,0.7466119527816772,,21.366342723459802
102042284_NEG523902104295926900,B,-523902104295926900,2.0,0.9665472507476808,0.0024250524584203,0.018531572073698,77.48078155517578,0.1776050478219986,63.73347854614258,67.70214080810547,5591,110.49293518066406,0.216715008020401,0.0,0.0215226337313652,0,1,79.13068389892578,12.093131065368652,,3.136176586151123,2.9389443397521973,,19.177015017914446
102042284_NEG526888815294982643,A,-526888815294982643,2.0,0.9604967832565308,0.0024804710410535,0.0359730497002601,31.716537475585938,0.1229464262723922,26.2200870513916,26.927658081054688,1902,63.08591079711914,0.1143777891993522,0.0,0.0126104084774851,2,1,60.07608795166016,12.708331108093262,,2.0479977130889893,1.3297357559204102,,20.146785577765552
102042284_NEG528356577292866317,B,-528356577292866317,2.0,0.9744855761528016,0.0022390771191567,0.0138085260987281,24.0528564453125,0.0967730730772018,22.89312744140625,23.73539161682129,865,50.74636459350586,0.5409677624702454,2.8581438527908176e-05,0.000573581259232,0,1,,,,3.2694854736328125,0.7397639751434326,,20.447083351783288
102042287_NEG540365671293205439,B,-540365671293205439,2.0,0.8904756903648376,0.0018318401416763,0.1934856921434402,6.45767879486084,0.0555257126688957,5.849405765533447,5.546170711517334,365,35.53451919555664,0.3429811000823974,0.001040167058818,0.0127314506098628,2,1,,,,0.3871066272258758,0.6600975394248962,,21.874808901505855
102042287_NEG543727111293847771,B,-543727111293847771,2.0,0.9746509790420532,0.0023462402168661,0.013207484036684,18.61299133300781,0.0808503180742263,15.85055160522461,18.177515029907227,1171,53.33896255493164,0.3457688689231872,0.0,0.0018485013861209,0,1,,,,2.811513900756836,0.9721306562423706,,20.7254595621998
102042913_NEG515596854290228591,B,-515596854290228591,2.0,0.9597836136817932,0.0023978401441127,0.0328094288706779,21.84701538085937,0.0950623080134391,18.506948471069336,21.90584373474121,1669,51.28768157958984,0.0490129403769969,2.1933828975306824e-05,0.002487504389137,0,1,83.49224853515625,13.305912017822266,,5.499681949615479,1.1527665853500366,,20.551519713914608
102042913_NEG515847139291141021,A,-515847139291141021,2.0,0.9746509790420532,0.0023860351648181,0.0133784115314483,7.308981895446777,0.0621614009141922,6.3872971534729,7.660090923309326,460,34.23564529418945,0.3137849867343902,0.0010727606713771,0.0005008339649066,0,1,,,,5.269385814666748,0.9158982038497924,,21.740357784685777
102042913_NEG516249178292373011,B,-516249178292373011,2.0,0.5379285216331482,0.0019653546623885,0.4506987035274505,4.783181190490723,0.0526908487081527,4.056065559387207,3.7463459968566895,498,54.76382064819336,0.5172358155250549,0.0002680903999134,0.0086283795535564,2,1,,,,0.5205481648445129,0.7598893046379089,,22.200707918539376
102042913_NEG518198793288220397,B,-518198793288220397,2.0,0.8598466515541077,0.0023797419853508,0.1299503445625305,9.102091789245604,0.089040994644165,7.682538509368896,8.168817520141602,575,57.2436408996582,0.530049741268158,0.0005320947384461,0.0010753428796306,0,1,,,,2.348001718521118,1.191571593284607,,21.502146973007413
102042913_NEG520471782290867053,A,-520471782290867053,2.0,0.925671935081482,0.0023789443075656,0.0725568234920501,3.7780840396881104,0.0429617576301097,2.892176628112793,3.887392282485962,360,39.0186767578125,0.3982042968273163,0.0022425418719649,0.0048518842086195,2,1,,,,4.349099159240723,1.7491010427474976,,22.456820964654522
102042914_NEG520791097292457766,A,-520791097292457766,2.0,0.8262075185775757,0.0250647254288196,0.0786442011594772,7.671005249023437,0.0597642697393894,4.184679985046387,2.7795982360839844,485,44.04579162597656,0.1202050969004631,5.429678640211933e-05,0.0294306930154562,2,1,,,,2.8577511310577397,1.3448121547698977,,21.687869300200205
102042914_NEG522625262291125533,A,-522625262291125533,2.0,0.9735875725746156,0.0023933460470288,0.0152583550661802,12.048624992370604,0.0655895918607711,11.18188762664795,11.352561950683594,503,38.53139877319336,0.4275955557823181,0.0018910153303295,0.0005439111846499,0,1,,,,1.942950129508972,0.6562433838844299,,21.197656281540006
102042914_NEG523479785291521247,A,-523479785291521247,2.0,0.5531720519065857,0.2491252124309539,0.0985879525542259,17.317462921142578,0.0981605350971221,13.22587776184082,16.621782302856445,1267,58.39567184448242,0.2002286911010742,9.942419154640449e-08,0.0015310409944504,0,1,63.86725234985352,39.19571685791016,,2.799091100692749,1.249932050704956,,20.80378933392254
102042915_NEG527574180288799276,A,-527574180288799276,2.0,0.9330365061759948,0.0019897788297384,0.0342555977404117,9.381662368774414,0.0563021637499332,7.895884037017822,8.26953411102295,501,37.56028747558594,0.3617209792137146,0.0010333285899832,0.0084624839946627,2,1,,,,1.134141206741333,0.5668588876724243,,21.469300501701916
102042915_NEG528545016288651034,B,-528545016288651034,2.0,0.6829156279563904,0.2795073986053467,0.6997435092926025,112.89716339111328,0.1829562932252884,112.32223510742188,73.32105255126953,253,32.54888153076172,0.7749533653259277,0.0,0.0089005725458264,2,1,0.0,0.0,,0.3000000119209289,0.495488554239273,,18.768292424617673
102042915_NEG529823788292531675,B,-529823788292531675,2.0,0.9436668157577516,0.0023783589713275,0.0468958839774131,3.819298028945923,0.0418628416955471,3.2858309745788574,3.869258403778076,292,24.37504768371582,0.1475695222616195,0.0024447592440992,0.0003376771055627,0,1,,,,2.8804919719696045,0.4008693695068359,,22.445041128172114
102042915_NEG531310919292142818,B,-531310919292142818,2.0,0.8416944146156311,0.0549913421273231,0.0563084073364734,47.08742141723633,0.1344904899597168,38.40283584594727,46.22639846801758,3234,78.73193359375,0.2382786124944687,0.0,0.0090741757303476,2,1,40.36745071411133,14.04006576538086,,5.499999523162842,2.962850332260132,,19.717737728922266
102042916_NEG533251142291509670,A,-533251142291509670,2.0,0.9746509790420532,0.0023180919233709,0.0134902354329824,24.923044204711918,0.0917512997984886,21.59041404724121,24.13901138305664,1417,50.90999221801758,0.1587852984666824,1.2292075552977622e-06,0.0081288712099194,2,1,77.86614990234375,12.428991317749023,,3.744949579238892,1.2809244394302368,,20.408497280577652
102042917_NEG539279061291936993,A,-539279061291936993,2.0,0.9746599197387696,0.0024843006394803,0.0132881272584199,17.68874740600586,0.085567221045494,13.742682456970217,18.27402687072754,1341,52.95931625366211,0.1200086176395416,1.8509714649894704e-08,0.0012931876117363,0,1,50.20076751708984,53.10107421875,,5.005573272705078,2.004905939102173,,20.780757299285927
102042917_NEG540132584291926297,A,-540132584291926297,2.0,0.9746851325035096,0.0018275059992447,0.0133600179105997,11.676552772521973,0.071181796491146,10.964871406555176,10.356547355651855,512,33.858421325683594,0.16635362803936,4.365135100670159e-05,0.0005404094117693,0,1,,,,0.3000005483627319,0.632807195186615,,21.231713383821752
102042917_NEG540926519290733004,B,-540926519290733004,2.0,0.9269946217536926,0.0023558668326586,0.0442553237080574,4.10465669631958,0.0466881394386291,3.6984245777130127,4.37318754196167,259,26.788204193115234,0.3449959456920624,0.0026904251426458,0.0055864206515252,2,1,,,,3.0890538692474365,0.4519638121128082,,22.3668079009465
102042918_NEG544805259289548872,A,-544805259289548872,2.0,0.9746509790420532,0.0022837771102786,0.0136146554723382,76.32788848876953,0.188510924577713,63.67915725708008,70.77174377441406,4585,100.33206939697266,0.2935782968997955,0.0,0.0202857013791799,0,1,81.07550048828125,16.14788055419922,,3.816237449645996,1.885876536369324,,19.193291879102986
102042919_NEG549525883291619345,A,-549525883291619345,2.0,0.9746509790420532,0.001820167992264,0.0145680466666817,12.290502548217772,0.0779187157750129,10.544389724731444,10.218775749206545,892,49.51755905151367,0.1106824353337287,1.0175589522987138e-05,0.0005661338800564,0,1,,,,0.3159558176994324,1.0206485986709597,,21.1760758970443
102042919_NEG549725555290756868,A,-549725555290756868,2.0,0.9746509790420532,0.0018354895291849,0.0215484779328107,32.66654968261719,0.1303463280200958,29.00038146972656,21.001768112182617,2010,86.14126586914062,0.3872313201427459,0.0,0.0092869894579052,2,1,13.05712890625,31.46466064453125,,1.001653790473938,1.3761544227600098,,20.11474183575298
102042919_NEG550105155291238806,B,-550105155291238806,2.0,0.9733937978744508,0.0021354989148676,0.0155995162203907,25.33073234558105,0.0873154327273368,23.53148078918457,24.64700126647949,1126,49.80307769775391,0.3033455312252044,1.3910468332767323e-09,0.0017821455840021,0,1,0.0,0.0,,1.6628875732421875,0.8990267515182495,,20.390880634974184
102042919_NEG550298555288445169,B,-550298555288445169,2.0,0.9746509790420532,0.0022242607083171,0.013207484036684,180.4711151123047,0.3324944674968719,131.57257080078125,103.94464111328124,8699,176.0614776611328,0.4389201402664184,0.0,0.0145425964146852,2,1,53.762149810791016,19.20504379272461,,1.859540104866028,2.600990056991577,,18.258980745492444
102042919_NEG550683279289700727,A,-550683279289700727,2.0,0.7944942712783813,0.0018925522454082,0.2886699438095093,8.264996528625488,0.0612690113484859,6.947521686553955,8.876611709594727,556,40.36226272583008,0.089706189930439,0.0001758861035341,0.0004846026131417,0,1,,,,5.33067512512207,4.366252899169922,,21.606893311250424
102043546_NEG516559001286493665,B,-516559001286493665,2.0,0.9686222076416016,0.0025216329377144,0.0143177667632699,22.55670928955078,0.0972320586442947,18.80478286743164,21.59802627563477,1499,61.75421905517578,0.4231584668159485,1.9843137977204608e-07,0.0112808309495449,3,1,68.56259155273438,20.09391212463379,,4.71251106262207,1.053714394569397,,20.51681064399459
102043549_NEG530257443283430270,A,-530257443283430270,2.0,0.9746509790420532,0.0018014912493526,0.0214352328330278,6.659138202667236,0.050193402916193,5.43692684173584,6.601290225982666,315,23.02837181091309,0.023750627413392,0.0014466346474364,0.0064627244137227,514,1,,,,2.8407204151153564,0.4201255142688751,,21.84145492934285
102043551_NEG542774461286906112,B,-542774461286906112,2.0,0.7731595039367676,0.0972993224859237,0.1687146723270416,43.96158599853516,0.1256707906723022,39.30149841308594,44.50270462036133,2470,59.69931411743164,0.0787973925471305,0.0,0.0091896494850516,2,1,88.79434967041016,14.984521865844728,,4.456802368164063,0.889467179775238,,19.792316619898706
102043551_NEG544735665285502399,B,-544735665285502399,2.0,0.9746509790420532,0.0023222516756504,0.013533248566091,43.424407958984375,0.1559504270553589,30.87177848815918,36.5305061340332,3319,101.28234100341795,0.2529093623161316,0.0,0.0108968177810311,2,1,46.157493591308594,8.43379020690918,,4.322792530059815,4.675951957702637,,19.805665234844582
102043551_NEG546245791286829440,A,-546245791286829440,2.0,0.9424664974212646,0.0024393862113356,0.0517810061573982,7.834243297576904,0.0583359524607658,6.991034984588623,8.283003807067871,444,28.95989418029785,0.1214804947376251,0.0011690271785482,0.0066465032286942,2,1,,,,2.743968963623047,0.509800136089325,,21.66500736319505
102043552_NEG547756940286644821,A,-547756940286644821,2.0,0.9746509790420532,0.0022329841740429,0.013207484036684,256.3616027832031,0.319061666727066,214.3387908935547,242.04513549804688,18166,183.62762451171875,0.1186798214912414,,0.0176782179623842,2,1,63.28855895996094,7.220931053161621,,2.9120161533355717,3.7599709033966064,,17.877867554631642
102043552_NEG548209510282510524,A,-548209510282510524,2.0,0.954474925994873,0.0017925647553056,0.0416419990360736,9.191119194030762,0.075327418744564,8.461211204528809,7.960335731506348,428,30.541183471679688,0.0948179066181182,0.0002495574590284,0.0004428248503245,0,1,,,,0.6974585652351379,0.5763307809829712,,21.491579004397337
102044182_NEG510181483277803809,B,-510181483277803809,2.0,0.9665147066116332,0.003088611876592,0.0214936174452304,56.78017044067383,0.1513881832361221,43.55835723876953,49.0965461730957,4005,102.16592407226562,0.3421889543533325,0.0,0.0180151406675577,0,1,56.478851318359375,22.085309982299805,,3.074869394302368,2.749518394470215,,19.514508270396615
102044182_NEG512061540278527911,A,-512061540278527911,2.0,0.9476360082626344,0.0023783589713275,0.0338970199227333,12.074727058410645,0.0719783753156662,9.443986892700195,11.190691947937012,907,47.41307067871094,0.2472856342792511,0.0014292871346697,0.0101391077041625,2,1,,,,5.499935150146484,1.3026578426361084,,21.195306693545856
102044183_NEG515787441281897369,A,-515787441281897369,2.0,0.9739221334457396,0.0019236917141824,0.0150052644312381,20.307300567626957,0.0988529548048973,14.623183250427246,20.382625579833984,1915,67.70599365234375,0.1592483669519424,0.0,0.0132921263575553,2,1,14.59560775756836,66.91896057128906,,5.306750774383545,3.676902532577514,,20.630869507896165
102044185_NEG527087067278561642,B,-527087067278561642,2.0,0.7123646140098572,0.1441413313150406,0.2932508885860443,4.155773639678955,0.0540052466094493,2.887166738510132,2.924762487411499,440,41.94747924804688,0.1907126605510711,0.0009540794417262,0.0050609032623469,0,1,,,,0.3000016212463379,0.922918975353241,,22.353370290007817
102044185_NEG528176967277992842,B,-528176967277992842,2.0,0.9746509790420532,0.0022301815915852,0.0183029994368553,37.37293243408203,0.1152078881859779,34.891483306884766,38.54326629638672,1491,43.98158645629883,0.1488095819950103,0.0,0.009192100726068,2,1,79.43203735351562,16.57465171813965,,4.394246578216553,0.5753951072692871,,19.968607060702674
102044185_NEG529514172281460834,A,-529514172281460834,2.0,0.9323387742042542,0.0020406614057719,0.0304517894983291,4.478960514068604,0.0497918650507926,3.803760766983032,3.936945676803589,363,30.87076759338379,0.1269623935222625,0.0013885499211028,0.0015709672588855,0,1,,,,0.9482302069664,0.5845422148704529,,22.27205691555478
102044186_NEG535621262280129063,A,-535621262280129063,2.0,0.8212440013885498,0.0045154667459428,0.200938194990158,95.67958068847656,0.1937904953956604,86.7079086303711,90.76709747314452,3982,71.232177734375,0.077191986143589,0.0,0.0119063286110758,2,1,37.56923675537109,24.370248794555664,,2.8777644634246826,1.0580178499221802,,18.947951841569548
102044186_NEG536764250280439031,B,-536764250280439031,2.0,0.9368075132369996,0.0023159456904977,0.0140098575502634,6.976680278778076,0.0645788758993148,6.151510715484619,6.550214767456055,600,38.61447143554688,0.1473829895257949,0.0012055123224854,0.0005078363465145,0,1,,,,5.499334812164307,0.9149675369262696,,21.790877947584388
102044186_NEG537484692277631702,B,-537484692277631702,2.0,0.9105793833732604,0.0024654592853039,0.0570095516741275,5.86733341217041,0.0524496175348758,5.238037109375,5.561269760131836,362,31.12721061706543,0.2049829810857772,0.0013065438251942,0.000554685248062,0,1,,,,1.1848927736282349,0.5692830085754395,,21.978898080570634
102044187_NEG538533000282255459,B,-538533000282255459,2.0,0.9746509790420532,0.0019202132243663,0.013207484036684,18.044158935546875,0.0829927250742912,16.17613983154297,15.885751724243164,1119,49.10803985595703,0.1738162636756897,0.0,0.000573581259232,0,1,,,,0.900851547718048,0.7236965298652649,,20.759158390573063
102044187_NEG538575988280255664,A,-538575988280255664,2.0,0.956093966960907,0.0023783589713275,0.0155007131397724,16.312400817871094,0.0927443206310272,12.851804733276367,17.150957107543945,1344,62.19093704223633,0.2580274045467376,1.9012164784726335e-06,0.0005581586738117,0,1,49.28276824951172,37.1633186340332,,4.92598295211792,3.0364325046539307,,20.868705289732
102044187_NEG542891812279697972,B,-542891812279697972,2.0,0.9746509790420532,0.0017948048189282,0.013207484036684,22.12064552307129,0.0932692512869834,19.300508499145508,20.922866821289062,1513,52.3451042175293,0.1208779364824295,0.0,0.000573581259232,0,1,27.66166114807129,67.57750701904297,,2.229551315307617,0.8332056999206543,,20.538005509080957
102044188_NEG548070624278595332,A,-548070624278595332,2.0,0.9732389450073242,0.002206839621067,0.0167078636586666,38.49230194091797,0.1094138026237487,36.58198165893555,37.06525802612305,1175,48.72342300415039,0.5419746041297913,0.0,0.0041722259484231,0,1,0.0,0.0,,2.5812132358551025,0.569839596748352,,19.936565290440658
102044821_NEG508798294276486404,A,-508798294276486404,2.0,0.974415361881256,0.0023462402168661,0.0139745902270078,126.40508270263672,0.2366958111524582,100.2779312133789,114.71282958984376,10420,160.94815063476562,0.2840624749660492,0.0,0.0139808654785156,2,1,58.00452423095703,6.220210552215576,,4.066606998443604,3.342915773391724,,18.645588657196413
102044821_NEG509449559274572380,A,-509449559274572380,2.0,0.9180712699890136,0.0023081209510564,0.0459479466080665,19.34413146972656,0.0962283685803413,16.166501998901367,18.96919822692871,1240,52.03112030029297,0.0616910606622695,0.0,0.000573581259232,0,1,37.535762786865234,63.7981071472168,,1.763068675994873,1.1487905979156494,,20.68362691212653
102044823_NEG519633334274259646,A,-519633334274259646,2.0,0.9679218530654908,0.0023023434914648,0.0134824020788073,23.425249099731445,0.103444792330265,19.609622955322266,22.490198135375977,1433,55.31086349487305,0.2408604174852371,0.0,0.0112145124003291,2,1,28.21985626220703,67.03085327148438,,2.736597776412964,1.060403823852539,,20.475789455522698
102044823_NEG523091195273907574,B,-523091195273907574,2.0,0.9527316689491272,0.0023832404986023,0.0276616215705871,5.0475850105285645,0.0479417964816093,4.196263790130615,4.879459381103516,438,35.83682632446289,0.3204409480094909,0.0018808015156537,0.0007866320083849,0,1,,,,4.354722499847412,0.8538593649864197,,22.14229089503086
102044824_NEG525230483273308137,B,-525230483273308137,2.0,0.7930006980895996,0.0023853273596614,0.235271006822586,4.0477705001831055,0.0533268749713897,3.4579501152038574,4.0374298095703125,485,40.39692306518555,0.2585062086582184,0.0015098428120836,0.0017636753618717,0,1,,,,1.612154841423035,0.9754718542099,,22.381960297565882
102044824_NEG528789191276364582,A,-528789191276364582,2.0,0.8779860734939575,0.0021502424497157,0.1089800000190734,7.338489532470703,0.0630665048956871,4.4693803787231445,6.427425861358643,486,45.40650177001953,0.3894497454166412,0.0002925890730693,0.0123590417206287,2,1,,,,3.195127487182617,2.3447587490081787,,21.73598330225982
102044825_NEG534081174272937149,A,-534081174272937149,2.0,0.9746509790420532,0.002449509454891,0.013207484036684,31.676244735717773,0.1036488488316536,28.59303092956543,31.77141761779785,1721,56.9930419921875,0.337864339351654,7.074291819009204e-09,0.0025554213207215,0,1,50.88706588745117,36.429195404052734,,5.499999046325684,0.9857017397880554,,20.148165775662818
102044826_NEG537893681272621987,A,-537893681272621987,2.0,0.9746509790420532,0.0023384420201182,0.0133065748959779,130.56695556640625,0.2503758370876312,107.3608169555664,122.2395248413086,7600,139.05343627929688,0.324523776769638,0.0,0.0131808659061789,2,1,73.37783813476562,10.036702156066896,,3.932991981506348,3.1126089096069336,,18.610416805566253
102044827_NEG542909292272696454,B,-542909292272696454,2.0,0.9734885096549988,0.0024875444360077,0.0146542387083172,26.5994873046875,0.102788046002388,22.002967834472656,26.896883010864254,1816,60.86783599853516,0.1577820181846618,2.158869527590923e-09,0.0131955500692129,2,1,71.0690689086914,12.980283737182615,,5.498872756958008,2.5307037830352783,,20.337816835385766
102044827_NEG544423614276266111,B,-544423614276266111,2.0,0.9258360266685486,0.0022990489378571,0.0353845804929733,4.127796173095703,0.0482604913413524,3.3994669914245605,3.117008924484253,356,42.41674041748047,0.4761748015880584,0.0019985663238912,0.028718302026391,2,1,,,,1.4508728981018066,0.9127987623214722,,22.360704389816757
102045463_NEG510020362271915172,B,-510020362271915172,2.0,0.9732128977775574,0.0024882478173822,0.0161857567727565,44.11874008178711,0.1450078040361404,34.285888671875,31.30344581604004,2883,98.69110107421876,0.3625105917453766,0.0,0.0396354421973228,2,1,50.03127670288086,20.19806289672852,,0.9163583517074584,2.2366738319396973,,19.78844224598195
102045463_NEG510363299272415391,A,-510363299272415391,2.0,0.8042065501213074,0.0020378220360726,0.1503919214010238,35.423133850097656,0.1327985972166061,21.66181755065918,38.12176513671875,2281,74.95325469970703,0.1460136622190475,0.0,0.0126829277724027,2,1,34.37664794921875,33.20856857299805,,5.5,6.806483745574951,,20.02678254959277
102045464_NEG512422645270221464,B,-512422645270221464,2.0,0.9659867882728576,0.0024558901786804,0.024213159456849,46.35843276977539,0.1597013026475906,36.67138671875,45.4336166381836,3254,84.6407241821289,0.2083230018615722,0.0,0.020984249189496,0,1,89.45175170898438,10.138313293457031,,5.049080848693848,2.364075899124145,,19.734678136416456
102045464_NEG514418387268262939,B,-514418387268262939,2.0,0.902620792388916,0.0022891866974532,0.0992191135883331,4.653906345367432,0.0483380854129791,3.7433512210845943,4.48946475982666,453,36.863731384277344,0.2690457105636596,0.002131360117346,0.0009201712673529,0,1,,,,3.650383710861206,1.160011649131775,,22.23045590162375
102045464_NEG515803462270682480,B,-515803462270682480,2.0,0.9688451886177064,0.0021698498167097,0.01419891230762,8.945406913757324,0.0559605807065963,7.772218227386475,8.044783592224121,489,29.25601959228516,0.2589249312877655,0.0002464989083819,0.000561335356906,0,1,,,,3.3201284408569336,0.3592861294746399,,21.52099974803219
102045466_NEG522784531269221616,A,-522784531269221616,2.0,0.9708215594291688,0.0021563051268458,0.0143166678026318,9.627571105957031,0.0680347681045532,8.329214096069336,9.737122535705566,667,40.2293586730957,0.2587827444076538,0.0010775285772979,0.0005565403262153,0,1,,,,3.1681575775146484,0.7977086305618286,,21.44120816285611
102045466_NEG526398502270513535,A,-526398502270513535,2.0,0.6896613836288452,0.0023362014908343,0.333242654800415,8.338768005371094,0.0653309673070907,7.705816745758057,8.668639183044434,586,54.92421340942383,0.5938207507133484,0.0005173845565877,0.0014805572573095,0,1,,,,3.778997659683228,1.4826743602752686,,21.597245271484773
102045466_NEG526735767268568130,B,-526735767268568130,2.0,0.9117755889892578,0.0020008624996989,0.0270064566284418,4.993767261505127,0.0517660975456237,3.4404354095458984,3.81110429763794,535,43.59122467041016,0.2994998097419739,0.0002554085222072,0.006048287730664,2,1,,,,1.4628729820251465,1.1129766702651978,,22.153929255381883
102045467_NEG529760884271850076,B,-529760884271850076,2.0,0.9203404784202576,0.0022792164236307,0.0405181311070919,9.795376777648926,0.0719222053885459,7.101980209350586,10.21967887878418,815,59.58162307739258,0.4147477447986603,0.0007288846536539,0.0066840099170804,2,1,,,,5.499897480010986,2.7285714149475098,,21.422447135695126
102045468_NEG534525411271636586,A,-534525411271636586,2.0,0.5673428177833557,0.0021080488804727,0.407736599445343,4.7460222244262695,0.0531007274985313,4.307976722717285,4.011052131652832,529,56.14799118041992,0.4576834440231323,0.0002817285130731,0.0004627387679647,0,1,,,,0.3400390446186065,1.1550880670547483,,22.20917558105571
102045468_NEG535850797268396974,B,-535850797268396974,2.0,0.9746509790420532,0.002510153921321,0.0136997317895293,27.76045227050781,0.1092513129115104,23.862476348876957,27.2584171295166,1612,57.17663192749024,0.3542726039886474,2.0449185456072885e-07,0.00395043566823,0,1,75.21849822998047,23.647357940673828,,5.499999523162842,0.9961863160133362,,20.291433656693364
102045468_NEG536440857272232644,B,-536440857272232644,2.0,0.9746509790420532,0.0022252441849559,0.013207484036684,168.33502197265625,0.2643550336360931,133.26524353027344,141.10569763183594,9751,160.4661407470703,0.4125674664974212,0.0,0.0144983297213912,2,1,40.12454605102539,17.34151268005371,,2.2562918663024902,2.742840528488159,,18.334563799971885
102045468_NEG537581789271144818,B,-537581789271144818,2.0,0.579652726650238,0.4135401546955108,0.2442639023065567,18.04402732849121,0.0917430073022842,14.60315990447998,18.038244247436523,972,45.836463928222656,0.2298449128866195,5.023599101150467e-07,0.014623250812292,2,1,,,,4.442147731781006,1.392773151397705,,20.75916630953824
102045470_NEG546481364271947360,B,-546481364271947360,2.0,0.9710333347320556,0.002526163123548,0.0138022396713495,12.095048904418944,0.0727910920977592,9.877142906188965,12.038534164428713,963,46.09758758544922,0.2256213873624801,0.0001980648376047,0.0006148415268398,0,1,,,,3.7835230827331534,1.1002391576766968,,21.193480928243606
102046110_NEG518495362266147268,B,-518495362266147268,2.0,0.9530732035636902,0.0023783589713275,0.0301060788333416,15.184684753417969,0.0881648734211921,10.292142868041992,14.336270332336426,1495,62.619117736816406,0.1217053234577179,6.964104386497638e-07,0.0112032759934663,2,1,75.81665802001953,11.988837242126465,,5.499998569488525,4.327265739440918,,20.946485549909596
102046111_NEG522631915266742195,B,-522631915266742195,2.0,0.9746509790420532,0.0020625812467187,0.013207484036684,10.985010147094728,0.0591143183410167,10.001462936401367,10.407744407653809,527,26.49658203125,0.125599592924118,0.0084708500653505,0.0005041775293648,0,1,,,,5.499995708465576,0.2800854742527008,,21.297998843939872
102046111_NEG524535231263409554,B,-524535231263409554,2.0,0.6538096070289612,0.0024091186933219,0.3584385812282562,5.138350963592529,0.0587674006819725,3.2381160259246826,4.705053329467773,474,40.91872024536133,0.1785393357276916,0.0003709351003635,0.0013899923069402,0,1,,,,5.197600841522217,5.056614398956299,,22.1229405888536
102046111_NEG525445060265211534,B,-525445060265211534,2.0,0.8876229524612427,0.1225328594446182,0.059064507484436,5.089637279510498,0.0450574047863483,4.314569473266602,4.045872211456299,275,26.02893447875977,0.1536354571580886,0.0008133628289215,0.0068247900344431,2,1,,,,0.4410111010074615,0.4454260468482971,,22.133282917989213
102046111_NEG525674252262710433,B,-525674252262710433,2.0,0.7157381176948547,0.0608482435345649,0.3343595862388611,73.0776596069336,0.1714032143354416,66.7195053100586,64.24039459228516,2944,66.98994445800781,0.2246192246675491,0.0,0.0144721372053027,2,1,44.00326919555664,56.81728744506836,,1.3683207035064695,0.8272262811660767,,19.240538424647614
102046114_NEG537084154267015431,A,-537084154267015431,2.0,0.6066324710845947,0.0018586760852485,0.6075965762138367,6.583105087280273,0.0530359260737896,5.628459453582764,4.335107326507568,465,38.78184509277344,0.1865261346101761,0.0003743684210348,0.0094219874590635,2,1,,,,0.3000201880931854,0.790947437286377,,21.85392303033084
102046114_NEG537352034266671160,B,-537352034266671160,2.0,0.9746509790420532,0.0020799350459128,0.013207484036684,249.3791961669922,0.3128836154937744,206.66091918945312,173.0243377685547,13736,181.13812255859372,0.3101348578929901,0.0,0.0189455915242433,2,1,50.85018539428711,12.355951309204102,,2.3396153450012207,2.6073272228240967,,17.90784944818146
102046114_NEG540908760267374976,B,-540908760267374976,2.0,0.9709335565567015,0.0023783589713275,0.0194732174277305,18.13060760498047,0.092188648879528,13.980879783630373,17.063962936401367,1588,60.343875885009766,0.2370566129684448,3.154547130179708e-06,0.0120303705334663,2,1,81.72484588623047,12.207437515258787,,5.5,1.807664513587952,,20.75396910323772
102046761_NEG531782867262094267,A,-531782867262094267,2.0,0.9642379879951476,0.0023783589713275,0.0147653296589851,8.78403377532959,0.0698127523064613,6.257307529449463,8.68712043762207,850,57.843143463134766,0.4067023992538452,3.820856727543287e-05,0.0065546613186597,2,1,,,,2.9158499240875244,2.046088457107544,,21.540765007482264
102046761_NEG532020950261969455,A,-532020950261969455,2.0,0.9734164476394652,0.0024475692771375,0.0152583383023738,28.043642044067383,0.1090361475944519,23.02237319946289,25.78390121459961,2131,65.07524871826172,0.0729738920927047,7.862070106057217e-09,0.0122638726606965,2,1,79.38908386230469,10.266358375549316,,5.498565196990967,1.9133427143096924,,20.280413962415423
102046761_NEG534264558260612632,B,-534264558260612632,2.0,0.973751425743103,0.0024882974103093,0.0148267969489097,15.872631072998049,0.0918796360492706,12.81881046295166,16.129613876342773,1167,45.67103576660156,0.0555450692772865,0.0004742330347653,0.0015916951233521,0,1,,,,5.5,1.30097758769989,,20.89837769480559
102157629_2659727733636823810,B,2659727733636823810,2.0,0.9714090824127196,0.0024541539605706,0.0146069396287202,32.57530212402344,0.0905468016862869,31.18763732910156,29.593217849731445,1491,56.100616455078125,0.3054486811161041,0.0,0.009474060498178,0,1,20.06172561645508,84.18922424316406,,1.204908013343811,0.9739866256713868,,20.1177788691852
102157630_2665772836637102014,A,2665772836637102014,2.0,0.971217691898346,0.0043362183496356,0.0139286611229181,68.80528259277344,0.1571097522974014,55.99099349975586,67.35336303710938,5575,104.33660888671876,0.160954013466835,0.0,0.0154474359005689,2,1,75.5161361694336,11.894730567932127,,5.5,3.614946126937866,,19.30594554275353
102157632_2691754663635937458,B,2691754663635937458,2.0,0.48988738656044,0.2947056293487549,0.2731687128543854,6.1288604736328125,0.0512155033648014,5.430463790893555,5.34235429763794,447,43.97422409057617,0.5054647326469421,0.0006698684883303,0.0111317764967679,2,1,,,,1.0001682043075562,0.7537895441055298,,21.931550663629466
102157633_2702499990636559109,B,2702499990636559109,2.0,0.6051273941993713,0.0818416178226471,0.0139286611229181,24.541038513183597,0.1020727157592773,21.224853515625,23.39950561523437,1521,57.8382453918457,0.3367475271224975,1.808242450351827e-05,0.0064907865598797,0,1,67.0223388671875,23.474077224731445,,5.5,1.356135606765747,,20.425267657506453
102157952_2658211530641487553,A,2658211530641487553,3.0,0.2224584519863128,0.8185960054397583,0.1492874473333358,14.28335666656494,0.0749353989958763,10.589221954345703,14.30504035949707,1406,57.88789367675781,0.1902292668819427,3.952782572014257e-05,0.0049423850141465,0,1,21.4247989654541,46.82242202758789,,5.499796390533447,2.641065120697021,,21.012924297495548
102157952_2658616879639330994,B,2658616879639330994,2.0,0.9516428112983704,0.0224551633000373,0.0335104875266552,12.077115058898926,0.0621461942791938,10.807321548461914,12.852424621582031,780,38.568695068359375,0.1439910382032394,0.0016483799554407,0.014771519228816,2,1,,,,3.7005441188812256,0.8952649235725403,,21.195091990370592
102157953_2668203348640973901,B,2668203348640973901,2.0,0.7632024884223938,0.499053806066513,0.0595528222620487,9.984453201293944,0.0710619762539863,7.905570030212402,9.901618003845217,853,60.09225845336914,0.4337116479873657,0.0008776667527854,0.0102083757519721,258,1,,,,3.081684112548828,1.0602928400039673,,21.401689285712088
102157953_2668288172639391107,A,2668288172639391107,2.0,0.7185397744178772,0.177787646651268,0.1147274225950241,3.633832693099976,0.0382163636386394,2.8962149620056152,3.573472023010254,326,26.82945442199707,0.1247165873646736,0.0021675594616681,0.00960458163172,2,1,,,,2.527303457260132,0.4604781568050384,,22.499087680280564
102157953_2669397021640472384,A,2669397021640472384,2.0,0.4355189502239227,0.3510133624076843,0.0168888624757528,69.44366455078125,0.1446351557970047,62.4576530456543,63.822601318359375,3854,73.77726745605469,0.1997976899147033,0.0,0.0183234363794326,512,1,24.491230010986328,46.73818206787109,,5.5,1.0341131687164309,,19.29591842363311
102157953_2670994480641865653,A,2670994480641865653,2.0,0.5703956484794617,0.0425663776695728,0.0139286611229181,148.94345092773438,0.2397422939538955,117.63693237304688,141.76287841796875,13327,171.8144073486328,0.1771382242441177,0.0,0.0171020533889532,2,1,62.80683517456055,4.7422776222229,,5.16140604019165,7.530675888061523,,18.467446470103145
102157954_2677725526640039676,B,2677725526640039676,2.0,0.8335935473442078,0.3390906453132629,0.0540664047002792,47.68609619140625,0.118798166513443,42.40903091430664,48.64741134643555,2928,62.90671920776367,0.0619872659444808,0.0,0.0153824249282479,2,1,81.8729019165039,27.897085189819336,,4.5714545249938965,1.1119529008865356,,19.704020573760456
102157954_2678629431639725549,A,2678629431639725549,2.0,0.6558173894882202,0.0495226271450519,0.0139286611229181,36.0609130859375,0.1097939312458038,32.712589263916016,32.02814865112305,1851,57.9874382019043,0.3829377591609955,1.501765837019775e-05,0.0141447782516479,2,1,14.856161117553713,36.15114212036133,,4.41970157623291,0.576086699962616,,20.007408202134172
102157954_2679576312639125362,A,2679576312639125362,2.0,0.9713760018348694,0.0024360045790672,0.0139286611229181,72.3324203491211,0.1372784525156021,69.99458312988281,68.24462127685547,2248,67.61949157714844,0.4546205699443817,0.0,0.0173750109970569,0,1,37.852325439453125,63.798954010009766,,1.9983640909194944,1.023407220840454,,19.251667506319805
102157955_2685490710638126805,A,2685490710638126805,2.0,0.6466935276985168,0.5394935011863708,0.2832551598548889,21.421710968017575,0.0983899533748626,15.917584419250488,23.845643997192383,1919,69.34679412841797,0.1759872585535049,0.0,0.0163642056286335,2,1,26.23690223693848,41.51603698730469,,5.5,5.899931907653809,,20.572864611737366
102157955_2689800257639551890,A,2689800257639551890,2.0,0.970931887626648,0.0022308670450001,0.0140998233109712,50.79884719848633,0.1214801967144012,49.37928009033203,40.49336624145508,1222,39.26300430297852,0.2541740834712982,0.0,0.0101461028680205,0,1,25.839130401611328,47.19598007202149,,0.8083796501159668,0.5133945941925049,,19.63536535811977
102157956_2695046853638479184,B,2695046853638479184,3.0,0.5113768577575684,0.6606298685073853,0.0728838071227073,17.118099212646484,0.0812004804611206,13.525023460388184,16.430023193359375,1644,56.386844635009766,0.1328864246606826,4.986010480934056e-06,0.0165777411311864,2,1,84.29400634765625,9.833495140075684,,5.499939441680908,1.2565467357635498,,20.816361152197526
102157956_2700546205640397835,A,2700546205640397835,2.0,0.6868592500686646,0.1112890541553497,0.0151173900812864,8.28348159790039,0.1039566770195961,6.540874004364014,8.3564453125,290,28.61370277404785,0.2740776240825653,0.0008948696777224,0.0045967218466103,0,1,,,,3.773869752883911,0.6649829149246216,,21.604467720552215
102157956_2704655017641535458,B,2704655017641535458,2.0,0.4303747415542602,0.0026404031086713,0.4199917018413543,3.898415565490722,0.0452527962625026,2.440431594848633,3.485526323318481,374,30.28501892089844,0.0602079778909683,0.0010113664902746,0.0097185326740145,2,1,,,,5.1511664390563965,1.4715089797973633,,22.4227796689594
102157957_2711813162637737494,B,2711813162637737494,2.0,0.4798681139945984,0.482494443655014,0.0153844319283962,65.83912658691406,0.1489282995462417,54.45450592041016,62.60795974731445,4852,96.77800750732422,0.2572966814041137,0.0,0.0146781997755169,2,1,82.72284698486328,13.444621086120604,,5.5,2.142016887664795,,19.35378984762584
102157958_2719195933641972975,A,2719195933641972975,2.0,0.9591487646102904,0.009322958998382,0.025017948821187,11.17543601989746,0.0578440614044666,10.541654586791992,11.4544677734375,556,35.92936325073242,0.358634740114212,0.0017193806124851,0.0060564898885786,0,1,,,,2.8185434341430664,0.5460437536239624,,21.279338808668726
102157958_2722285786638229999,B,2722285786638229999,2.0,0.8009958863258362,0.0126777291297912,0.0139286611229181,132.98272705078125,0.2056894153356552,119.73461151123048,125.59739685058594,6747,101.60678100585938,0.2166328430175781,0.0,0.016379278153181,2,1,84.80036926269531,13.61802577972412,,2.9811654090881348,1.5033351182937622,,18.59051191325322
102157958_2727137773639721420,A,2727137773639721420,2.0,0.566416323184967,0.2659056186676025,0.3265474140644073,85.77906799316406,0.2142434120178222,65.36835479736328,75.80461120605469,4371,85.77570343017578,0.0633189007639885,0.0,0.0168245658278465,2,1,64.11387634277344,28.871740341186523,,4.740560054779053,1.889171242713928,,19.066546691920635
102158270_2654337786643538414,A,2654337786643538414,2.0,0.9696908593177797,0.0026249978691339,0.0175460968166589,8.991647720336914,0.0629592686891555,7.250063419342041,6.814438343048096,641,51.55142211914063,0.3070531487464905,0.0006142138736322,0.0234202556312084,2,1,,,,0.5928064584732056,1.0935382843017578,,21.515401791167612
102158270_2656382386643695481,B,2656382386643695481,2.0,0.969489336013794,0.0027057630941271,0.0174141116440296,6.625092506408691,0.0449280887842178,5.950587272644043,6.456188678741455,433,27.93037223815918,0.1082308441400528,9.539888560539111e-05,0.005181667394936,0,1,,,,1.670806646347046,0.448778361082077,,21.847020133197752
102158270_2656815066646473630,A,2656815066646473630,2.0,0.9723525047302246,0.0028564142994582,0.0139286611229181,41.54189300537109,0.1368290930986404,33.65421295166016,39.82589340209961,3059,78.15750885009766,0.2067117989063263,0.0,0.0141447782516479,2,1,41.318634033203125,40.97761154174805,,3.18562650680542,1.425819993019104,,19.85378429291015
102158270_2660101090644460436,B,2660101090644460436,2.0,0.6810236573219299,0.1077036634087562,0.2589250802993774,70.44493103027344,0.1933573782444,56.15165710449219,86.98123168945312,6102,137.7660369873047,0.2880947291851043,0.0,0.0156602021306753,258,1,25.009937286376957,4.346782684326172,,5.374403476715088,12.687447547912598,,19.280375629338394
102158270_2662527621645054682,B,2662527621645054682,3.0,0.2610559165477752,0.7243655323982239,0.3032741248607635,17.633304595947266,0.0848749428987503,14.631218910217283,12.42772102355957,1674,57.73854446411133,0.137273907661438,0.0002358500350965,0.0164668746292591,3,1,63.91940689086914,12.182943344116213,,3.5144448280334477,0.4942763447761535,,20.78416572615803
102158271_2672343829643151429,A,2672343829643151429,2.0,0.6098724603652954,0.4713552892208099,0.3612931072711944,5.126124858856201,0.0440789498388767,3.679948091506958,4.127910137176514,473,52.31291580200195,0.5800795555114746,0.0001063477029674,0.0004120463563594,0,1,,,,1.3536139726638794,1.0642281770706177,,22.125527049392378
102158272_2678087036644598709,A,2678087036644598709,2.0,0.9461542963981628,0.0030985672492533,0.0240669827908277,5.0917487144470215,0.0429473966360092,4.503504753112793,5.150380611419678,382,27.78033447265625,0.1292971968650818,0.0020630077924579,0.0004455118032637,0,1,,,,2.4319515228271484,0.4859235286712646,,22.13283259395891
102158272_2683555203642954376,A,2683555203642954376,2.0,0.9163350462913512,0.1398334056138992,0.0917883291840553,30.9211483001709,0.1093076169490814,26.134042739868164,30.19376373291016,2749,74.73548889160156,0.1923736631870269,0.0,0.0090458123013377,0,1,21.484521865844727,50.77969741821289,,5.2879958152771,1.7392064332962036,,20.174360965800215
102158272_2685730342643470690,B,2685730342643470690,2.0,0.7070083022117615,0.1208786964416503,0.3620669841766357,68.46717834472656,0.1984516382217407,56.34041595458984,69.49922180175781,3966,97.35353088378906,0.3083945214748382,0.0,0.0152954775840044,2,1,69.2106704711914,33.81492614746094,,4.4866623878479,2.257840156555176,,19.3112939245469
102158273_2697192667642722765,A,2697192667642722765,2.0,0.7736693620681763,0.002511961851269,0.3797886669635772,12.367491722106934,0.0818911120295524,9.456552505493164,13.1496000289917,729,49.64497375488281,0.3102509975433349,0.0004962188540957,0.0139528550207614,2,1,,,,5.499072551727295,2.9416251182556152,,21.169295929121496
102158274_2704723597642696271,A,2704723597642696271,2.0,0.9327806830406188,0.1267872899770736,0.0159693453460931,8.390095710754395,0.0635879188776016,6.790555953979492,7.7159247398376465,679,38.48948669433594,0.2197612971067428,0.0011902059195563,0.004594522062689,0,1,,,,5.4989914894104,0.710089385509491,,21.5905827122264
102158274_2706060111645234144,B,2706060111645234144,2.0,0.9702396392822266,0.002215901389718,0.0139286611229181,35.01061248779297,0.1063317954540252,31.981624603271484,29.280920028686523,1938,56.3132438659668,0.3111371397972107,0.0,0.0080935433506965,0,1,40.0180778503418,19.64448547363281,,1.3319400548934937,0.5975522398948669,,20.03950072867568
102158275_2709777393645726835,A,2709777393645726835,2.0,0.9707981944084167,0.0024938001297414,0.0139286611229181,33.1771354675293,0.1021682694554328,28.683324813842773,29.90524673461914,2161,62.733001708984375,0.2328566908836364,0.0,0.0076675470918416,0,1,42.4648666381836,37.35725784301758,,3.115480661392212,1.1003278493881226,,20.09790278480489
102158275_2713231622643632503,B,2713231622643632503,2.0,0.821786642074585,0.0379720628261566,0.0139286611229181,16.362384796142578,0.088626742362976,13.875229835510254,15.835722923278809,1106,48.21659851074219,0.2861696779727936,0.0022090203128755,0.0064907865598797,0,1,,,,5.5,0.9200320839881896,,20.86538349549956
102158276_2722561985645255526,B,2722561985645255526,2.0,0.9693645238876344,0.0029444694519042,0.0157053973525762,18.165645599365234,0.096514768898487,11.744810104370115,15.189105033874512,1676,78.36259460449219,0.3457080423831939,0.0,0.0130257755517959,2,1,78.28843688964844,8.988905906677246,,5.472940921783447,4.2186360359191895,,20.75187290721174
102158276_2727435595645547639,B,2727435595645547639,2.0,0.4938612878322601,0.0914804488420486,0.0139286611229181,144.9296112060547,0.2249003797769546,135.3341522216797,141.99258422851562,6831,98.73235321044922,0.2423381209373474,0.0,0.0169467218220233,2,1,79.59049987792969,14.078871726989746,,2.919081687927246,1.218250036239624,,18.497107182119805
102158276_2727570223645896962,A,2727570223645896962,2.0,0.8588377833366394,0.4617656171321869,0.0409064441919326,27.534761428833008,0.0927570089697837,24.6164665222168,29.466768264770508,1744,52.563106536865234,0.2399558424949646,6.060910209271242e-07,0.0083450321108102,0,1,54.4922103881836,51.95061111450195,,5.5,0.9736311435699464,,20.300296705128545
102158277_2733524648645511387,B,2733524648645511387,2.0,0.9474284052848816,0.0028741294518113,0.0139286611229181,24.86225700378418,0.0844827815890312,22.56355857849121,23.663244247436523,1328,40.434818267822266,0.1330717504024505,1.3077865332888903e-05,0.0064907865598797,0,1,68.093505859375,38.74277114868164,,3.4277310371398926,0.4955289661884308,,20.411148621275743
102158277_2738945549646397299,A,2738945549646397299,2.0,0.959269642829895,0.0192822460085153,0.0256941504776477,5.150656700134277,0.0525921285152435,3.79462194442749,4.916982173919678,593,46.06298828125,0.229153886437416,0.0004431207780726,0.0004188878519926,0,1,,,,5.457470417022705,2.6956965923309326,,22.12034348901718
102158580_2631644629651693582,B,2631644629651693582,2.0,0.9707573652267456,0.0025233635678887,0.0183455273509025,6.347158432006836,0.0570770278573036,5.797355651855469,5.955038547515869,331,26.73728370666504,0.1412633508443832,0.0007145869312807,0.0017395792528986,0,1,,,,1.0514603853225708,0.4342163801193237,,21.893551652715352
102158582_2655753387652324244,B,2655753387652324244,2.0,0.9706150889396667,0.0024874240625649,0.0139286611229181,40.89298248291016,0.117092989385128,37.45043563842773,36.57506561279297,2147,63.051029205322266,0.1280942261219024,0.0,0.0145002696663141,2,1,49.30672454833984,28.4476318359375,,2.676460266113281,1.0446138381958008,,19.870878033797922
102158583_2672803654649962203,B,2672803654649962203,2.0,0.3533197939395904,0.5764392018318176,0.1419089138507843,63.426902770996094,0.233748197555542,52.45563125610352,44.78738021850586,2421,75.99532318115234,0.2859891057014465,0.0,0.015188468620181,2,1,25.48626708984375,30.48000717163086,,1.7409467697143557,1.4461480379104614,,19.394316238308598
102158584_2687900321650859511,A,2687900321650859511,2.0,0.9702396392822266,0.0024233751464635,0.0140138193964958,18.789121627807617,0.0764256790280342,16.414371490478516,19.70005989074707,1202,43.721473693847656,0.0843688994646072,6.25961329205893e-05,0.0065327403135597,0,1,38.33777618408203,68.30015563964844,,4.200187206268311,1.0228368043899536,,20.71523380561787
102158584_2687970439648743491,B,2687970439648743491,2.0,0.9496546387672424,0.0492443889379501,0.0227729100733995,22.489795684814453,0.1030235141515731,17.686540603637695,20.752126693725582,2048,64.17869567871094,0.0838577300310134,1.3280579878482968e-05,0.0117935296148061,2,1,69.28840637207031,10.990242004394531,,5.495264530181885,2.692931890487671,,20.520036225057062
102158584_2688054361648826754,B,2688054361648826754,2.0,0.9660913944244384,0.0024438744876533,0.0232095681130886,13.997084617614746,0.0643232613801956,12.452559471130373,13.455751419067385,869,35.062461853027344,0.1130390912294387,0.0016475722659379,0.0067938170395791,0,1,,,,2.796766757965088,0.4671865105628967,,21.034906029792225
102158584_2688149271647967093,A,2688149271647967093,2.0,0.9713760018348694,0.0024599437601864,0.0139286611229181,30.465675354003903,0.0998650416731834,27.8565673828125,29.667348861694336,1555,48.88642120361328,0.2057143151760101,4.7502806133081785e-09,0.0072983652353286,0,1,68.97763061523438,34.24494934082031,,3.91196608543396,0.7801891565322876,,20.190472975305674
102158585_2690666515648268601,A,2690666515648268601,2.0,0.8126252889633179,0.0263357311487197,0.0139286611229181,64.9082260131836,0.1376430392265319,59.81739044189453,63.242637634277344,3846,90.69661712646484,0.4406855702400207,0.0,0.0146152786910533,2,1,57.86616897583008,48.382137298583984,,4.265268325805664,1.0925017595291138,,19.369250650689885
102158585_2694958058650832108,B,2694958058650832108,2.0,0.9728254675865172,0.0222233682870864,0.0139286611229181,33.177913665771484,0.1029879823327064,29.048799514770508,32.97589874267578,1716,59.43612289428711,0.2963957786560058,0.0,0.0140293044969439,2,1,72.01553344726562,20.286287307739254,,2.893526792526245,1.115070939064026,,20.097877318227226
102158586_2707908112649845702,A,2707908112649845702,2.0,0.9063913226127625,0.0023023693356662,0.178856536746025,4.455662727355957,0.0388944223523139,3.139460802078247,5.496079444885254,364,39.56336212158203,0.2269516587257385,0.0023632699158042,0.0124664762988686,2,1,,,,5.360823154449463,2.825505495071411,,22.277719226583024
102158586_2710017972652457457,B,2710017972652457457,3.0,0.3284270763397217,0.7423052191734314,0.0497174374759197,20.75691795349121,0.0914859473705291,11.868250846862791,8.29146957397461,2291,103.3515167236328,0.4329386949539184,0.0,0.0185965280979871,2,1,61.847747802734375,7.794977188110352,,1.098590850830078,0.943840265274048,,20.607092828306556
102158586_2710834800648486342,A,2710834800648486342,2.0,0.9703120589256288,0.0022308335173875,0.014512307010591,11.8596830368042,0.0645557567477226,10.034687995910645,9.960125923156738,814,42.0191535949707,0.2048925757408142,0.000504418509081,0.0045829028822481,0,1,,,,1.2254586219787598,0.7655726671218872,,21.214817294547093
102158587_2711988261648357583,B,2711988261648357583,3.0,0.8095144033432007,0.6062211394309998,0.0330471731722354,48.73114013671875,0.1384598165750503,36.53236389160156,38.986289978027344,4647,125.0812530517578,0.3699946701526642,0.0,0.0126868700608611,2,1,89.98954772949219,10.589990615844728,,2.588507890701294,3.156848907470703,,19.680483568853703
102158589_2744568849651754043,A,2744568849651754043,2.0,0.9020956754684448,0.0159109942615032,0.0139286611229181,259.3446960449219,0.2916403412818908,215.4584808349609,215.7412872314453,16716,210.71192932128903,0.3408764600753784,0.0,0.0215066168457269,2,1,42.427833557128906,7.982821464538574,,2.61926794052124,4.776808261871338,,17.865306573744885
102158589_2744607815651760624,A,2744607815651760624,2.0,0.9705377817153932,0.0024314234033226,0.0139286611229181,58.8445930480957,0.1514899730682373,41.18365859985352,18.810333251953125,4695,136.97447204589844,0.3099261522293091,0.0,0.0288212895393371,2,1,40.44606018066406,9.712467193603516,,2.441486120223999,4.004404067993164,,19.47573359064336
102158590_2751102237648287695,B,2751102237648287695,2.0,0.9493166208267212,0.00316365621984,0.0148627227172255,4.745741844177246,0.0471459925174713,4.249459266662598,4.752357006072998,384,28.866455078125,0.2233985066413879,0.0018821260891854,0.0045526544563472,128,1,,,,5.5,0.5300338268280029,,22.209239724872464
102158885_2631975188656022964,B,2631975188656022964,3.0,0.6617021560668945,0.6380078792572021,0.0164415761828422,23.09034538269043,0.0930271819233894,17.64518165588379,14.518009185791016,1769,84.74594116210938,0.4644548296928406,0.0,0.0170865040272474,2,1,65.79307556152344,14.542905807495115,,1.155392050743103,1.996306300163269,,20.491423927270205
102158886_2639435536653600933,B,2639435536653600933,2.0,0.9702396392822266,0.0022665953729301,0.0141303529962897,67.26953887939453,0.1627295613288879,59.3172492980957,61.11558151245117,4167,86.228271484375,0.2143126428127288,0.0,0.0183274336159229,0,1,43.78791427612305,21.43288993835449,,1.792319416999817,1.1910216808319092,,19.33045387329414
102158886_2641867744653343162,A,2641867744653343162,2.0,0.9077532291412354,0.1483338773250579,0.0714001208543777,10.839110374450684,0.0733204707503318,7.750256061553955,8.321274757385254,907,51.147491455078125,0.0865769237279892,0.0012906475458294,0.0125999236479401,2,1,,,,2.567768812179565,2.101222276687622,,21.312515903193784
102158887_2646461630654930628,A,2646461630654930628,2.0,0.97064471244812,0.0025341517757624,0.0139286611229181,56.260986328125,0.1380681693553924,49.59518432617188,56.374786376953125,3639,75.34508514404297,0.1817874014377594,0.0,0.0148126976564526,2,1,60.746856689453125,33.99934387207031,,4.653932571411133,1.2519232034683228,,19.524481645895087
102158887_2648223419654261880,A,2648223419654261880,2.0,0.8121310472488403,0.3361657261848449,0.0139286611229181,14.843708992004396,0.0870075076818466,10.911198616027832,14.174589157104492,1259,64.87006378173828,0.3676996827125549,3.003453684868873e-06,0.0049274577759206,0,1,62.52937316894531,16.395267486572266,,5.484379291534424,2.51228928565979,,20.97114392124426
102158887_2651714354654861084,A,2651714354654861084,2.0,0.9714906811714172,0.0026236136909574,0.0150454193353652,32.82223129272461,0.1196334585547447,28.2448844909668,32.42845153808594,2633,71.74958038330078,0.2139986008405685,0.0,0.0142142651602625,2,1,58.78850936889648,27.59807777404785,,4.946887969970703,1.3047127723693848,,20.109579746112637
102158887_2654129070655512593,A,2654129070655512593,2.0,0.969986379146576,0.0118112582713365,0.0153523776680231,26.51639747619629,0.0904196500778198,23.749845504760746,24.69438934326172,1566,45.11936569213867,0.1221509650349617,1.126138272411481e-06,0.0140293044969439,2,1,39.2578353881836,45.93482208251953,,3.283620834350586,0.5771711468696594,,20.341213699017004
102158887_2655306065654633189,A,2655306065654633189,2.0,0.909497857093811,0.0027743922546505,0.0633381158113479,9.485244750976562,0.0523975007236003,8.588665962219238,6.265336990356445,472,34.782981872558594,0.1709630042314529,0.0010195291833952,0.0124796163290739,2,1,,,,0.3000000119209289,0.6983999609947205,,21.457378645958542
102158887_2655528906655835262,A,2655528906655835262,2.0,0.6258374452590942,0.3911627829074859,0.0486155450344085,19.36583137512207,0.0883849635720253,17.92314338684082,19.077342987060547,963,45.39487457275391,0.1990110427141189,0.0012087802169844,0.0065327403135597,0,1,,,,4.198200702667236,1.0017099380493164,,20.682409635040006
102158888_2657819747657129186,B,2657819747657129186,2.0,0.523247480392456,0.0771756395697593,0.0139286611229181,133.37156677246094,0.2102823257446289,118.91036224365234,130.06956481933594,9109,126.80045318603516,0.334193080663681,0.0,0.0214996431022882,0,1,78.66014099121094,11.619556427001951,,5.5,1.6853342056274414,,18.5873418673904
102158888_2659467460657407372,B,2659467460657407372,2.0,0.8471446633338928,0.0258925799280405,0.0140556963160634,39.09239196777344,0.1138450726866722,34.364559173583984,37.22370910644531,2701,61.19841003417969,0.0744543075561523,0.0,0.0121419439092278,0,1,85.15963745117188,16.656221389770508,,4.535850524902344,0.8542879819869995,,19.91976938834616
102158888_2659753895653871052,B,2659753895653871052,2.0,0.8395193219184875,0.0731119588017463,0.1498106271028518,10.89626121520996,0.0838980600237846,8.791605949401855,9.922126770019531,1237,64.3149642944336,0.2885645031929016,0.0010284661548212,0.0016903734067454,0,1,14.697189331054688,37.46109771728516,,1.2847161293029783,1.4989807605743408,,21.306806234997904
102158888_2667434443654461269,A,2667434443654461269,2.0,0.7046425938606262,0.2988717555999756,0.0849457010626792,18.3018741607666,0.0803139731287956,14.868282318115234,13.381104469299316,1423,59.42258834838867,0.0997874438762664,1.1150204315413248e-08,0.0136709371581673,2,1,42.36632537841797,20.02812767028809,,3.286018848419189,1.2015254497528076,,20.743761087695372
102158889_2668443415653707960,B,2668443415653707960,2.0,0.9710918068885804,0.0024866228923201,0.0139286611229181,7.591201782226562,0.0464484877884388,7.059504985809326,7.050175666809082,348,24.16362571716309,0.2653570175170898,0.0070966202765703,0.0056736264377832,0,1,,,,4.300059795379639,0.2303932756185531,,21.69922366102762
102158889_2674118174654422285,A,2674118174654422285,3.0,0.414671778678894,0.6761824488639832,0.0919380560517311,25.85556030273437,0.0919828042387962,23.3203067779541,25.39450454711914,1575,49.0189208984375,0.0939175561070442,1.6281394437100971e-06,0.0068331900984048,0,1,56.69084167480469,28.469003677368164,,3.793997049331665,0.8675593137741089,,20.36861511603619
102158889_2677624236654538082,A,2677624236654538082,2.0,0.9650257229804992,0.0028665123973041,0.0262386668473482,28.83642196655273,0.1028206273913383,23.05911636352539,27.1755313873291,2443,74.35836029052734,0.1488048285245895,0.0,0.0157793648540973,2,1,44.014686584472656,48.6430778503418,,3.747772216796875,2.0141050815582275,,20.250146570056945
102158889_2677813028655307424,A,2677813028655307424,2.0,0.3631776869297027,0.0054950187914073,0.4608509242534637,20957.623046875,2.4895381927490234,20062.109375,20957.607421875,710965,1052.31640625,0.2026750147342682,,0.0235914792865514,514,1,50.54428863525391,2.9988269805908203,,5.497776031494141,1.3695932626724243,,13.096644938305202
102158890_2680242082656735280,B,2680242082656735280,2.0,0.9705979228019714,0.0071093686856329,0.0144013380631804,39.56184768676758,0.1175949648022651,33.10530090332031,38.40083694458008,2982,73.72416687011719,0.1971170008182525,0.0,0.0143657717853784,2,1,64.65853118896484,25.69842529296875,,5.5,2.020589828491211,,19.906808583547313
102158890_2683357136652678772,A,2683357136652678772,2.0,0.760269820690155,0.0025371490046381,0.1787780821323394,8.595013618469238,0.0583672150969505,7.7094645500183105,8.03028392791748,600,48.38652420043945,0.4614134728908539,0.0001418612664565,0.0017390816938132,0,1,,,,1.829790949821472,0.8456078767776489,,21.564383577133608
102158891_2698899135652599785,A,2698899135652599785,2.0,0.8544660210609436,0.0958876237273216,0.0141083328053355,34.09674453735352,0.1249319091439247,27.07673072814941,31.174665451049805,3722,116.17609405517578,0.4933502674102783,0.0,0.0089903064072132,512,1,48.53826522827149,14.514214515686035,,5.499313354492188,2.509809255599976,,20.06821771065332
102158891_2699896914654311553,A,2699896914654311553,2.0,0.9672377109527588,0.0067462441511452,0.0143857644870877,39.31191253662109,0.1216970384120941,33.5262451171875,35.81410598754883,3302,94.15480041503906,0.3849745094776153,0.0,0.0140293044969439,514,1,66.90302276611328,12.56643009185791,,4.429129123687744,1.623307228088379,,19.91368956776496
102158891_2700857611652676803,A,2700857611652676803,2.0,0.5283993482589722,0.2368501871824264,0.1853014677762985,6.5518083572387695,0.0615225695073604,5.112030982971191,5.529248237609863,605,44.74618148803711,0.1713486611843109,0.0001031509746098,0.0111465211957693,514,1,,,,2.847580909729004,1.5977426767349243,,21.859097035830835
102158892_2703681011657269406,A,2703681011657269406,3.0,0.3708575665950775,0.6730356812477112,0.0152541743591427,26.33085250854492,0.1082555577158927,19.659683227539062,25.52770233154297,2661,85.99651336669922,0.2996715605258941,0.0,0.0076823006384074,0,1,83.7812728881836,10.052315711975098,,5.498754501342773,4.069231986999512,,20.34883769901007
102158892_2703838311654309323,B,2703838311654309323,2.0,0.6814450621604919,0.40264892578125,0.0884503722190857,78.6062240600586,0.169234424829483,65.61023712158203,71.0146255493164,6437,117.94450378417967,0.2419992387294769,0.0,0.0161017905920743,2,1,59.29812240600586,36.91950607299805,,2.5042667388916016,1.888990044593811,,19.161357662639375
102158892_2704470582654415692,A,2704470582654415692,1.0,0.1535472720861435,0.7423978447914124,0.0139286611229181,152.3531494140625,0.212603747844696,137.507080078125,130.30636596679688,8670,123.15036010742188,0.2318122684955597,0.0,0.0185583382844924,2,1,48.94795227050781,28.3662052154541,,2.1093075275421143,2.0788042545318604,,18.442871409247978
102158893_2719347803657244854,B,2719347803657244854,3.0,0.3162543177604675,0.7648153901100159,0.1855931729078292,22.531818389892575,0.0934745967388153,15.1325044631958,17.805871963500977,2178,84.89433288574219,0.2853297591209411,0.0,0.0028597696218639,0,1,46.84958267211914,11.162988662719728,,5.5,4.324908256530762,,20.5180093947662
102158893_2720583810655664894,A,2720583810655664894,2.0,0.9716939330101012,0.0026789412368088,0.0139286611229181,30.413291931152344,0.0974109098315239,26.714998245239254,29.960474014282227,1923,52.30546569824219,0.2321710437536239,5.392571438278537e-06,0.0064907865598797,0,1,52.86771774291992,46.0509033203125,,5.499999523162842,0.5681960582733154,,20.192341423319547
102158894_2730612507653143373,A,2730612507653143373,2.0,0.9433426856994628,0.0029148533940315,0.0139286611229181,225.4486541748047,0.294411689043045,194.43153381347656,210.14724731445312,14702,204.78636169433597,0.5082415342330933,0.0,0.0204595495015382,2,1,45.767677307128906,7.708917140960693,,3.227717876434326,3.4828875064849854,,18.017380882221985
102158894_2733212462655784384,A,2733212462655784384,2.0,0.7395476698875427,0.0541689731180667,0.0139286611229181,65.40194702148438,0.1434489339590072,59.71366500854492,60.47040939331055,4006,74.46186065673828,0.0330152772367,0.0,0.0145627260208129,2,1,65.67123413085938,16.177854537963867,,5.5,1.043037176132202,,19.36102330624972
102158896_2752149841653729649,B,2752149841653729649,2.0,0.9566969275474548,0.0155821582302451,0.0139286611229181,42.00569915771485,0.0964821279048919,38.48699188232422,40.59086608886719,3129,94.38241577148438,0.4648128747940063,0.0,0.0161980744451284,2,1,34.229549407958984,24.22535896301269,,2.315260648727417,1.3165801763534546,,19.841729455860428
102158896_2752645036652374998,A,2752645036652374998,2.0,0.9353131651878356,0.0025680614635348,0.0139286611229181,322.0810852050781,0.2850306034088135,285.1832580566406,259.5399780273437,22709,231.56668090820312,0.4039679169654846,,0.0209426339715719,2,1,64.75047302246094,9.153668403625488,,2.746316909790039,3.203309774398804,,17.63008694790315
102158896_2755778332656876880,A,2755778332656876880,2.0,0.6729528903961182,0.002453037770465,0.3522237837314605,95.55552673339844,0.1539780050516128,90.1532745361328,94.06957244873048,5468,118.65020751953124,0.5317811965942383,0.0,0.0231134481728076,0,1,10.508782386779783,68.07359313964844,,2.4404537677764893,1.6708574295043943,,18.94936047297704
102158896_2760272555655712464,B,2760272555655712464,3.0,0.6328732967376709,0.5977081656455994,0.0139286611229181,27.06734275817871,0.0959868878126144,25.039522171020508,22.676538467407227,1072,40.43767166137695,0.2028427422046661,8.996073330713728e-10,0.0149272521957755,2,1,0.0,0.0,,1.082857370376587,0.4950394034385681,,20.31888594370122
102159186_2631794504660304436,A,2631794504660304436,2.0,0.9615338444709778,0.0734719261527061,0.0166939012706279,9.123653411865234,0.0682996436953544,6.516415119171143,8.440531730651855,987,49.08607864379883,0.0585525967180728,0.0003206024994142,0.0046244272962212,0,1,,,,5.499991416931152,2.031643867492676,,21.49957805250792
102159186_2632387939662408264,A,2632387939662408264,2.0,0.9699339866638184,0.0023620049469172,0.0160714145749807,13.429254531860352,0.0692504122853279,11.25487232208252,14.297917366027832,1080,46.31562805175781,0.1320819705724716,0.0012538033770397,0.0061007416807115,0,1,,,,4.560047149658203,1.2922101020812988,,21.0798702366985
102159187_2638806679660192602,B,2638806679660192602,2.0,0.9713760018348694,0.00244004977867,0.0139286611229181,41.69013595581055,0.0997427925467491,39.11732864379883,41.41755294799805,2281,54.11519241333008,0.0529274828732013,0.0,0.0099717658013105,0,1,73.37129211425781,32.34465789794922,,3.334155559539795,0.8282397985458374,,19.84991672148133
102159187_2639230520659765010,A,2639230520659765010,2.0,0.8172450661659241,0.5582031607627869,0.0185591392219066,23.87604141235352,0.0923306792974472,19.394746780395508,20.47092056274414,2055,65.90869140625,0.1002057939767837,0.0,0.013340150937438,2,1,70.7445068359375,15.296012878417969,,2.191692352294922,1.434648513793945,,20.455094191268945
102159187_2645580164662468179,B,2645580164662468179,2.0,0.9428700804710388,0.1182883903384208,0.0343299694359302,33.690425872802734,0.1146900802850723,25.66835021972656,30.30893898010254,3026,95.05419158935548,0.311652809381485,0.0,0.0102666923776268,0,1,85.76842498779297,10.24389934539795,,4.779860973358154,2.667118787765503,,20.081233747922738
102159187_2646504448657919965,B,2646504448657919965,2.0,0.6820170283317566,0.0026618519332259,0.2463680654764175,4.276459693908691,0.043643657118082,2.4611566066741943,2.377166509628296,403,57.52861022949219,0.4821146428585052,6.484681216534227e-05,0.0385019667446613,2,1,,,,0.3000053763389587,1.072309136390686,,22.322289042219108
102159188_2652763834658560044,A,2652763834658560044,2.0,0.9169917702674866,0.0028043168131262,0.0139286611229181,115.36207580566406,0.1928399205207824,109.70628356933594,113.4527587890625,6027,84.83401489257812,0.0510891042649745,0.0,0.0206990521401166,0,1,74.84565734863281,31.976682662963867,,3.3532307147979736,1.072584629058838,,18.744842344832364
102159189_2663231466659368059,A,2663231466659368059,2.0,0.8379954695701599,0.2531588971614837,0.0146256601437926,25.29848861694336,0.087623506784439,21.514259338378903,22.563650131225582,1492,55.912879943847656,0.3194057941436767,2.347131413671377e-07,0.0068331900984048,512,1,11.60614013671875,61.41687774658203,,3.93647837638855,1.1496641635894775,,20.392263559207493
102159189_2667596748662187959,A,2667596748662187959,2.0,0.966871976852417,0.0029392885044217,0.0228500869125127,16.36956024169922,0.088814727962017,12.933981895446776,13.038707733154297,1233,59.97980117797852,0.2633871138095855,4.164029815001413e-05,0.0133777298033237,2,1,5.643959045410156,54.19573974609375,,0.972497284412384,0.9885152578353882,,20.864907468722546
102159189_2669116606659806362,A,2669116606659806362,2.0,0.9713760018348694,0.0024320748634636,0.0139286611229181,13.924822807312012,0.0705043673515319,12.77851104736328,11.85419464111328,573,33.01342010498047,0.2798572480678558,0.0007935974281281,0.0058371010236442,0,1,,,,3.9472057819366455,0.5512380599975586,,21.04052580623769
102159189_2669674055661286334,A,2669674055661286334,3.0,0.2588355243206024,0.690981388092041,0.0159468930214643,10.299498558044434,0.0717331543564796,7.695901393890381,8.459378242492676,827,40.36745071411133,0.0722308978438377,0.001118196407333,0.0046244272962212,0,1,,,,5.5,0.672019898891449,,21.367959797163156
102159191_2683342191661471471,B,2683342191661471471,2.0,0.778796374797821,0.0027994695119559,0.0149223208427429,4.594935894012451,0.0439439974725246,2.831164121627808,2.5769519805908203,479,61.55171585083008,0.7101180553436279,0.0004539114015642,0.0120174465700984,2,1,,,,1.0697158575057983,0.948460042476654,,22.2443013581761
102159191_2686897092659972714,B,2686897092659972714,2.0,0.7003018260002136,0.5328285098075867,0.0145762376487255,4.106670379638672,0.0381745137274265,2.8745367527008057,2.721113443374634,430,47.80038070678711,0.5407156944274902,0.0024712595622986,0.0375378616154193,2,1,,,,1.2107640504837036,1.0966534614562988,,22.366275385578874
102159192_2695197869661844158,A,2695197869661844158,2.0,0.6990385055541992,0.0120337912812829,0.1476005315780639,6.536410808563232,0.0602392554283142,5.409183502197266,6.614943027496338,563,39.81646728515625,0.2074547708034515,0.0006815343513153,0.0016860954929143,0,1,,,,4.905513763427734,1.1728615760803225,,21.86165165133082
102159192_2699004780662092340,A,2699004780662092340,2.0,0.972804844379425,0.0028843539766967,0.0139286611229181,29.516206741333008,0.1148449406027793,24.91846466064453,28.567773818969727,1913,62.522762298583984,0.2015319615602493,0.0,0.0068331900984048,0,1,63.76335144042969,33.47817611694336,,5.499999046325684,1.296866774559021,,20.224848640933445
102159194_2723464956661228420,A,2723464956661228420,2.0,0.6213861703872681,0.3274084329605102,0.014083107933402,10.960408210754396,0.0581044219434261,9.87962245941162,10.26637077331543,666,33.844635009765625,0.0715887397527694,0.0010017427848652,0.0064329332672059,0,1,,,,4.213869571685791,0.6594368815422058,,21.300433176587003
102159195_2734094103661424333,A,2734094103661424333,2.0,0.9702396392822266,0.0024470319040119,0.0147447828203439,35.24306869506836,0.1076427847146987,31.870399475097656,35.56924057006836,2279,62.92749786376953,0.1325301080942154,0.0,0.0085704727098345,0,1,14.94849681854248,77.39778137207031,,4.211164951324463,1.5286599397659302,,20.032315708984836
102159196_2750719383660442039,A,2750719383660442039,2.0,0.9179881811141968,0.0026860148645937,0.0747930780053138,3.8604211807250977,0.0428214855492115,2.99214243888855,3.2076833248138428,448,42.46258163452149,0.2710955440998077,0.0005084438016638,0.022911325097084,2,1,,,,0.6362115740776062,0.9090695977211,,22.433413275570526
102159197_2758626130661770946,B,2758626130661770946,2.0,0.9714301824569702,0.0026077115908265,0.0139286611229181,73.20271301269531,0.1534819453954696,67.00720977783203,60.97826385498047,4462,83.54711151123047,0.0993321910500526,0.0,0.0203000120818614,0,1,72.21578216552734,18.39360618591309,,2.5419294834136963,1.3154864311218262,,19.238682057442517
102159481_2634849207665073829,A,2634849207665073829,2.0,0.9483655095100404,0.003655559848994,0.01610360853374,10.299667358398438,0.0637882128357887,8.882207870483398,11.394831657409668,681,34.91053009033203,0.0426464974880218,0.001568229519762,0.0131541239097714,2,1,,,,5.498193740844727,1.2259434461593628,,21.367942002980957
102159481_2635212626663669301,A,2635212626663669301,2.0,0.4471591413021087,0.49447962641716,0.0359771288931369,103.56890869140624,0.1925075799226761,80.60175323486328,66.16969299316406,8216,217.95579528808597,0.446529746055603,0.0,0.0397452302277088,2,1,54.57174682617188,7.572583198547363,,1.3366987705230713,5.306247234344482,,18.861926499756823
102159482_2642474434666614156,B,2642474434666614156,2.0,0.9710562825202942,0.0024183124769479,0.0139286611229181,7.394662380218506,0.049877218902111,6.558239459991455,6.458415508270264,522,32.83855056762695,0.2217325568199157,0.0001698319392744,0.0099725518375635,2,1,,,,1.21526038646698,0.452047199010849,,21.727704124740846
102159483_2659872799666371332,A,2659872799666371332,2.0,0.9637238383293152,0.0027257830370217,0.0139286611229181,502.2758483886719,0.3860705196857452,458.1431274414063,405.240234375,30042,280.6153564453125,0.3318847715854645,,0.0227375887334346,386,1,19.822139739990234,20.5775089263916,,2.025545358657837,4.031459808349609,,17.147644260273537
102159484_2663190959666793114,A,2663190959666793114,2.0,0.7413316965103149,0.110428549349308,0.132554680109024,6.398783206939697,0.0542742945253849,5.6712164878845215,6.433574676513672,663,50.37192535400391,0.437186986207962,0.0010611583711579,0.0004732169909402,0,1,,,,2.965472936630249,1.05790376663208,,21.884756509084514
102159484_2665581065664778853,B,2665581065664778853,2.0,0.9708777070045472,0.0025134738534688,0.0139286611229181,22.05418586730957,0.085662305355072,17.560781478881836,20.106199264526367,1667,62.51675796508789,0.1948698014020919,0.0,0.0134096387773752,2,1,42.94319915771485,27.453659057617188,,2.0712485313415527,1.4849120378494265,,20.541272424045264
102159485_2680932712664697516,B,2680932712664697516,2.0,0.7661213874816895,0.0203223284333944,0.1225758716464042,16.79662322998047,0.0705571249127388,15.705787658691406,13.52733039855957,923,41.87820053100586,0.2203996628522873,5.914654934713326e-07,0.0063469861634075,0,1,,,,0.9413583874702454,0.6201052665710449,,20.83694504865991
102159485_2681289316665353959,B,2681289316665353959,2.0,0.9581812024116516,0.0095839221030473,0.0139286611229181,54.29334259033203,0.1481111645698547,44.88079452514648,50.32667922973633,4147,107.24690246582033,0.4806637167930603,0.0,0.0144560160115361,0,1,69.81825256347656,16.334680557250977,,5.5,1.8200809955596924,,19.56313355003978
102159486_2691200739666476860,A,2691200739666476860,2.0,0.9702396392822266,0.0024877530522644,0.0139286611229181,19.435407638549805,0.0884433761239051,15.62626838684082,16.22439956665039,1332,53.15338134765625,0.1671037822961807,2.302481334481854e-07,0.0135901225730776,2,1,55.73492050170898,23.5582332611084,,2.508681297302246,1.0930126905441284,,20.678515865094493
102159486_2695397736666928563,A,2695397736666928563,2.0,0.5091872811317444,0.1048765033483505,0.0139286611229181,93.31346130371094,0.2038386762142181,81.83905029296875,89.9798583984375,5924,105.74244689941406,0.2919025719165802,0.0,0.0191996302455663,0,1,67.54460144042969,24.056306838989254,,4.504106044769287,1.7098584175109863,,18.975139252149845
102159487_2702648437664620342,A,2702648437664620342,2.0,0.9024959802627563,0.3107525706291199,0.0196163151413202,20.332996368408203,0.0889253914356231,15.640298843383787,18.026161193847656,1837,66.54556274414062,0.1937716752290725,0.0,0.0156963057816028,2,1,71.43314361572266,12.813190460205078,,4.947166442871094,1.7747752666473389,,20.62949654229111
102159488_2715904729665064695,A,2715904729665064695,2.0,0.8975102305412292,0.0104832323268055,0.1593086421489715,12.878396034240724,0.07707180082798,9.90969944000244,12.177751541137695,1227,50.53669357299805,0.0601425133645534,3.844113962259144e-05,0.015113141387701,2,1,68.98786163330078,13.03724479675293,,5.4996490478515625,1.6131149530410769,,21.125345559221557
102159488_2717571775663564534,A,2717571775663564534,2.0,0.9314946532249452,0.0101066203787922,0.0139286611229181,9.1185302734375,0.0542951375246048,8.061019897460938,8.7941255569458,567,33.357601165771484,0.1915473788976669,0.0010390834650024,0.004609449300915,0,1,,,,3.768657684326172,0.6085493564605713,,21.500187889259394
102159489_2725731664662876609,B,2725731664662876609,2.0,0.9638213515281676,0.0026386661920696,0.0359655506908893,5.478400707244873,0.0455754809081554,4.41889762878418,5.3922295570373535,429,34.86339569091797,0.2548933327198028,0.0003981145564466,0.0016955117462202,0,1,,,,3.5351948738098145,0.860304057598114,,22.053365513182147
102159489_2726981595665987676,A,2726981595665987676,2.0,0.6484962701797485,0.0180931985378265,0.0389504618942737,442.2777404785156,0.3524359464645386,406.1253662109375,295.54400634765625,22117,191.0089874267578,0.1194616556167602,,0.0220382828265428,2,1,33.394386291503906,10.3982515335083,,2.2262463569641118,3.98518967628479,,17.285762294525444
102159489_2728201578663264671,B,2728201578663264671,2.0,0.8509201407432556,0.0025099287740886,0.1189965009689331,8.661064147949219,0.0855786129832267,5.016729354858398,5.976393699645996,454,55.63370132446289,0.5507697463035583,5.1123397071251027e-08,0.0098025035113096,2,1,,,,0.6501589417457581,1.1199712753295898,,21.55607186199194
102159489_2730705167663624037,A,2730705167663624037,3.0,0.4860288798809051,0.684592068195343,0.0439200736582279,22.853456497192383,0.0978808626532554,18.205183029174805,20.32451438903809,1827,64.72859191894531,0.1145065650343895,0.0,0.0136179290711879,2,1,59.25234603881836,23.389036178588867,,2.9022140502929688,1.6599771976470947,,20.502620263150426
102159491_2750401520665356534,B,2750401520665356534,2.0,0.9692885279655457,0.0026328356470912,0.0144230816513299,7.26941442489624,0.0530559755861759,5.709677696228027,6.728643417358398,676,38.17710876464844,0.102190300822258,0.0003352986532263,0.000612964387983,0,1,,,,3.0131850242614746,0.7849863171577454,,21.746251428931792
102159491_2759377187664442986,B,2759377187664442986,2.0,0.6817131042480469,0.0026128585450351,0.5183631181716919,4.460492134094238,0.0396508425474166,3.486847162246704,3.4036672115325928,311,27.11053276062012,0.1207374110817909,0.0006700765807181,0.0004138545191381,0,1,,,,0.3000005781650543,0.5034789443016052,,22.276543055388714
102159771_2643073721671053537,B,2643073721671053537,2.0,0.9713916778564452,0.002453621244058,0.0146079454571008,54.01702117919922,0.136581614613533,44.14137268066406,51.99592208862305,4104,80.26472473144531,0.0776598900556564,0.0,0.0184435378760099,0,1,86.14130401611328,15.55060577392578,,4.796293258666992,1.655742645263672,,19.568673422692154
102159771_2645195528669074866,B,2645195528669074866,2.0,0.9702396392822266,0.002215901389718,0.0160087756812572,23.78126716613769,0.0851322188973426,22.270591735839844,20.85410690307617,1247,36.629844665527344,0.0368146002292633,0.0094481324777007,0.0140588851645588,2,1,43.20513153076172,48.04770278930664,,5.5,0.4675076603889465,,20.45941252015126
102159772_2654573101671251576,A,2654573101671251576,2.0,0.7992425560951233,0.0879952982068061,0.2763857543468475,54.70985794067383,0.1265289932489395,51.86467742919922,50.70326232910156,2506,76.03726959228516,0.3616057932376861,0.0,0.0150499120354652,2,1,7.160891056060791,36.4232063293457,,3.057666778564453,1.1258503198623655,,19.55483603226952
102159772_2657244795670716163,A,2657244795670716163,2.0,0.5364653468132019,0.508794903755188,0.0395689494907856,53.829872131347656,0.1414170265197754,45.41682815551758,49.49333953857422,4388,107.48900604248048,0.2807154357433319,0.0,0.0156602021306753,2,1,52.66188049316406,21.38825225830078,,5.024694919586182,4.153919696807861,,19.572441629539178
102159772_2662654897671699728,B,2662654897671699728,2.0,0.9530913829803468,0.0061785951256752,0.0141932200640439,9.701276779174805,0.058723084628582,8.785734176635742,8.750809669494629,468,29.62996864318848,0.1876129209995269,0.0012394974473863,0.0046116495504975,0,1,,,,1.5613489151000977,0.4653961658477783,,21.432927761844685
102159773_2671366170672094055,B,2671366170672094055,2.0,0.934768795967102,0.0281160380691289,0.0139286611229181,8.831159591674805,0.0617727749049663,7.635005950927734,7.7974853515625,526,30.191102981567383,0.070573404431343,0.0008533415966667,0.0046116495504975,0,1,,,,1.2503070831298828,0.4620440602302551,,21.534955667103404
102159773_2677079122669151496,A,2677079122669151496,2.0,0.9702396392822266,0.0024388250894844,0.0139286611229181,74.30784606933594,0.1595397889614105,66.58012390136719,74.87200164794922,3149,70.59960174560547,0.1787503659725189,0.0,0.0145876994356513,2,1,20.4133243560791,63.438453674316406,,5.347118854522705,1.7967019081115725,,19.222413318064447
102159776_2707047371671953097,A,2707047371671953097,2.0,0.9515981078147888,0.0035883027594536,0.0201255772262811,6.47833251953125,0.0647956579923629,4.997750282287598,4.779644966125488,464,40.615718841552734,0.2158299833536148,8.892331607057713e-06,0.0018640914931893,0,1,,,,0.3000089526176452,0.8199643492698669,,21.871341910770102
102159776_2711220936669189145,B,2711220936669189145,3.0,0.6170847415924072,0.6883163452148438,0.0216056052595376,71.5248794555664,0.1918370574712753,49.14815902709961,53.937156677246094,4216,111.83301544189452,0.3481947481632232,0.0,0.0127369863912463,0,1,38.68672180175781,12.402410507202148,,1.5171042680740356,2.4704465866088867,,19.263857163650385
102159776_2714258099668328507,B,2714258099668328507,2.0,0.9502162933349608,0.0034713400527834,0.0439314469695091,70.17294311523438,0.1473199129104614,66.07185363769531,65.65221405029297,3118,72.93567657470703,0.3357454836368561,0.0,0.0188112016767263,0,1,40.99395751953125,61.59840393066406,,1.785856008529663,1.052631378173828,,19.284575770987296
102159777_2716319161668542331,A,2716319161668542331,2.0,0.9702396392822266,0.0022266146261245,0.0139286611229181,16.354013442993164,0.0911869183182716,15.156051635742188,15.28488826751709,520,27.228708267211918,0.1808239817619323,0.0003448692441452,0.0068208430893719,0,1,,,,2.186173915863037,0.3312622010707855,,20.865939123984646
102159777_2718673262669682284,B,2718673262669682284,2.0,0.902223527431488,0.0030864349100738,0.0139286611229181,33.06246566772461,0.0951754078269004,31.02859115600586,29.011564254760746,1519,55.56756591796875,0.4070458114147186,0.0,0.0142142651602625,2,1,49.40928649902344,37.48715972900391,,2.8525233268737797,0.6174724698066711,,20.101661903986667
102159777_2726775566670351257,A,2726775566670351257,2.0,0.9628779888153076,0.0028474477585405,0.0140888737514615,8.222029685974121,0.0532487109303474,6.889214992523193,6.134133815765381,612,33.37814712524414,0.1343370378017425,0.0005304372753016,0.000987809500657,0,1,,,,0.9060667753219604,0.5588861107826233,,21.612552398787166
102159778_2733418388668044661,A,2733418388668044661,2.0,0.9600979089736938,0.0235542580485343,0.0310170967131853,10.332934379577637,0.070400170981884,8.060275077819824,7.974547863006592,973,55.85115432739258,0.1683924496173858,0.0003056489804293,0.0031439317390322,0,1,,,,1.6724034547805786,1.6513683795928955,,21.364440821590755
102159778_2735946368671378903,A,2735946368671378903,2.0,0.9136369824409484,0.2858505249023437,0.0249399747699499,68.7152328491211,0.1510604470968246,58.32545852661133,63.47126007080078,5004,105.0243148803711,0.3455924689769745,0.0,0.0167661216109991,2,1,31.894004821777344,20.734516143798828,,3.271769762039185,1.2965822219848633,,19.307367443777856
102159779_2743381563669492033,B,2743381563669492033,2.0,0.9714152216911316,0.0025442233309149,0.0139286611229181,19.22441291809082,0.0816192254424095,18.191652297973636,20.939939498901367,1008,42.59748458862305,0.1808558404445648,0.000709549174644,0.0144225554540753,2,1,,,,3.933407068252564,0.7917892336845398,,20.69036728490562
102160055_2646891602674889078,B,2646891602674889078,2.0,0.971064567565918,0.0024402269627898,0.0139286611229181,18.570575714111328,0.0774515494704246,16.628854751586914,19.917102813720703,1204,48.5308723449707,0.1425066888332367,0.0014927806332707,0.0154062146320939,2,1,42.03239059448242,49.87114334106445,,5.499632358551025,1.263986110687256,,20.727936580770898
102160056_2663488981675470136,A,2663488981675470136,2.0,0.4882597029209137,0.1560126692056656,0.0140138193964958,93.84210205078124,0.195884570479393,79.94318389892578,72.72461700439453,6347,122.2283706665039,0.3269900977611542,0.0,0.0219550095498561,0,1,69.04513549804688,18.402816772460938,,1.74886953830719,1.8026015758514404,,18.9690056816103
102160057_2669613885677463506,B,2669613885677463506,2.0,0.9583125710487366,0.0023400005884468,0.0587305016815662,4.90130615234375,0.042944211512804,4.288058757781982,5.018364906311035,276,22.253625869750977,0.0907706543803215,0.0020191143266856,0.0046270317398011,0,1,,,,3.6147615909576416,0.3833862245082855,,22.17422042280389
102160057_2679227916675153944,B,2679227916675153944,2.0,0.9629723429679872,0.0024876771494746,0.026421895250678,15.148265838623049,0.093700386583805,13.170659065246582,14.747366905212402,608,33.338623046875,0.2200599610805511,0.00012163772044,0.0157474447041749,2,1,,,,4.90770149230957,0.6169751286506653,,20.949092705003913
102160058_2684023754674529862,B,2684023754674529862,2.0,0.6818707585334778,0.4361202418804168,0.0299982707947492,9.230484008789062,0.0664664208889007,6.709201812744141,8.499635696411133,1085,58.403717041015625,0.2715975940227508,0.0004904394154436,0.0101147918030619,2,1,,,,5.496427059173584,2.537802219390869,,21.48693881438129
102160058_2689874038672725438,B,2689874038672725438,2.0,0.9721094965934752,0.0050499532371759,0.0139286611229181,10.923521041870115,0.0547212250530719,10.319674491882324,10.875930786132812,457,26.4774169921875,0.2858055531978607,0.0142770493403077,0.0064478609710931,0,1,,,,3.506478309631348,0.2837210595607757,,21.304093376016095
102160058_2690177088672937227,B,2690177088672937227,2.0,0.4822220504283905,0.3004948794841766,0.2319469451904297,17.520753860473633,0.0729399397969245,16.283153533935547,15.00350570678711,1029,42.81342315673828,0.2802053987979889,2.9694346537212368e-08,0.0065327403135597,0,1,,,,1.5865894556045532,0.4324487447738647,,20.791118028753132
102160059_2697821071675011270,B,2697821071675011270,2.0,0.966871976852417,0.0031202093232423,0.0139286611229181,12.595894813537598,0.0660973414778709,11.51591682434082,12.6596040725708,695,31.278276443481445,0.1122794598340988,0.002110423753038,0.0163111370056867,2,1,,,,5.5,0.4759248495101928,,21.14942743687401
102160060_2706622399674599706,B,2706622399674599706,2.0,0.4663530886173248,0.1894170939922332,0.0158206336200237,16.203256607055664,0.0926185697317123,12.718050003051758,14.79794216156006,921,47.77389526367188,0.3373431265354156,0.0008883151458576,0.0159926395863294,2,1,,,,5.499762058258057,0.9788383841514589,,20.875994225320046
102160060_2712298158674755917,A,2712298158674755917,2.0,0.8154571652412415,0.0028344197198748,0.1011432111263275,5.947262763977051,0.0559866353869438,4.681050777435303,6.210838794708252,666,50.03963851928711,0.3710175156593323,0.0007226835004985,0.000446593039669,0,1,,,,5.495782852172852,1.9834519624710083,,21.964207182327446
102160060_2714236250676150798,B,2714236250676150798,2.0,0.5751910209655762,0.3352077901363373,0.1496580392122268,8.061824798583984,0.0605209581553936,6.539466857910156,6.884676933288574,525,29.79194450378418,0.1404646784067154,0.0028844852931797,0.0045967218466103,0,1,,,,5.499999046325684,0.4221688508987427,,21.633916610667967
102160060_2716552208674838777,B,2716552208674838777,2.0,0.9278249740600586,0.0024930562358349,0.0535635016858577,31.111421585083008,0.0982008129358291,28.841657638549805,30.21982765197754,1858,62.031368255615234,0.154764249920845,0.0,0.015554366633296,2,1,21.181230545043945,81.19808197021484,,1.5185436010360718,1.1481267213821411,,20.167700360170087
102160062_2738460691675239507,B,2738460691675239507,2.0,0.8846478462219238,0.0081303874030709,0.0139286611229181,106.3393783569336,0.1937676519155502,87.82462310791016,66.87060546875,6441,171.9183807373047,0.5280925035476685,0.0,0.0129987634718418,2,1,71.95201873779297,8.143563270568848,,2.1646409034729004,2.2373743057250977,,18.833264707076946
102160334_2661812445678287733,B,2661812445678287733,2.0,0.9069935083389282,0.0027035041712224,0.0949976667761802,3.9725325107574463,0.0467604286968708,3.5239803791046143,4.472359657287598,329,29.886119842529297,0.260758638381958,0.0017331144772469,0.0095950756222009,2,1,,,,3.509913921356201,0.5948337316513062,,22.40233134972261
102160334_2665945112680410578,B,2665945112680410578,2.0,0.9697796702384948,0.0023916447535157,0.0174474921077489,9.822802543640137,0.0581488236784935,7.193938732147217,8.964156150817871,819,41.78373336791992,0.1139533445239067,0.001025669160299,0.0004895792226307,0,1,,,,2.778251886367798,0.9180794954299928,,21.41941146495418
102160335_2672690861681717566,B,2672690861681717566,2.0,0.5482284426689148,0.0116825401782989,0.3275237083435058,9.041419982910156,0.0665205270051956,6.3659210205078125,7.918864727020264,661,42.11884307861328,0.2521081864833832,0.0006876511615701,0.0045569208450615,0,1,,,,5.498549461364746,1.2839864492416382,,21.50940839219844
102160335_2672720281680709434,B,2672720281680709434,2.0,0.9685331583023072,0.0032283184118568,0.0232937578111886,18.829713821411133,0.0803242400288581,15.96403980255127,15.46298599243164,1415,61.12779235839844,0.3193872570991516,1.0539407412579749e-05,0.0018564976053312,0,1,78.85936737060547,16.26946258544922,,1.8761385679244995,1.152173399925232,,20.71289070111692
102160335_2673678625680739495,B,2673678625680739495,2.0,0.8585326075553894,0.0026782150380313,0.1314664185047149,6.333571910858154,0.0504775531589984,4.580807685852051,4.5584211349487305,612,41.9152717590332,0.1798171103000641,2.1983880742482143e-06,0.0008818666683509,0,1,,,,0.371138334274292,0.6843461394309998,,21.895878235357465
102160335_2680788986678866937,B,2680788986678866937,2.0,0.9702396392822266,0.002215901389718,0.0139286611229181,7.620302200317383,0.043659221380949,7.225922107696533,6.644636631011963,322,23.00030517578125,0.1024559363722801,0.0007276107207871,0.0057275206781923,0,1,,,,0.8924078941345215,0.3317602872848511,,21.695069513472568
102160335_2682061397679348286,A,2682061397679348286,2.0,0.9282093048095704,0.0025654770433902,0.2660340368747711,12.118560791015623,0.0663027092814445,9.350786209106444,12.94590950012207,1028,46.55079650878906,0.1397116482257843,0.0002275080914841,0.0108524821698665,2,1,,,,4.306103706359863,1.9630613327026367,,21.191372385579832
102160336_2685084962682049281,A,2685084962682049281,2.0,0.7985362410545349,0.0036921848077327,0.0139286611229181,419.1219482421875,0.3886239230632782,361.3573913574219,394.1206665039063,29222,232.0316925048828,0.1561024039983749,,0.0213340576738119,2,1,35.38924026489258,43.60372543334961,,3.972738265991211,5.193459987640381,,17.34414898946345
102160336_2694549514678142483,A,2694549514678142483,2.0,0.97018963098526,0.0029936123173683,0.0146954422816634,29.384735107421875,0.1162663921713829,24.91663360595703,29.97013664245605,2093,64.32477569580078,0.05714076384902,0.0,0.0143947498872876,2,1,41.33282470703125,24.18144798278809,,5.5,2.2717509269714355,,20.229695549842347
102160336_2695945753681853613,A,2695945753681853613,2.0,0.7984582185745239,0.0215063299983739,0.1281295716762542,5.705450057983398,0.0531580001115798,4.318384170532227,5.277227878570557,465,34.48505401611328,0.090644396841526,0.0002587234193924,0.0004455118032637,0,1,,,,5.499516487121582,1.7101908922195437,,22.00927522956513
102160337_2700171490680496942,B,2700171490680496942,2.0,0.9713760018348694,0.00242684292607,0.0139286611229181,13.966522216796877,0.0644514933228492,12.79664707183838,12.071677207946776,796,35.556095123291016,0.1502247750759124,0.001242313766852,0.0140215996652841,2,1,,,,2.2398693561553955,0.5558650493621826,,21.037279308638627
102160337_2701254133678933511,A,2701254133678933511,2.0,0.9588024020195008,0.0081538734957575,0.0139286611229181,32.978267669677734,0.1012844890356063,28.817893981933597,31.14047622680664,2120,58.8047103881836,0.1807183474302292,0.0,0.0093580726534128,0,1,51.81715393066406,52.45491790771485,,3.213265419006348,1.0003952980041504,,20.104430403358485
102160337_2702871940682411776,B,2702871940682411776,3.0,0.4072341918945312,0.6683312654495239,0.0288667362183332,20.51157760620117,0.1008778288960456,16.728500366210938,20.873422622680664,1579,55.38252258300781,0.1172175854444503,5.3579711334350584e-08,0.0160378888249397,2,1,75.05705261230469,11.771483421325684,,5.491473197937012,1.651767015457153,,20.62000233867942
102160337_2703837081680486960,B,2703837081680486960,2.0,0.4783764183521271,0.108575090765953,0.0139286611229181,52.41539001464844,0.1374116390943527,45.6534538269043,53.23945617675781,3179,72.24728393554688,0.2189859896898269,0.0,0.0139398667961359,0,1,73.5955581665039,28.078168869018555,,5.452154159545898,1.554976463317871,,19.601352945846692
102160338_2712384210679392079,A,2712384210679392079,2.0,0.9725278615951538,0.0029560707043856,0.014268547296524,73.38089752197266,0.1877365708351135,56.299278259277344,64.8211898803711,5906,166.81283569335938,0.5858599543571472,0.0,0.0155169228091835,2,1,11.84141731262207,11.564258575439451,,3.3700106143951416,3.386465549468994,,19.236042451726263
102160338_2720592793680584236,B,2720592793680584236,2.0,0.9166154265403748,0.0900345295667648,0.0406298227608203,8.021269798278809,0.0581799447536468,7.074487686157227,7.92066478729248,822,55.36118698120117,0.4207741022109985,7.691053178859875e-05,0.0099816853180527,2,1,,,,1.801349639892578,1.1222081184387207,,21.639392189410017
102160340_2740784519677600444,A,2740784519677600444,2.0,0.8328266143798828,0.0071453731507062,0.1100587621331214,3.938314437866211,0.0385877564549446,3.000235080718994,4.086704254150391,352,32.255615234375,0.3244317173957824,0.0023259343579411,0.00960458163172,2,1,,,,4.249274730682373,1.1000791788101196,,22.411724031072087
102160607_2684058176685650370,B,2684058176685650370,2.0,0.9161074757575988,0.0028253374621272,0.1284542977809906,10.099005699157717,0.0617026388645172,7.937779903411865,7.438940048217773,891,45.56028366088867,0.0936836451292038,0.0005502626299858,0.0009584608487784,0,1,,,,0.4906944036483764,0.7215561866760254,,21.38930345678743
102160607_2685509147685729039,B,2685509147685729039,2.0,0.9702958464622498,0.0031869208905845,0.0140052698552608,12.937350273132324,0.0765075087547302,11.75643253326416,11.656438827514648,888,44.969520568847656,0.2280619889497757,3.452390956226736e-05,0.0053335172124207,0,1,,,,0.8593418002128601,0.6718453168869019,,21.120386658394366
102160610_2725640304686403990,A,2725640304686403990,2.0,0.9730659127235411,0.0029429604765027,0.0139286611229181,85.67703247070312,0.193049818277359,72.51933288574219,83.8675765991211,5564,104.6686553955078,0.1994814574718475,0.0,0.0163091849535703,2,1,57.02077102661133,17.69875144958496,,5.491645336151123,2.3538131713867188,,19.067838960596823
102160610_2728596478683519590,B,2728596478683519590,2.0,0.5882080793380737,0.233052060008049,0.1790314316749572,33.65569305419922,0.1065065786242485,28.902177810668945,34.371864318847656,2399,66.42852020263672,0.264038622379303,0.0,0.0079266326501965,0,1,77.699462890625,29.00871086120605,,4.93595552444458,1.3200396299362185,,20.082353654536377
102160610_2729256016684457774,A,2729256016684457774,2.0,0.9501388072967528,0.0025298891123384,0.0848134532570838,3.9211933612823486,0.0398819185793399,2.75891637802124,2.812886476516724,382,31.86039161682129,0.1666351109743118,0.0008801786461845,0.0007615668000653,0,1,,,,0.6883455514907837,0.6226693391799927,,22.41645435327307
102160611_2740328687682808789,A,2740328687682808789,3.0,0.4313491284847259,0.5891900658607483,0.2306637465953827,60.745849609375,0.1638040393590927,49.77318572998047,51.3494758605957,4887,110.78577423095705,0.2266316562891006,0.0,0.016454592347145,0,1,66.78469848632812,14.717025756835938,,2.472907543182373,2.755380868911743,,19.441208473473154
