stamp_file,label,object_id,lens_id,grade,phz_label,vis_magnitude,right_ascension,declination,selection_rank,matched_lens_id
stamps/102018665_NEG570040238507752998_VIS_101.fits,1,-570040238507752998,102018665_NEG570040238507752998,A,2.0,22.2986,57.00402384909541,-50.77529982012066,,
stamps/102018665_NEG575758716509311713_VIS_101.fits,1,-575758716509311713,102018665_NEG575758716509311713,B,2.0,21.7147,57.57587163373043,-50.93117135678407,,
stamps/102018665_NEG576731213511114485_VIS_101.fits,1,-576731213511114485,102018665_NEG576731213511114485,B,2.0,20.7632,57.673121347036805,-51.11144854158032,,
stamps/102018666_NEG579859279508531437_VIS_101.fits,1,-579859279508531437,102018666_NEG579859279508531437,A,2.0,19.9484,57.9859279150053,-50.8531437640506,,
stamps/102018667_NEG587746535508057234_VIS_101.fits,1,-587746535508057234,102018667_NEG587746535508057234,A,2.0,21.1501,58.77465354947828,-50.80572343047943,,
stamps/102018668_NEG595646727509469177_VIS_101.fits,1,-595646727509469177,102018668_NEG595646727509469177,A,2.0,20.5755,59.56467277951752,-50.94691775377698,,
stamps/102019123_NEG564667438505382529_VIS_101.fits,1,-564667438505382529,102019123_NEG564667438505382529,A,2.0,19.0213,56.46674380313999,-50.538252942693255,,
stamps/102019123_NEG567245233502945885_VIS_101.fits,1,-567245233502945885,102019123_NEG567245233502945885,A,2.0,20.2164,56.724523328272205,-50.294588554343285,,
stamps/102019124_NEG572893989502570421_VIS_101.fits,1,-572893989502570421,102019124_NEG572893989502570421,B,2.0,21.325,57.28939899045425,-50.25704215991417,,
stamps/102019125_NEG583028233504223644_VIS_101.fits,1,-583028233504223644,102019125_NEG583028233504223644,A,2.0,18.9616,58.30282338830154,-50.422364440621735,,
stamps/102019125_NEG586359480506090347_VIS_101.fits,1,-586359480506090347,102019125_NEG586359480506090347,B,2.0,20.3392,58.635948080698455,-50.6090347691809,,
stamps/102019126_NEG589597149505340169_VIS_101.fits,1,-589597149505340169,102019126_NEG589597149505340169,B,2.0,21.192,58.95971490317726,-50.534016951929694,,
stamps/102019126_NEG589666030505609975_VIS_101.fits,1,-589666030505609975,102019126_NEG589666030505609975,B,2.0,19.3813,58.96660305543228,-50.56099752385071,,
stamps/102019127_NEG596525941504553950_VIS_101.fits,1,-596525941504553950,102019127_NEG596525941504553950,B,2.0,21.7202,59.65259418635493,-50.45539508343109,,
stamps/102019127_NEG598523367504401932_VIS_101.fits,1,-598523367504401932,102019127_NEG598523367504401932,A,2.0,20.4843,59.85233674701816,-50.44019327178667,,
stamps/102019127_NEG600585702506652323_VIS_101.fits,1,-600585702506652323,102019127_NEG600585702506652323,B,2.0,21.3842,60.05857024580175,-50.665232340817234,,
stamps/102019128_NEG607555025503027911_VIS_101.fits,1,-607555025503027911,102019128_NEG607555025503027911,A,2.0,19.9139,60.75550251121874,-50.30279115677251,,
stamps/102019128_NEG608928997504779012_VIS_101.fits,1,-608928997504779012,102019128_NEG608928997504779012,A,2.0,19.3978,60.892899780474096,-50.47790122954819,,
stamps/102019128_NEG609723701504645522_VIS_101.fits,1,-609723701504645522,102019128_NEG609723701504645522,B,2.0,20.7213,60.97237010457565,-50.46455227797104,,
stamps/102019129_NEG617672661504204895_VIS_101.fits,1,-617672661504204895,102019129_NEG617672661504204895,B,2.0,20.8223,61.767266142832256,-50.42048955522782,,
stamps/102019131_NEG626148898503257561_VIS_101.fits,1,-626148898503257561,102019131_NEG626148898503257561,B,2.0,19.3708,62.61488980991852,-50.32575613428242,,
stamps/102019586_NEG564463213499964061_VIS_101.fits,1,-564463213499964061,102019586_NEG564463213499964061,A,2.0,19.8974,56.446321381015146,-49.99640612068045,,
stamps/102019587_NEG569380954497924981_VIS_101.fits,1,-569380954497924981,102019587_NEG569380954497924981,B,2.0,20.0853,56.93809545828947,-49.79249811828738,,
stamps/102019588_NEG576940500501085311_VIS_101.fits,1,-576940500501085311,102019588_NEG576940500501085311,B,2.0,22.2491,57.69405005356776,-50.108531146574514,,
stamps/102019588_NEG579781735502176069_VIS_101.fits,1,-579781735502176069,102019588_NEG579781735502176069,A,2.0,22.4739,57.9781735251624,-50.21760698874812,,
stamps/102019588_NEG581189290502362418_VIS_101.fits,1,-581189290502362418,102019588_NEG581189290502362418,A,2.0,22.4639,58.11892905861379,-50.23624183385024,,
stamps/102019590_NEG590843564499562054_VIS_101.fits,1,-590843564499562054,102019590_NEG590843564499562054,B,2.0,19.1468,59.08435649176262,-49.956205403697886,,
stamps/102019591_NEG601417531499600002_VIS_101.fits,1,-601417531499600002,102019591_NEG601417531499600002,B,2.0,19.9693,60.14175313788287,-49.96000027775544,,
stamps/102019592_NEG606434619500983922_VIS_101.fits,1,-606434619500983922,102019592_NEG606434619500983922,A,2.0,21.6748,60.64346193262833,-50.09839222917177,,
stamps/102019593_NEG612269334502356628_VIS_101.fits,1,-612269334502356628,102019593_NEG612269334502356628,B,2.0,18.9824,61.2269334375336,-50.23566282725229,,
stamps/102019595_NEG630246532498667881_VIS_101.fits,1,-630246532498667881,102019595_NEG630246532498667881,A,2.0,22.3422,63.02465323974107,-49.8667881732315,,
stamps/102019596_NEG637748088500119037_VIS_101.fits,1,-637748088500119037,102019596_NEG637748088500119037,B,2.0,19.1057,63.77480885130131,-50.01190374108312,,
stamps/102020054_NEG554364696495554940_VIS_101.fits,1,-554364696495554940,102020054_NEG554364696495554940,B,2.0,21.6055,55.43646960793195,-49.55549405557734,,
stamps/102020054_NEG556215936492901652_VIS_101.fits,1,-556215936492901652,102020054_NEG556215936492901652,B,2.0,20.6226,55.62159369817304,-49.290165222546975,,
stamps/102020055_NEG563894315496088157_VIS_101.fits,1,-563894315496088157,102020055_NEG563894315496088157,A,2.0,22.3475,56.38943151491934,-49.60881575787721,,
stamps/102020055_NEG564676209494509344_VIS_101.fits,1,-564676209494509344,102020055_NEG564676209494509344,A,2.0,19.1927,56.46762095259402,-49.45093443791871,,
stamps/102020056_NEG568919155497446978_VIS_101.fits,1,-568919155497446978,102020056_NEG568919155497446978,A,2.0,20.6463,56.89191554837005,-49.74469783990281,,
stamps/102020056_NEG569381219495998178_VIS_101.fits,1,-569381219495998178,102020056_NEG569381219495998178,A,2.0,20.6103,56.93812190358718,-49.599817875364536,,
stamps/102020056_NEG570002701495855213_VIS_101.fits,1,-570002701495855213,102020056_NEG570002701495855213,B,2.0,21.5921,57.00027019393232,-49.58552134143774,,
stamps/102020056_NEG571928631495947554_VIS_101.fits,1,-571928631495947554,102020056_NEG571928631495947554,B,2.0,20.0603,57.19286316195864,-49.594755430177614,,
stamps/102020056_NEG573379534495223440_VIS_101.fits,1,-573379534495223440,102020056_NEG573379534495223440,B,2.0,20.2094,57.337953416835866,-49.52234409795684,,
stamps/102020057_NEG582019329494705421_VIS_101.fits,1,-582019329494705421,102020057_NEG582019329494705421,A,2.0,20.2107,58.20193296550151,-49.470542185359534,,
stamps/102020059_NEG590814898493650143_VIS_101.fits,1,-590814898493650143,102020059_NEG590814898493650143,B,2.0,20.0349,59.08148989976037,-49.36501436418274,,
stamps/102020059_NEG595972740496354540_VIS_101.fits,1,-595972740496354540,102020059_NEG595972740496354540,A,2.0,21.0568,59.597274098977714,-49.63545403109507,,
stamps/102020060_NEG598920538496078263_VIS_101.fits,1,-598920538496078263,102020060_NEG598920538496078263,A,2.0,20.9748,59.89205385113966,-49.607826345265366,,
stamps/102020061_NEG607087127495633316_VIS_101.fits,1,-607087127495633316,102020061_NEG607087127495633316,A,2.0,19.3101,60.70871278898007,-49.56333168622921,,
stamps/102020061_NEG608203827493491303_VIS_101.fits,1,-608203827493491303,102020061_NEG608203827493491303,B,2.0,21.767,60.82038274569893,-49.34913030126828,,
stamps/102020061_NEG612388468493726389_VIS_101.fits,1,-612388468493726389,102020061_NEG612388468493726389,A,2.0,19.3894,61.23884687469332,-49.37263896690335,,
stamps/102020062_NEG617330086494647877_VIS_101.fits,1,-617330086494647877,102020062_NEG617330086494647877,A,2.0,18.1906,61.73300862196033,-49.46478776977762,,
stamps/102020062_NEG618346672492559568_VIS_101.fits,1,-618346672492559568,102020062_NEG618346672492559568,B,2.0,21.8643,61.834667299199765,-49.25595680573238,,
stamps/102020063_NEG625857431494380658_VIS_101.fits,1,-625857431494380658,102020063_NEG625857431494380658,B,2.0,21.4863,62.585743181309965,-49.43806588628296,,
stamps/102020063_NEG626156743494681651_VIS_101.fits,1,-626156743494681651,102020063_NEG626156743494681651,B,2.0,19.2605,62.615674305347206,-49.46816512016682,,
stamps/102020064_NEG630441470494718517_VIS_101.fits,1,-630441470494718517,102020064_NEG630441470494718517,A,2.0,21.9742,63.04414702952862,-49.4718517641365,,
stamps/102020064_NEG635823575494037615_VIS_101.fits,1,-635823575494037615,102020064_NEG635823575494037615,B,2.0,21.1624,63.5823575504392,-49.40376153048183,,
stamps/102020064_NEG635872258496841682_VIS_101.fits,1,-635872258496841682,102020064_NEG635872258496841682,A,2.0,20.8032,63.58722583981298,-49.68416823937899,,
stamps/102020065_NEG639706305497277844_VIS_101.fits,1,-639706305497277844,102020065_NEG639706305497277844,B,2.0,19.3329,63.97063058883589,-49.727784447975104,,
stamps/102020066_NEG645419324493086283_VIS_101.fits,1,-645419324493086283,102020066_NEG645419324493086283,A,2.0,19.0885,64.54193243783828,-49.30862837005427,,
stamps/102020528_NEG554976975487853956_VIS_101.fits,1,-554976975487853956,102020528_NEG554976975487853956,A,2.0,19.311,55.497697503788665,-48.785395695423865,,
stamps/102020528_NEG557594873487530963_VIS_101.fits,1,-557594873487530963,102020528_NEG557594873487530963,A,2.0,19.6698,55.75948739301225,-48.753096396542105,,
stamps/102020528_NEG557780503491374019_VIS_101.fits,1,-557780503491374019,102020528_NEG557780503491374019,B,2.0,21.9977,55.77805038496869,-49.13740190644816,,
stamps/102020528_NEG558800896491551043_VIS_101.fits,1,-558800896491551043,102020528_NEG558800896491551043,B,2.0,22.2428,55.880089681433006,-49.15510438781556,,
stamps/102020528_NEG561683562487885174_VIS_101.fits,1,-561683562487885174,102020528_NEG561683562487885174,A,2.0,20.2872,56.16835627448652,-48.7885174830928,,
stamps/102020528_NEG562073760492316605_VIS_101.fits,1,-562073760492316605,102020528_NEG562073760492316605,B,2.0,19.19,56.20737601280353,-49.23166055034346,,
stamps/102020529_NEG564427129491602014_VIS_101.fits,1,-564427129491602014,102020529_NEG564427129491602014,B,2.0,20.5227,56.442712921370415,-49.16020146642965,,
stamps/102020529_NEG566452754492393104_VIS_101.fits,1,-566452754492393104,102020529_NEG566452754492393104,A,2.0,20.6894,56.64527541741643,-49.23931044272282,,
stamps/102020530_NEG571638103490331545_VIS_101.fits,1,-571638103490331545,102020530_NEG571638103490331545,B,2.0,22.2594,57.16381035568261,-49.03315451807532,,
stamps/102020530_NEG572303674490459976_VIS_101.fits,1,-572303674490459976,102020530_NEG572303674490459976,B,2.0,20.1328,57.230367495986805,-49.04599764138084,,
stamps/102020530_NEG572378924491097026_VIS_101.fits,1,-572378924491097026,102020530_NEG572378924491097026,B,2.0,19.6812,57.23789245830907,-49.10970265313149,,
stamps/102020530_NEG575336420489680805_VIS_101.fits,1,-575336420489680805,102020530_NEG575336420489680805,B,2.0,19.8058,57.53364206673457,-48.96808058090636,,
stamps/102020531_NEG579471354491627648_VIS_101.fits,1,-579471354491627648,102020531_NEG579471354491627648,A,2.0,21.2106,57.9471354749442,-49.16276485789378,,
stamps/102020532_NEG584961967491933103_VIS_101.fits,1,-584961967491933103,102020532_NEG584961967491933103,A,2.0,21.951,58.49619670592336,-49.19331030851976,,
stamps/102020532_NEG585131565488109327_VIS_101.fits,1,-585131565488109327,102020532_NEG585131565488109327,B,2.0,21.3094,58.51315652251934,-48.81093274345079,,
stamps/102020532_NEG589257492489565961_VIS_101.fits,1,-589257492489565961,102020532_NEG589257492489565961,A,2.0,19.2424,58.92574921328832,-48.95659616705754,,
stamps/102020532_NEG591117402487550021_VIS_101.fits,1,-591117402487550021,102020532_NEG591117402487550021,A,2.0,21.0518,59.11174027572756,-48.75500215813452,,
stamps/102020532_NEG592320863488461402_VIS_101.fits,1,-592320863488461402,102020532_NEG592320863488461402,B,2.0,22.4313,59.23208639600032,-48.84614020430707,,
stamps/102020533_NEG596261344490617547_VIS_101.fits,1,-596261344490617547,102020533_NEG596261344490617547,A,2.0,21.4712,59.62613444089271,-49.06175479865302,,
stamps/102020534_NEG600985388487893328_VIS_101.fits,1,-600985388487893328,102020534_NEG600985388487893328,A,2.0,20.7671,60.09853883829494,-48.78933287381373,,
stamps/102020534_NEG604929086489066527_VIS_101.fits,1,-604929086489066527,102020534_NEG604929086489066527,B,2.0,19.977,60.49290865450189,-48.9066527916342,,
stamps/102020535_NEG608150353491434608_VIS_101.fits,1,-608150353491434608,102020535_NEG608150353491434608,B,2.0,21.6316,60.81503538394456,-49.143460836132256,,
stamps/102020536_NEG621645331488224037_VIS_101.fits,1,-621645331488224037,102020536_NEG621645331488224037,A,2.0,21.1517,62.1645331458563,-48.82240372116829,,
stamps/102020537_NEG623663816492513043_VIS_101.fits,1,-623663816492513043,102020537_NEG623663816492513043,A,2.0,18.7621,62.36638161121404,-49.251304338614574,,
stamps/102020537_NEG626913533487999205_VIS_101.fits,1,-626913533487999205,102020537_NEG626913533487999205,B,2.0,20.9471,62.69135336338961,-48.79992054178796,,
stamps/102020538_NEG631689440492354239_VIS_101.fits,1,-631689440492354239,102020538_NEG631689440492354239,A,2.0,22.3877,63.16894406176176,-49.23542398043353,,
stamps/102020538_NEG637045736489835935_VIS_101.fits,1,-637045736489835935,102020538_NEG637045736489835935,A,2.0,21.6439,63.704573695260834,-48.983593566794056,,
stamps/102020539_NEG639239120489296299_VIS_101.fits,1,-639239120489296299,102020539_NEG639239120489296299,A,2.0,18.4355,63.92391201757077,-48.92962998662928,,
stamps/102020539_NEG640534948489252606_VIS_101.fits,1,-640534948489252606,102020539_NEG640534948489252606,B,2.0,22.1596,64.05349482739716,-48.9252606890651,,
stamps/102020539_NEG641383802490968352_VIS_101.fits,1,-641383802490968352,102020539_NEG641383802490968352,A,2.0,21.5983,64.13838028821728,-49.09683520382191,,
stamps/102020539_NEG642885250488814700_VIS_101.fits,1,-642885250488814700,102020539_NEG642885250488814700,A,2.0,22.3554,64.28852506159132,-48.88147008679599,,
stamps/102021006_NEG554672577486973111_VIS_101.fits,1,-554672577486973111,102021006_NEG554672577486973111,A,2.0,22.1855,55.46725774971254,-48.69731117993872,,
stamps/102021008_NEG569571426487440793_VIS_101.fits,1,-569571426487440793,102021008_NEG569571426487440793,A,2.0,19.7333,56.95714260917783,-48.74407934750487,,
stamps/102021009_NEG577024787484062221_VIS_101.fits,1,-577024787484062221,102021009_NEG577024787484062221,A,2.0,20.4005,57.70247875982041,-48.40622214909423,,
stamps/102021010_NEG581199679484613010_VIS_101.fits,1,-581199679484613010,102021010_NEG581199679484613010,B,2.0,21.4867,58.119967906294704,-48.46130106505595,,
stamps/102021012_NEG594963796484947260_VIS_101.fits,1,-594963796484947260,102021012_NEG594963796484947260,A,2.0,20.3988,59.49637969470766,-48.494726093546255,,
stamps/102021012_NEG595807815483116843_VIS_101.fits,1,-595807815483116843,102021012_NEG595807815483116843,B,2.0,20.1976,59.58078150513329,-48.31168430485456,,
stamps/102021013_NEG602940269483238112_VIS_101.fits,1,-602940269483238112,102021013_NEG602940269483238112,B,2.0,19.7426,60.29402695508576,-48.32381123584299,,
stamps/102021013_NEG606090281487314103_VIS_101.fits,1,-606090281487314103,102021013_NEG606090281487314103,B,2.0,19.7538,60.60902818000293,-48.73141034503661,,
stamps/102021014_NEG610047486487275523_VIS_101.fits,1,-610047486487275523,102021014_NEG610047486487275523,A,2.0,19.427,61.0047486834014,-48.72755230023029,,
stamps/102021014_NEG612545150486042170_VIS_101.fits,1,-612545150486042170,102021014_NEG612545150486042170,A,2.0,21.4978,61.25451503132635,-48.60421707977,,
stamps/102021014_NEG613552795482722691_VIS_101.fits,1,-613552795482722691,102021014_NEG613552795482722691,B,2.0,20.2787,61.35527953096157,-48.272269146205225,,
stamps/102021014_NEG614981615482506340_VIS_101.fits,1,-614981615482506340,102021014_NEG614981615482506340,B,2.0,22.0755,61.49816157729836,-48.25063403193359,,
stamps/102021014_NEG616133820483754774_VIS_101.fits,1,-616133820483754774,102021014_NEG616133820483754774,A,2.0,20.4471,61.61338207712614,-48.37547746153754,,
stamps/102021015_NEG616932997484302318_VIS_101.fits,1,-616932997484302318,102021015_NEG616932997484302318,B,2.0,18.0068,61.69329975421426,-48.430231815488426,,
stamps/102021016_NEG626678160486839020_VIS_101.fits,1,-626678160486839020,102021016_NEG626678160486839020,A,2.0,20.9277,62.66781600751191,-48.68390205226024,,
stamps/102021016_NEG627891706482718950_VIS_101.fits,1,-627891706482718950,102021016_NEG627891706482718950,A,2.0,19.9401,62.78917068450788,-48.27189506638918,,
stamps/102021016_NEG627937046483290884_VIS_101.fits,1,-627937046483290884,102021016_NEG627937046483290884,A,2.0,19.6387,62.793704662662094,-48.32908846893992,,
stamps/102021016_NEG629139696484887212_VIS_101.fits,1,-629139696484887212,102021016_NEG629139696484887212,A,2.0,19.7626,62.91396966118239,-48.48872120604349,,
stamps/102021016_NEG629685198482852633_VIS_101.fits,1,-629685198482852633,102021016_NEG629685198482852633,B,2.0,20.5865,62.96851985754328,-48.285263348191855,,
stamps/102021017_NEG633207820486535571_VIS_101.fits,1,-633207820486535571,102021017_NEG633207820486535571,B,2.0,21.651,63.32078207823651,-48.6535571859489,,
stamps/102021017_NEG634146279486865014_VIS_101.fits,1,-634146279486865014,102021017_NEG634146279486865014,A,2.0,20.5599,63.41462793838686,-48.6865014442007,,
stamps/102021017_NEG637928660482715254_VIS_101.fits,1,-637928660482715254,102021017_NEG637928660482715254,A,2.0,22.3539,63.79286609060805,-48.27152549809416,,
stamps/102021018_NEG640120110483854165_VIS_101.fits,1,-640120110483854165,102021018_NEG640120110483854165,A,2.0,20.5821,64.01201105416371,-48.385416518032095,,
stamps/102021019_NEG651956451483599583_VIS_101.fits,1,-651956451483599583,102021019_NEG651956451483599583,A,2.0,21.0915,65.1956451002235,-48.35995837358245,,
stamps/102021020_NEG656951229482999258_VIS_101.fits,1,-656951229482999258,102021020_NEG656951229482999258,B,2.0,21.8257,65.69512293447303,-48.29992584867339,,
stamps/102021020_NEG657545464483151702_VIS_101.fits,1,-657545464483151702,102021020_NEG657545464483151702,A,2.0,22.3871,65.7545464958331,-48.31517021319289,,
stamps/102021491_NEG571345829477653406_VIS_101.fits,1,-571345829477653406,102021491_NEG571345829477653406,B,2.0,20.6364,57.13458292532511,-47.76534068188999,,
stamps/102021492_NEG575201344482287786_VIS_101.fits,1,-575201344482287786,102021492_NEG575201344482287786,A,2.0,22.4863,57.52013446409377,-48.228778611310375,,
stamps/102021492_NEG579460447477747720_VIS_101.fits,1,-579460447477747720,102021492_NEG579460447477747720,B,2.0,18.7873,57.94604475103274,-47.77477209107829,,
stamps/102021492_NEG580553783482399812_VIS_101.fits,1,-580553783482399812,102021492_NEG580553783482399812,A,2.0,21.2104,58.05537835500126,-48.2399812580102,,
stamps/102021493_NEG583380599480841946_VIS_101.fits,1,-583380599480841946,102021493_NEG583380599480841946,B,2.0,20.4278,58.33805998902349,-48.08419465949512,,
stamps/102021493_NEG584317889477816598_VIS_101.fits,1,-584317889477816598,102021493_NEG584317889477816598,B,2.0,21.7292,58.43178892264506,-47.781659836956656,,
stamps/102021493_NEG584908045481892408_VIS_101.fits,1,-584908045481892408,102021493_NEG584908045481892408,B,2.0,22.0648,58.49080454415064,-48.18924082046728,,
stamps/102021493_NEG586398445479765591_VIS_101.fits,1,-586398445479765591,102021493_NEG586398445479765591,A,2.0,22.0365,58.6398445644672,-47.97655913222404,,
stamps/102021493_NEG587807121477852004_VIS_101.fits,1,-587807121477852004,102021493_NEG587807121477852004,A,2.0,19.8625,58.78071211885828,-47.78520044646224,,
stamps/102021495_NEG596705787481338553_VIS_101.fits,1,-596705787481338553,102021495_NEG596705787481338553,B,2.0,21.0071,59.67057874004436,-48.13385535539454,,
stamps/102021496_NEG603335199478099381_VIS_101.fits,1,-603335199478099381,102021496_NEG603335199478099381,B,2.0,22.129,60.33351994539934,-47.80993814195615,,
stamps/102021497_NEG611694459481354870_VIS_101.fits,1,-611694459481354870,102021497_NEG611694459481354870,B,2.0,20.3049,61.16944594252457,-48.13548704773953,,
stamps/102021497_NEG615658160478755691_VIS_101.fits,1,-615658160478755691,102021497_NEG615658160478755691,A,2.0,21.4789,61.56581602527029,-47.875569126860064,,
stamps/102021498_NEG620710751479897662_VIS_101.fits,1,-620710751479897662,102021498_NEG620710751479897662,B,2.0,20.8625,62.07107515139318,-47.98976626518308,,
stamps/102021498_NEG622697531480704134_VIS_101.fits,1,-622697531480704134,102021498_NEG622697531480704134,A,2.0,19.9426,62.26975319129441,-48.07041343601949,,
stamps/102021499_NEG628042951482285714_VIS_101.fits,1,-628042951482285714,102021499_NEG628042951482285714,B,2.0,20.477,62.80429513652352,-48.228571450804566,,
stamps/102021499_NEG630283151478334717_VIS_101.fits,1,-630283151478334717,102021499_NEG630283151478334717,A,2.0,22.3185,63.028315136446025,-47.8334717012344,,
stamps/102021499_NEG631323422479949628_VIS_101.fits,1,-631323422479949628,102021499_NEG631323422479949628,A,2.0,21.8242,63.13234225032457,-47.994962855931306,,
stamps/102021499_NEG632503018480736583_VIS_101.fits,1,-632503018480736583,102021499_NEG632503018480736583,B,2.0,19.5141,63.25030187037567,-48.073658352372775,,
stamps/102021500_NEG636294430480333264_VIS_101.fits,1,-636294430480333264,102021500_NEG636294430480333264,A,2.0,18.8708,63.629443096530274,-48.03332641580719,,
stamps/102021500_NEG636862073478549953_VIS_101.fits,1,-636862073478549953,102021500_NEG636862073478549953,B,2.0,19.7053,63.68620732648826,-47.854995308359584,,
stamps/102021501_NEG642870048480955813_VIS_101.fits,1,-642870048480955813,102021501_NEG642870048480955813,A,2.0,20.4104,64.2870048302998,-48.09558136723311,,
stamps/102021502_NEG651338380481989567_VIS_101.fits,1,-651338380481989567,102021502_NEG651338380481989567,B,2.0,19.3677,65.1338380431143,-48.19895674114229,,
stamps/102021502_NEG653108030479223468_VIS_101.fits,1,-653108030479223468,102021502_NEG653108030479223468,B,2.0,20.2932,65.31080305209322,-47.922346850015,,
stamps/102021503_NEG655073934479995542_VIS_101.fits,1,-655073934479995542,102021503_NEG655073934479995542,A,2.0,18.9459,65.50739347435011,-47.999554233282666,,
stamps/102021503_NEG656130209478570072_VIS_101.fits,1,-656130209478570072,102021503_NEG656130209478570072,B,2.0,20.6305,65.61302094240996,-47.85700724338475,,
stamps/102021504_NEG663164014479278882_VIS_101.fits,1,-663164014479278882,102021504_NEG663164014479278882,A,2.0,22.0536,66.31640147748985,-47.92788825569146,,
stamps/102021504_NEG664151473481313012_VIS_101.fits,1,-664151473481313012,102021504_NEG664151473481313012,A,2.0,20.799,66.41514731280975,-48.1313012839126,,
stamps/102021504_NEG664270221479670737_VIS_101.fits,1,-664270221479670737,102021504_NEG664270221479670737,B,2.0,22.2433,66.42702212332838,-47.96707373847487,,
stamps/102021504_NEG666846889481107505_VIS_101.fits,1,-666846889481107505,102021504_NEG666846889481107505,A,2.0,21.2658,66.6846889176653,-48.11075055876625,,
stamps/102021504_NEG667954670479292514_VIS_101.fits,1,-667954670479292514,102021504_NEG667954670479292514,B,2.0,19.537,66.79546707520412,-47.92925147815606,,
stamps/102021504_NEG669028748480810029_VIS_101.fits,1,-669028748480810029,102021504_NEG669028748480810029,B,2.0,21.6183,66.90287483290972,-48.081002932370325,,
stamps/102021978_NEG565786336477092595_VIS_101.fits,1,-565786336477092595,102021978_NEG565786336477092595,B,2.0,20.754,56.57863366543075,-47.70925955973561,,
stamps/102021980_NEG576667803474825283_VIS_101.fits,1,-576667803474825283,102021980_NEG576667803474825283,A,2.0,19.0164,57.66678036613653,-47.48252837001076,,
stamps/102021980_NEG577646036477033395_VIS_101.fits,1,-577646036477033395,102021980_NEG577646036477033395,A,2.0,21.3432,57.76460363684858,-47.703339537723664,,
stamps/102021980_NEG580387113476956642_VIS_101.fits,1,-580387113476956642,102021980_NEG580387113476956642,A,2.0,21.8995,58.03871130646088,-47.695664261641575,,
stamps/102021981_NEG583343318473770500_VIS_101.fits,1,-583343318473770500,102021981_NEG583343318473770500,B,2.0,20.03,58.33433186316805,-47.37705009545618,,
stamps/102021981_NEG586493481476452509_VIS_101.fits,1,-586493481476452509,102021981_NEG586493481476452509,A,2.0,19.7072,58.64934816918978,-47.64525099288048,,
stamps/102021982_NEG590483847476549202_VIS_101.fits,1,-590483847476549202,102021982_NEG590483847476549202,B,2.0,21.6841,59.04838472769886,-47.65492024159551,,
stamps/102021982_NEG593574657477168830_VIS_101.fits,1,-593574657477168830,102021982_NEG593574657477168830,B,2.0,22.0518,59.35746571253708,-47.71688303229656,,
stamps/102021982_NEG594322234473727139_VIS_101.fits,1,-594322234473727139,102021982_NEG594322234473727139,B,2.0,21.9574,59.43222341809382,-47.372713987877226,,
stamps/102021982_NEG594333174476368664_VIS_101.fits,1,-594333174476368664,102021982_NEG594333174476368664,B,2.0,22.0788,59.43331745903771,-47.63686642414596,,
stamps/102021982_NEG597271535474325465_VIS_101.fits,1,-597271535474325465,102021982_NEG597271535474325465,B,2.0,18.8009,59.7271535701174,-47.43254656415838,,
stamps/102021984_NEG605671540476154903_VIS_101.fits,1,-605671540476154903,102021984_NEG605671540476154903,B,2.0,20.6788,60.56715403848347,-47.615490394669344,,
stamps/102021984_NEG609678648473892045_VIS_101.fits,1,-609678648473892045,102021984_NEG609678648473892045,A,2.0,21.3121,60.96786484901045,-47.38920450452581,,
stamps/102021984_NEG610367881474644147_VIS_101.fits,1,-610367881474644147,102021984_NEG610367881474644147,A,2.0,20.9299,61.03678813026211,-47.46441472398151,,
stamps/102021985_NEG615462575476067577_VIS_101.fits,1,-615462575476067577,102021985_NEG615462575476067577,B,2.0,21.5011,61.54625759294912,-47.60675777390789,,
stamps/102021986_NEG619535738476339304_VIS_101.fits,1,-619535738476339304,102021986_NEG619535738476339304,A,2.0,21.098,61.9535738292272,-47.63393044312661,,
stamps/102021986_NEG621796804473410288_VIS_101.fits,1,-621796804473410288,102021986_NEG621796804473410288,B,2.0,20.5147,62.179680491291656,-47.34102886093636,,
stamps/102021986_NEG622189376472948583_VIS_101.fits,1,-622189376472948583,102021986_NEG622189376472948583,B,2.0,19.0819,62.21893769144855,-47.29485831343858,,
stamps/102021986_NEG622483671477358161_VIS_101.fits,1,-622483671477358161,102021986_NEG622483671477358161,B,2.0,21.3307,62.24836718683294,-47.73581613037174,,
stamps/102021986_NEG624049517477067447_VIS_101.fits,1,-624049517477067447,102021986_NEG624049517477067447,B,2.0,21.719,62.40495179198199,-47.70674479492207,,
stamps/102021987_NEG632575884473969454_VIS_101.fits,1,-632575884473969454,102021987_NEG632575884473969454,A,2.0,21.951,63.25758842582554,-47.396945472706,,
stamps/102021988_NEG636381546474267847_VIS_101.fits,1,-636381546474267847,102021988_NEG636381546474267847,B,2.0,21.1334,63.63815462617454,-47.42678472523166,,
stamps/102021988_NEG637845892475954405_VIS_101.fits,1,-637845892475954405,102021988_NEG637845892475954405,A,2.0,21.0218,63.784589200839584,-47.5954405864353,,
stamps/102021988_NEG640289253474412348_VIS_101.fits,1,-640289253474412348,102021988_NEG640289253474412348,A,2.0,19.16,64.0289253232282,-47.44123483439196,,
stamps/102021989_NEG644172618476134973_VIS_101.fits,1,-644172618476134973,102021989_NEG644172618476134973,A,2.0,22.011,64.41726186763333,-47.61349731436477,,
stamps/102021990_NEG650312660474055399_VIS_101.fits,1,-650312660474055399,102021990_NEG650312660474055399,A,2.0,21.209,65.03126603454716,-47.40553996348327,,
stamps/102021990_NEG651246796473086761_VIS_101.fits,1,-651246796473086761,102021990_NEG651246796473086761,A,2.0,19.338,65.12467967083242,-47.30867614502389,,
stamps/102022474_NEG590266584471556814_VIS_101.fits,1,-590266584471556814,102022474_NEG590266584471556814,A,2.0,20.4572,59.02665840481892,-47.15568145118306,,
stamps/102022474_NEG591186165469192016_VIS_101.fits,1,-591186165469192016,102022474_NEG591186165469192016,A,2.0,22.3067,59.1186165209685,-46.91920162927952,,
stamps/102022476_NEG601657296470027378_VIS_101.fits,1,-601657296470027378,102022476_NEG601657296470027378,B,2.0,20.0418,60.165729654101575,-47.002737869545705,,
stamps/102022477_NEG611759342471748630_VIS_101.fits,1,-611759342471748630,102022477_NEG611759342471748630,B,2.0,20.9885,61.17593429956104,-47.17486301277761,,
stamps/102022477_NEG612993633468010321_VIS_101.fits,1,-612993633468010321,102022477_NEG612993633468010321,B,2.0,20.0653,61.29936330935708,-46.80103217199372,,
stamps/102022477_NEG613081088467583327_VIS_101.fits,1,-613081088467583327,102022477_NEG613081088467583327,B,2.0,19.1829,61.30810882911898,-46.758332721325424,,
stamps/102022478_NEG615325075470840323_VIS_101.fits,1,-615325075470840323,102022478_NEG615325075470840323,B,2.0,22.1877,61.53250755299951,-47.08403232533755,,
stamps/102022479_NEG621145334471255869_VIS_101.fits,1,-621145334471255869,102022479_NEG621145334471255869,B,2.0,20.9101,62.11453340376329,-47.12558698760536,,
stamps/102022479_NEG623150693471748758_VIS_101.fits,1,-623150693471748758,102022479_NEG623150693471748758,B,2.0,21.5857,62.315069322771095,-47.17487589182628,,
stamps/102022479_NEG623367075470669448_VIS_101.fits,1,-623367075470669448,102022479_NEG623367075470669448,A,2.0,19.3478,62.33670758594723,-47.06694489009498,,
stamps/102022480_NEG630160205470193218_VIS_101.fits,1,-630160205470193218,102022480_NEG630160205470193218,B,2.0,20.0199,63.01602051543424,-47.01932185662968,,
stamps/102022481_NEG640261052470604135_VIS_101.fits,1,-640261052470604135,102022481_NEG640261052470604135,B,2.0,21.5785,64.02610523083732,-47.06041352139383,,
stamps/102022481_NEG641874067471349140_VIS_101.fits,1,-641874067471349140,102022481_NEG641874067471349140,B,2.0,21.846,64.18740679417816,-47.1349140790585,,
stamps/102022482_NEG644534872469264836_VIS_101.fits,1,-644534872469264836,102022482_NEG644534872469264836,A,2.0,21.7059,64.4534872752285,-46.92648360348397,,
stamps/102022482_NEG647287168468367807_VIS_101.fits,1,-647287168468367807,102022482_NEG647287168468367807,B,2.0,22.2333,64.72871684880818,-46.836780720130186,,
stamps/102022483_NEG650705793470600869_VIS_101.fits,1,-650705793470600869,102022483_NEG650705793470600869,B,2.0,20.5999,65.07057938390258,-47.060086929961074,,
stamps/102022483_NEG653290299470260264_VIS_101.fits,1,-653290299470260264,102022483_NEG653290299470260264,A,2.0,21.8345,65.32902999175099,-47.02602645865221,,
stamps/102022483_NEG653649683470250799_VIS_101.fits,1,-653649683470250799,102022483_NEG653649683470250799,B,2.0,17.9622,65.36496839836326,-47.02507994136218,,
stamps/102022484_NEG657584203469449092_VIS_101.fits,1,-657584203469449092,102022484_NEG657584203469449092,A,2.0,20.4418,65.75842037046594,-46.94490921493867,,
stamps/102022972_NEG597052478465695317_VIS_101.fits,1,-597052478465695317,102022972_NEG597052478465695317,A,2.0,19.868,59.70524784467164,-46.56953177707104,,
stamps/102022973_NEG606454307466806991_VIS_101.fits,1,-606454307466806991,102022973_NEG606454307466806991,A,2.0,19.0729,60.64543078160698,-46.68069910195588,,
stamps/102022974_NEG610978759464405134_VIS_101.fits,1,-610978759464405134,102022974_NEG610978759464405134,B,2.0,19.2057,61.09787596659113,-46.44051347581706,,
stamps/102022975_NEG617890913466103850_VIS_101.fits,1,-617890913466103850,102022975_NEG617890913466103850,A,2.0,19.1225,61.78909134803828,-46.61038501355464,,
stamps/102022977_NEG631763965463618343_VIS_101.fits,1,-631763965463618343,102022977_NEG631763965463618343,B,2.0,22.4413,63.176396555414215,-46.36183434674613,,
stamps/102022978_NEG639856435467273842_VIS_101.fits,1,-639856435467273842,102022978_NEG639856435467273842,A,2.0,20.8169,63.9856435425629,-46.72738424488188,,
stamps/102022980_NEG653069109465982282_VIS_101.fits,1,-653069109465982282,102022980_NEG653069109465982282,A,2.0,20.0228,65.30691092767607,-46.59822823435719,,
stamps/102022980_NEG657082285467450951_VIS_101.fits,1,-657082285467450951,102022980_NEG657082285467450951,B,2.0,21.7404,65.70822852262235,-46.74509511325952,,
stamps/102022980_NEG657553777465731159_VIS_101.fits,1,-657553777465731159,102022980_NEG657553777465731159,A,2.0,22.4499,65.75537771041878,-46.57311597346415,,
stamps/102023476_NEG610025395461180513_VIS_101.fits,1,-610025395461180513,102023476_NEG610025395461180513,A,2.0,21.7285,61.00253957732884,-46.11805137162271,,
stamps/102023478_NEG628457640459296313_VIS_101.fits,1,-628457640459296313,102023478_NEG628457640459296313,A,2.0,21.2489,62.84576401449824,-45.92963139466405,,
stamps/102023479_NEG631968882458727056_VIS_101.fits,1,-631968882458727056,102023479_NEG631968882458727056,A,2.0,21.947,63.196888272888046,-45.87270566524282,,
stamps/102023479_NEG633382827461467539_VIS_101.fits,1,-633382827461467539,102023479_NEG633382827461467539,A,2.0,21.5282,63.33828270800054,-46.14675398144309,,
stamps/102023479_NEG633491501461458871_VIS_101.fits,1,-633491501461458871,102023479_NEG633491501461458871,B,2.0,19.1557,63.34915010836785,-46.14588710558657,,
stamps/102023480_NEG640021734460830824_VIS_101.fits,1,-640021734460830824,102023480_NEG640021734460830824,B,2.0,21.5701,64.00217342456871,-46.08308249206795,,
stamps/102023480_NEG640270096460844048_VIS_101.fits,1,-640270096460844048,102023480_NEG640270096460844048,B,2.0,20.8488,64.02700969109169,-46.08440488708592,,
stamps/102023480_NEG642201006461096820_VIS_101.fits,1,-642201006461096820,102023480_NEG642201006461096820,B,2.0,20.5769,64.22010069763697,-46.10968203057439,,
stamps/102023481_NEG647245161459048846_VIS_101.fits,1,-647245161459048846,102023481_NEG647245161459048846,A,2.0,21.8045,64.72451612348969,-45.90488464671768,,
stamps/102023482_NEG655179432459165110_VIS_101.fits,1,-655179432459165110,102023482_NEG655179432459165110,B,2.0,19.7455,65.51794326392798,-45.91651107756741,,
stamps/102023482_NEG657383017460972594_VIS_101.fits,1,-657383017460972594,102023482_NEG657383017460972594,B,2.0,21.7036,65.73830175052379,-46.09725944968683,,
stamps/102023984_NEG627804838454213106_VIS_101.fits,1,-627804838454213106,102023984_NEG627804838454213106,A,2.0,21.5872,62.78048386794535,-45.4213106327194,,
stamps/102023984_NEG628683592457046709_VIS_101.fits,1,-628683592457046709,102023984_NEG628683592457046709,A,2.0,19.3231,62.8683592745232,-45.704670979868624,,
stamps/102023984_NEG631043463457052623_VIS_101.fits,1,-631043463457052623,102023984_NEG631043463457052623,B,2.0,20.7745,63.10434637855938,-45.70526232957247,,
stamps/102023986_NEG643189719456460589_VIS_101.fits,1,-643189719456460589,102023986_NEG643189719456460589,B,2.0,21.6245,64.31897196009866,-45.64605890044793,,
stamps/102041656_NEG523359673301396466_VIS_101.fits,1,-523359673301396466,102041656_NEG523359673301396466,B,2.0,22.4181,52.33596739170452,-30.139646609274138,,
stamps/102041657_NEG527330118300603942_VIS_101.fits,1,-527330118300603942,102041657_NEG527330118300603942,B,2.0,20.8928,52.73301189004299,-30.060394203188203,,
stamps/102041657_NEG527925237298894414_VIS_101.fits,1,-527925237298894414,102041657_NEG527925237298894414,A,2.0,21.4634,52.79252379595951,-29.88944147404416,,
stamps/102041657_NEG528301123298298693_VIS_101.fits,1,-528301123298298693,102041657_NEG528301123298298693,A,2.0,21.8486,52.8301123322179,-29.82986934888345,,
stamps/102041657_NEG529209996299100136_VIS_101.fits,1,-529209996299100136,102041657_NEG529209996299100136,A,2.0,19.9183,52.92099965374398,-29.91001367205823,,
stamps/102042282_NEG517070963297124785_VIS_101.fits,1,-517070963297124785,102042282_NEG517070963297124785,B,2.0,18.4105,51.707096352182745,-29.712478588163005,,
stamps/102042283_NEG518770667295125494_VIS_101.fits,1,-518770667295125494,102042283_NEG518770667295125494,A,2.0,20.0996,51.87706671211459,-29.512549467386364,,
stamps/102042283_NEG520608563295081214_VIS_101.fits,1,-520608563295081214,102042283_NEG520608563295081214,B,2.0,19.9877,52.0608563513396,-29.50812141969979,,
stamps/102042283_NEG521070591294671601_VIS_101.fits,1,-521070591294671601,102042283_NEG521070591294671601,B,2.0,21.3663,52.10705916602482,-29.467160198695264,,
stamps/102042284_NEG523902104295926900_VIS_101.fits,1,-523902104295926900,102042284_NEG523902104295926900,B,2.0,19.177,52.39021042684189,-29.592690005903176,,
stamps/102042284_NEG526888815294982643_VIS_101.fits,1,-526888815294982643,102042284_NEG526888815294982643,A,2.0,20.1468,52.68888150861861,-29.498264398459888,,
stamps/102042284_NEG528356577292866317_VIS_101.fits,1,-528356577292866317,102042284_NEG528356577292866317,B,2.0,20.4471,52.83565776408496,-29.28663177075172,,
stamps/102042287_NEG540365671293205439_VIS_101.fits,1,-540365671293205439,102042287_NEG540365671293205439,B,2.0,21.8748,54.03656715287476,-29.32054393414841,,
stamps/102042287_NEG543727111293847771_VIS_101.fits,1,-543727111293847771,102042287_NEG543727111293847771,B,2.0,20.7255,54.37271115161365,-29.384777131349484,,
stamps/102042913_NEG515596854290228591_VIS_101.fits,1,-515596854290228591,102042913_NEG515596854290228591,B,2.0,20.5515,51.55968541095926,-29.022859166356096,,
stamps/102042913_NEG515847139291141021_VIS_101.fits,1,-515847139291141021,102042913_NEG515847139291141021,A,2.0,21.7404,51.58471391404591,-29.114102191323457,,
stamps/102042913_NEG516249178292373011_VIS_101.fits,1,-516249178292373011,102042913_NEG516249178292373011,B,2.0,22.2007,51.62491780564062,-29.23730114505462,,
stamps/102042913_NEG518198793288220397_VIS_101.fits,1,-518198793288220397,102042913_NEG518198793288220397,B,2.0,21.5021,51.81987931988373,-28.82203972762372,,
stamps/102042913_NEG520471782290867053_VIS_101.fits,1,-520471782290867053,102042913_NEG520471782290867053,A,2.0,22.4568,52.04717824679261,-29.08670539117257,,
stamps/102042914_NEG520791097292457766_VIS_101.fits,1,-520791097292457766,102042914_NEG520791097292457766,A,2.0,21.6879,52.07910976293189,-29.24577660750816,,
stamps/102042914_NEG522625262291125533_VIS_101.fits,1,-522625262291125533,102042914_NEG522625262291125533,A,2.0,21.1977,52.262526273501,-29.11255338608705,,
stamps/102042914_NEG523479785291521247_VIS_101.fits,1,-523479785291521247,102042914_NEG523479785291521247,A,2.0,20.8038,52.34797854483788,-29.15212478307529,,
stamps/102042915_NEG527574180288799276_VIS_101.fits,1,-527574180288799276,102042915_NEG527574180288799276,A,2.0,21.4693,52.75741809343428,-28.87992760661953,,
stamps/102042915_NEG528545016288651034_VIS_101.fits,1,-528545016288651034,102042915_NEG528545016288651034,B,2.0,18.7683,52.85450169543065,-28.865103458157133,,
stamps/102042915_NEG529823788292531675_VIS_101.fits,1,-529823788292531675,102042915_NEG529823788292531675,B,2.0,22.445,52.98237884657878,-29.253167568876144,,
stamps/102042915_NEG531310919292142818_VIS_101.fits,1,-531310919292142818,102042915_NEG531310919292142818,B,2.0,19.7177,53.131091993387386,-29.214281899776903,,
stamps/102042916_NEG533251142291509670_VIS_101.fits,1,-533251142291509670,102042916_NEG533251142291509670,A,2.0,20.4085,53.3251142778574,-29.15096706182251,,
stamps/102042917_NEG539279061291936993_VIS_101.fits,1,-539279061291936993,102042917_NEG539279061291936993,A,2.0,20.7808,53.92790616393022,-29.19369935009748,,
stamps/102042917_NEG540132584291926297_VIS_101.fits,1,-540132584291926297,102042917_NEG540132584291926297,A,2.0,21.2317,54.013258430324896,-29.192629748914623,,
stamps/102042917_NEG540926519290733004_VIS_101.fits,1,-540926519290733004,102042917_NEG540926519290733004,B,2.0,22.3668,54.09265196528655,-29.073300402181623,,
stamps/102042918_NEG544805259289548872_VIS_101.fits,1,-544805259289548872,102042918_NEG544805259289548872,A,2.0,19.1933,54.480525954294606,-28.954887264503345,,
stamps/102042919_NEG549525883291619345_VIS_101.fits,1,-549525883291619345,102042919_NEG549525883291619345,A,2.0,21.1761,54.95258837432254,-29.16193451041988,,
stamps/102042919_NEG549725555290756868_VIS_101.fits,1,-549725555290756868,102042919_NEG549725555290756868,A,2.0,20.1147,54.97255557552779,-29.07568680536772,,
stamps/102042919_NEG550105155291238806_VIS_101.fits,1,-550105155291238806,102042919_NEG550105155291238806,B,2.0,20.3909,55.01051552373555,-29.12388069970221,,
stamps/102042919_NEG550298555288445169_VIS_101.fits,1,-550298555288445169,102042919_NEG550298555288445169,B,2.0,18.259,55.02985559221574,-28.844516977045007,,
stamps/102042919_NEG550683279289700727_VIS_101.fits,1,-550683279289700727,102042919_NEG550683279289700727,A,2.0,21.6069,55.06832793157976,-28.9700727133312,,
stamps/102043546_NEG516559001286493665_VIS_101.fits,1,-516559001286493665,102043546_NEG516559001286493665,B,2.0,20.5168,51.65590011467211,-28.6493665056946,,
stamps/102043549_NEG530257443283430270_VIS_101.fits,1,-530257443283430270,102043549_NEG530257443283430270,A,2.0,21.8415,53.02574434762016,-28.34302702586864,,
stamps/102043551_NEG542774461286906112_VIS_101.fits,1,-542774461286906112,102043551_NEG542774461286906112,B,2.0,19.7923,54.27744618379619,-28.690611214572936,,
stamps/102043551_NEG544735665285502399_VIS_101.fits,1,-544735665285502399,102043551_NEG544735665285502399,B,2.0,19.8057,54.47356655650909,-28.55023993346261,,
stamps/102043551_NEG546245791286829440_VIS_101.fits,1,-546245791286829440,102043551_NEG546245791286829440,A,2.0,21.665,54.6245791585433,-28.682944069298216,,
stamps/102043552_NEG547756940286644821_VIS_101.fits,1,-547756940286644821,102043552_NEG547756940286644821,A,2.0,17.8779,54.77569408152624,-28.66448211695416,,
stamps/102043552_NEG548209510282510524_VIS_101.fits,1,-548209510282510524,102043552_NEG548209510282510524,A,2.0,21.4916,54.82095104672501,-28.25105243240389,,
stamps/102044182_NEG510181483277803809_VIS_101.fits,1,-510181483277803809,102044182_NEG510181483277803809,B,2.0,19.5145,51.01814831639855,-27.78038095373029,,
stamps/102044182_NEG512061540278527911_VIS_101.fits,1,-512061540278527911,102044182_NEG512061540278527911,A,2.0,21.1953,51.20615401023922,-27.85279118357624,,
stamps/102044183_NEG515787441281897369_VIS_101.fits,1,-515787441281897369,102044183_NEG515787441281897369,A,2.0,20.6309,51.57874416555804,-28.189736933084728,,
stamps/102044185_NEG527087067278561642_VIS_101.fits,1,-527087067278561642,102044185_NEG527087067278561642,B,2.0,22.3534,52.70870673939618,-27.856164261538,,
stamps/102044185_NEG528176967277992842_VIS_101.fits,1,-528176967277992842,102044185_NEG528176967277992842,B,2.0,19.9686,52.81769675690601,-27.799284255737305,,
stamps/102044185_NEG529514172281460834_VIS_101.fits,1,-529514172281460834,102044185_NEG529514172281460834,A,2.0,22.2721,52.95141727381891,-28.14608341271236,,
stamps/102044186_NEG535621262280129063_VIS_101.fits,1,-535621262280129063,102044186_NEG535621262280129063,A,2.0,18.948,53.56212625889032,-28.01290638406208,,
stamps/102044186_NEG536764250280439031_VIS_101.fits,1,-536764250280439031,102044186_NEG536764250280439031,B,2.0,21.7909,53.676425099151245,-28.043903187455896,,
stamps/102044186_NEG537484692277631702_VIS_101.fits,1,-537484692277631702,102044186_NEG537484692277631702,B,2.0,21.9789,53.74846927381223,-27.763170217402745,,
stamps/102044187_NEG538533000282255459_VIS_101.fits,1,-538533000282255459,102044187_NEG538533000282255459,B,2.0,20.7592,53.85330005751175,-28.22554594493343,,
stamps/102044187_NEG538575988280255664_VIS_101.fits,1,-538575988280255664,102044187_NEG538575988280255664,A,2.0,20.8687,53.85759887222229,-28.02556642635688,,
stamps/102044187_NEG542891812279697972_VIS_101.fits,1,-542891812279697972,102044187_NEG542891812279697972,B,2.0,20.538,54.289181214003854,-27.96979729520765,,
stamps/102044188_NEG548070624278595332_VIS_101.fits,1,-548070624278595332,102044188_NEG548070624278595332,A,2.0,19.9366,54.807062463478985,-27.85953328459572,,
stamps/102044821_NEG508798294276486404_VIS_101.fits,1,-508798294276486404,102044821_NEG508798294276486404,A,2.0,18.6456,50.87982942615197,-27.64864043281615,,
stamps/102044821_NEG509449559274572380_VIS_101.fits,1,-509449559274572380,102044821_NEG509449559274572380,A,2.0,20.6836,50.94495595239306,-27.4572380334476,,
stamps/102044823_NEG519633334274259646_VIS_101.fits,1,-519633334274259646,102044823_NEG519633334274259646,A,2.0,20.4758,51.963333406311975,-27.425964645733604,,
stamps/102044823_NEG523091195273907574_VIS_101.fits,1,-523091195273907574,102044823_NEG523091195273907574,B,2.0,22.1423,52.309119513753465,-27.390757480741296,,
stamps/102044824_NEG525230483273308137_VIS_101.fits,1,-525230483273308137,102044824_NEG525230483273308137,B,2.0,22.382,52.5230483017954,-27.33081373157524,,
stamps/102044824_NEG528789191276364582_VIS_101.fits,1,-528789191276364582,102044824_NEG528789191276364582,A,2.0,21.736,52.87891913064314,-27.636458287943867,,
stamps/102044825_NEG534081174272937149_VIS_101.fits,1,-534081174272937149,102044825_NEG534081174272937149,A,2.0,20.1482,53.408117445209946,-27.2937149013282,,
stamps/102044826_NEG537893681272621987_VIS_101.fits,1,-537893681272621987,102044826_NEG537893681272621987,A,2.0,18.6104,53.78936818611787,-27.26219875128607,,
stamps/102044827_NEG542909292272696454_VIS_101.fits,1,-542909292272696454,102044827_NEG542909292272696454,B,2.0,20.3378,54.2909292678002,-27.269645476267584,,
stamps/102044827_NEG544423614276266111_VIS_101.fits,1,-544423614276266111,102044827_NEG544423614276266111,B,2.0,22.3607,54.44236143563962,-27.626611167335145,,
stamps/102045463_NEG510020362271915172_VIS_101.fits,1,-510020362271915172,102045463_NEG510020362271915172,B,2.0,19.7884,51.0020362232379,-27.191517292522285,,
stamps/102045463_NEG510363299272415391_VIS_101.fits,1,-510363299272415391,102045463_NEG510363299272415391,A,2.0,20.0268,51.036329986304246,-27.24153910410949,,
stamps/102045464_NEG512422645270221464_VIS_101.fits,1,-512422645270221464,102045464_NEG512422645270221464,B,2.0,19.7347,51.24226454312596,-27.02214645082399,,
stamps/102045464_NEG514418387268262939_VIS_101.fits,1,-514418387268262939,102045464_NEG514418387268262939,B,2.0,22.2305,51.44183879061816,-26.82629397895439,,
stamps/102045464_NEG515803462270682480_VIS_101.fits,1,-515803462270682480,102045464_NEG515803462270682480,B,2.0,21.521,51.58034629682901,-27.06824809575101,,
stamps/102045466_NEG522784531269221616_VIS_101.fits,1,-522784531269221616,102045466_NEG522784531269221616,A,2.0,21.4412,52.27845319092136,-26.922161677633607,,
stamps/102045466_NEG526398502270513535_VIS_101.fits,1,-526398502270513535,102045466_NEG526398502270513535,A,2.0,21.5972,52.639850230005855,-27.05135350205716,,
stamps/102045466_NEG526735767268568130_VIS_101.fits,1,-526735767268568130,102045466_NEG526735767268568130,B,2.0,22.1539,52.67357673662208,-26.8568130346764,,
stamps/102045467_NEG529760884271850076_VIS_101.fits,1,-529760884271850076,102045467_NEG529760884271850076,B,2.0,21.4224,52.97608846859429,-27.18500763947275,,
stamps/102045468_NEG534525411271636586_VIS_101.fits,1,-534525411271636586,102045468_NEG534525411271636586,A,2.0,22.2092,53.45254118345938,-27.16365862400199,,
stamps/102045468_NEG535850797268396974_VIS_101.fits,1,-535850797268396974,102045468_NEG535850797268396974,B,2.0,20.2914,53.585079752047086,-26.83969741339551,,
stamps/102045468_NEG536440857272232644_VIS_101.fits,1,-536440857272232644,102045468_NEG536440857272232644,B,2.0,18.3346,53.644085783516914,-27.223264429173245,,
stamps/102045468_NEG537581789271144818_VIS_101.fits,1,-537581789271144818,102045468_NEG537581789271144818,B,2.0,20.7592,53.75817891108607,-27.114481825241555,,
stamps/102045470_NEG546481364271947360_VIS_101.fits,1,-546481364271947360,102045470_NEG546481364271947360,B,2.0,21.1935,54.64813642542638,-27.19473600162915,,
stamps/102046110_NEG518495362266147268_VIS_101.fits,1,-518495362266147268,102046110_NEG518495362266147268,B,2.0,20.9465,51.84953628065392,-26.614726818475344,,
stamps/102046111_NEG522631915266742195_VIS_101.fits,1,-522631915266742195,102046111_NEG522631915266742195,B,2.0,21.298,52.26319153218572,-26.674219571254035,,
stamps/102046111_NEG524535231263409554_VIS_101.fits,1,-524535231263409554,102046111_NEG524535231263409554,B,2.0,22.1229,52.453523130156384,-26.34095544998652,,
stamps/102046111_NEG525445060265211534_VIS_101.fits,1,-525445060265211534,102046111_NEG525445060265211534,B,2.0,22.1333,52.54450604134525,-26.521153444380623,,
stamps/102046111_NEG525674252262710433_VIS_101.fits,1,-525674252262710433,102046111_NEG525674252262710433,B,2.0,19.2405,52.56742527162064,-26.27104331001816,,
stamps/102046114_NEG537084154267015431_VIS_101.fits,1,-537084154267015431,102046114_NEG537084154267015431,A,2.0,21.8539,53.70841543605162,-26.70154319440072,,
stamps/102046114_NEG537352034266671160_VIS_101.fits,1,-537352034266671160,102046114_NEG537352034266671160,B,2.0,17.9078,53.73520340274464,-26.667116031154272,,
stamps/102046114_NEG540908760267374976_VIS_101.fits,1,-540908760267374976,102046114_NEG540908760267374976,B,2.0,20.754,54.09087606219873,-26.73749766724749,,
stamps/102046761_NEG531782867262094267_VIS_101.fits,1,-531782867262094267,102046761_NEG531782867262094267,A,2.0,21.5408,53.17828670361266,-26.2094267877214,,
stamps/102046761_NEG532020950261969455_VIS_101.fits,1,-532020950261969455,102046761_NEG532020950261969455,A,2.0,20.2804,53.20209508963684,-26.19694558334184,,
stamps/102046761_NEG534264558260612632_VIS_101.fits,1,-534264558260612632,102046761_NEG534264558260612632,B,2.0,20.8984,53.42645580108414,-26.06126322516176,,
stamps/102157629_2659727733636823810_VIS_101.fits,1,2659727733636823810,102157629_2659727733636823810,B,2.0,20.1178,265.9727733948663,63.68238103492873,,
stamps/102157630_2665772836637102014_VIS_101.fits,1,2665772836637102014,102157630_2665772836637102014,A,2.0,19.3059,266.57728361767727,63.710201464734894,,
stamps/102157632_2691754663635937458_VIS_101.fits,1,2691754663635937458,102157632_2691754663635937458,B,2.0,21.9316,269.1754663378086,63.59374584927868,,
stamps/102157633_2702499990636559109_VIS_101.fits,1,2702499990636559109,102157633_2702499990636559109,B,2.0,20.4253,270.2499990023647,63.655910974510576,,
stamps/102157952_2658211530641487553_VIS_101.fits,1,2658211530641487553,102157952_2658211530641487553,A,3.0,21.0129,265.8211530815124,64.14875539666241,,
stamps/102157952_2658616879639330994_VIS_101.fits,1,2658616879639330994,102157952_2658616879639330994,B,2.0,21.1951,265.861687959614,63.93309942153464,,
stamps/102157953_2668203348640973901_VIS_101.fits,1,2668203348640973901,102157953_2668203348640973901,B,2.0,21.4017,266.8203348265631,64.09739011616426,,
stamps/102157953_2668288172639391107_VIS_101.fits,1,2668288172639391107,102157953_2668288172639391107,A,2.0,22.4991,266.82881722844246,63.93911077986698,,
stamps/102157953_2669397021640472384_VIS_101.fits,1,2669397021640472384,102157953_2669397021640472384,A,2.0,19.2959,266.9397021862729,64.04723848691526,,
stamps/102157953_2670994480641865653_VIS_101.fits,1,2670994480641865653,102157953_2670994480641865653,A,2.0,18.4674,267.0994480956625,64.18656538062261,,
stamps/102157954_2677725526640039676_VIS_101.fits,1,2677725526640039676,102157954_2677725526640039676,B,2.0,19.704,267.7725526627888,64.00396761991807,,
stamps/102157954_2678629431639725549_VIS_101.fits,1,2678629431639725549,102157954_2678629431639725549,A,2.0,20.0074,267.86294315834544,63.972554932473166,,
stamps/102157954_2679576312639125362_VIS_101.fits,1,2679576312639125362,102157954_2679576312639125362,A,2.0,19.2517,267.95763121804384,63.9125362457922,,
stamps/102157955_2685490710638126805_VIS_101.fits,1,2685490710638126805,102157955_2685490710638126805,A,2.0,20.5729,268.54907109955803,63.81268052480853,,
stamps/102157955_2689800257639551890_VIS_101.fits,1,2689800257639551890,102157955_2689800257639551890,A,2.0,19.6354,268.9800257836048,63.955189029991246,,
stamps/102157956_2695046853638479184_VIS_101.fits,1,2695046853638479184,102157956_2695046853638479184,B,3.0,20.8164,269.50468537766204,63.84791845246926,,
stamps/102157956_2700546205640397835_VIS_101.fits,1,2700546205640397835,102157956_2700546205640397835,A,2.0,21.6045,270.0546205082691,64.0397835666413,,
stamps/102157956_2704655017641535458_VIS_101.fits,1,2704655017641535458,102157956_2704655017641535458,B,2.0,22.4228,270.4655017057284,64.15354585385174,,
stamps/102157957_2711813162637737494_VIS_101.fits,1,2711813162637737494,102157957_2711813162637737494,B,2.0,19.3538,271.1813162216756,63.773749419215626,,
stamps/102157958_2719195933641972975_VIS_101.fits,1,2719195933641972975,102157958_2719195933641972975,A,2.0,21.2793,271.919593396224,64.1972975435358,,
stamps/102157958_2722285786638229999_VIS_101.fits,1,2722285786638229999,102157958_2722285786638229999,B,2.0,18.5905,272.22857861828805,63.822999916812485,,
stamps/102157958_2727137773639721420_VIS_101.fits,1,2727137773639721420,102157958_2727137773639721420,A,2.0,19.0665,272.713777307259,63.97214203825033,,
stamps/102158270_2654337786643538414_VIS_101.fits,1,2654337786643538414,102158270_2654337786643538414,A,2.0,21.5154,265.43377860339933,64.35384146804655,,
stamps/102158270_2656382386643695481_VIS_101.fits,1,2656382386643695481,102158270_2656382386643695481,B,2.0,21.847,265.6382386693545,64.36954818386313,,
stamps/102158270_2656815066646473630_VIS_101.fits,1,2656815066646473630,102158270_2656815066646473630,A,2.0,19.8538,265.681506630342,64.64736309077054,,
stamps/102158270_2660101090644460436_VIS_101.fits,1,2660101090644460436,102158270_2660101090644460436,B,2.0,19.2804,266.0101090586714,64.44604369485799,,
stamps/102158270_2662527621645054682_VIS_101.fits,1,2662527621645054682,102158270_2662527621645054682,B,3.0,20.7842,266.25276217727634,64.5054682940064,,
stamps/102158271_2672343829643151429_VIS_101.fits,1,2672343829643151429,102158271_2672343829643151429,A,2.0,22.1255,267.23438291261016,64.31514299489444,,
stamps/102158272_2678087036644598709_VIS_101.fits,1,2678087036644598709,102158272_2678087036644598709,A,2.0,22.1328,267.8087036964251,64.45987091477285,,
stamps/102158272_2683555203642954376_VIS_101.fits,1,2683555203642954376,102158272_2683555203642954376,A,2.0,20.1744,268.3555203318142,64.29543764195286,,
stamps/102158272_2685730342643470690_VIS_101.fits,1,2685730342643470690,102158272_2685730342643470690,B,2.0,19.3113,268.5730342815341,64.34706905219893,,
stamps/102158273_2697192667642722765_VIS_101.fits,1,2697192667642722765,102158273_2697192667642722765,A,2.0,21.1693,269.7192667017294,64.27227651525557,,
stamps/102158274_2704723597642696271_VIS_101.fits,1,2704723597642696271,102158274_2704723597642696271,A,2.0,21.5906,270.4723597403578,64.26962718083168,,
stamps/102158274_2706060111645234144_VIS_101.fits,1,2706060111645234144,102158274_2706060111645234144,B,2.0,20.0395,270.6060111075193,64.52341440180304,,
stamps/102158275_2709777393645726835_VIS_101.fits,1,2709777393645726835,102158275_2709777393645726835,A,2.0,20.0979,270.977739341077,64.57268354179256,,
stamps/102158275_2713231622643632503_VIS_101.fits,1,2713231622643632503,102158275_2713231622643632503,B,2.0,20.8654,271.3231622601812,64.36325033443039,,
stamps/102158276_2722561985645255526_VIS_101.fits,1,2722561985645255526,102158276_2722561985645255526,B,2.0,20.7519,272.25619852909443,64.5255526391153,,
stamps/102158276_2727435595645547639_VIS_101.fits,1,2727435595645547639,102158276_2727435595645547639,B,2.0,18.4971,272.7435595161034,64.55476393577682,,
stamps/102158276_2727570223645896962_VIS_101.fits,1,2727570223645896962,102158276_2727570223645896962,A,2.0,20.3003,272.7570223673387,64.58969626327753,,
stamps/102158277_2733524648645511387_VIS_101.fits,1,2733524648645511387,102158277_2733524648645511387,B,2.0,20.4111,273.3524648265846,64.55113873843047,,
stamps/102158277_2738945549646397299_VIS_101.fits,1,2738945549646397299,102158277_2738945549646397299,A,2.0,22.1203,273.8945549705793,64.63972990931421,,
stamps/102158580_2631644629651693582_VIS_101.fits,1,2631644629651693582,102158580_2631644629651693582,B,2.0,21.8936,263.16446299769245,65.16935824161169,,
stamps/102158582_2655753387652324244_VIS_101.fits,1,2655753387652324244,102158582_2655753387652324244,B,2.0,19.8709,265.57533878130045,65.23242440822226,,
stamps/102158583_2672803654649962203_VIS_101.fits,1,2672803654649962203,102158583_2672803654649962203,B,2.0,19.3943,267.280365471512,64.99622031604929,,
stamps/102158584_2687900321650859511_VIS_101.fits,1,2687900321650859511,102158584_2687900321650859511,A,2.0,20.7152,268.79003210743605,65.08595110358115,,
stamps/102158584_2687970439648743491_VIS_101.fits,1,2687970439648743491,102158584_2687970439648743491,B,2.0,20.52,268.797043967054,64.87434919733515,,
stamps/102158584_2688054361648826754_VIS_101.fits,1,2688054361648826754,102158584_2688054361648826754,B,2.0,21.0349,268.80543613154765,64.88267549138783,,
stamps/102158584_2688149271647967093_VIS_101.fits,1,2688149271647967093,102158584_2688149271647967093,A,2.0,20.1905,268.8149271987569,64.79670930779008,,
stamps/102158585_2690666515648268601_VIS_101.fits,1,2690666515648268601,102158585_2690666515648268601,A,2.0,19.3693,269.0666515554563,64.82686014026385,,
stamps/102158585_2694958058650832108_VIS_101.fits,1,2694958058650832108,102158585_2694958058650832108,B,2.0,20.0979,269.4958058244813,65.083210840253,,
stamps/102158586_2707908112649845702_VIS_101.fits,1,2707908112649845702,102158586_2707908112649845702,A,2.0,22.2777,270.7908112363319,64.9845702769772,,
stamps/102158586_2710017972652457457_VIS_101.fits,1,2710017972652457457,102158586_2710017972652457457,B,3.0,20.6071,271.0017972222676,65.24574575577422,,
stamps/102158586_2710834800648486342_VIS_101.fits,1,2710834800648486342,102158586_2710834800648486342,A,2.0,21.2148,271.08348004173496,64.84863421733759,,
stamps/102158587_2711988261648357583_VIS_101.fits,1,2711988261648357583,102158587_2711988261648357583,B,3.0,19.6805,271.1988261717693,64.8357583216835,,
stamps/102158589_2744568849651754043_VIS_101.fits,1,2744568849651754043,102158589_2744568849651754043,A,2.0,17.8653,274.45688499444947,65.17540439711732,,
stamps/102158589_2744607815651760624_VIS_101.fits,1,2744607815651760624,102158589_2744607815651760624,A,2.0,19.4757,274.46078151981294,65.17606245864386,,
stamps/102158590_2751102237648287695_VIS_101.fits,1,2751102237648287695,102158590_2751102237648287695,B,2.0,22.2092,275.1102237524699,64.8287695823032,,
stamps/102158885_2631975188656022964_VIS_101.fits,1,2631975188656022964,102158885_2631975188656022964,B,3.0,20.4914,263.19751881131816,65.60229648001264,,
stamps/102158886_2639435536653600933_VIS_101.fits,1,2639435536653600933,102158886_2639435536653600933,B,2.0,19.3305,263.94355360158056,65.3600933406733,,
stamps/102158886_2641867744653343162_VIS_101.fits,1,2641867744653343162,102158886_2641867744653343162,A,2.0,21.3125,264.1867744091848,65.33431624987132,,
stamps/102158887_2646461630654930628_VIS_101.fits,1,2646461630654930628,102158887_2646461630654930628,A,2.0,19.5245,264.64616303287295,65.49306284930077,,
stamps/102158887_2648223419654261880_VIS_101.fits,1,2648223419654261880,102158887_2648223419654261880,A,2.0,20.9711,264.8223419828193,65.42618803638058,,
stamps/102158887_2651714354654861084_VIS_101.fits,1,2651714354654861084,102158887_2651714354654861084,A,2.0,20.1096,265.17143541344655,65.48610840340662,,
stamps/102158887_2654129070655512593_VIS_101.fits,1,2654129070655512593,102158887_2654129070655512593,A,2.0,20.3412,265.41290700547484,65.55125935194354,,
stamps/102158887_2655306065654633189_VIS_101.fits,1,2655306065654633189,102158887_2655306065654633189,A,2.0,21.4574,265.5306065631984,65.46331893363914,,
stamps/102158887_2655528906655835262_VIS_101.fits,1,2655528906655835262,102158887_2655528906655835262,A,2.0,20.6824,265.55289065640727,65.5835262260394,,
stamps/102158888_2657819747657129186_VIS_101.fits,1,2657819747657129186,102158888_2657819747657129186,B,2.0,18.5873,265.78197471779185,65.71291865956003,,
stamps/102158888_2659467460657407372_VIS_101.fits,1,2659467460657407372,102158888_2659467460657407372,B,2.0,19.9198,265.9467460193917,65.7407372719755,,
stamps/102158888_2659753895653871052_VIS_101.fits,1,2659753895653871052,102158888_2659753895653871052,B,2.0,21.3068,265.9753895280555,65.38710523882253,,
stamps/102158888_2667434443654461269_VIS_101.fits,1,2667434443654461269,102158888_2667434443654461269,A,2.0,20.7438,266.7434443925532,65.44612692321355,,
stamps/102158889_2668443415653707960_VIS_101.fits,1,2668443415653707960,102158889_2668443415653707960,B,2.0,21.6992,266.8443415141928,65.37079608035918,,
stamps/102158889_2674118174654422285_VIS_101.fits,1,2674118174654422285,102158889_2674118174654422285,A,3.0,20.3686,267.4118174099874,65.44222856535436,,
stamps/102158889_2677624236654538082_VIS_101.fits,1,2677624236654538082,102158889_2677624236654538082,A,2.0,20.2501,267.762423658248,65.45380829154423,,
stamps/102158889_2677813028655307424_VIS_101.fits,1,2677813028655307424,102158889_2677813028655307424,A,2.0,13.0966,267.78130284070573,65.53074243100221,,
stamps/102158890_2680242082656735280_VIS_101.fits,1,2680242082656735280,102158890_2680242082656735280,B,2.0,19.9068,268.024208255704,65.6735280308199,,
stamps/102158890_2683357136652678772_VIS_101.fits,1,2683357136652678772,102158890_2683357136652678772,A,2.0,21.5644,268.3357136809144,65.26787725606941,,
stamps/102158891_2698899135652599785_VIS_101.fits,1,2698899135652599785,102158891_2698899135652599785,A,2.0,20.0682,269.8899135840037,65.2599785081468,,
stamps/102158891_2699896914654311553_VIS_101.fits,1,2699896914654311553,102158891_2699896914654311553,A,2.0,19.9137,269.98969140340046,65.43115534265293,,
stamps/102158891_2700857611652676803_VIS_101.fits,1,2700857611652676803,102158891_2700857611652676803,A,2.0,21.8591,270.0857611762812,65.26768037561399,,
stamps/102158892_2703681011657269406_VIS_101.fits,1,2703681011657269406,102158892_2703681011657269406,A,3.0,20.3488,270.368101176438,65.7269406739178,,
stamps/102158892_2703838311654309323_VIS_101.fits,1,2703838311654309323,102158892_2703838311654309323,B,2.0,19.1614,270.383831154244,65.43093239635579,,
stamps/102158892_2704470582654415692_VIS_101.fits,1,2704470582654415692,102158892_2704470582654415692,A,1.0,18.4429,270.44705826038404,65.4415692078126,,
stamps/102158893_2719347803657244854_VIS_101.fits,1,2719347803657244854,102158893_2719347803657244854,B,3.0,20.518,271.9347803724526,65.7244854670406,,
stamps/102158893_2720583810655664894_VIS_101.fits,1,2720583810655664894,102158893_2720583810655664894,A,2.0,20.1923,272.05838105279497,65.5664894900246,,
stamps/102158894_2730612507653143373_VIS_101.fits,1,2730612507653143373,102158894_2730612507653143373,A,2.0,18.0174,273.06125079548667,65.31433733285209,,
stamps/102158894_2733212462655784384_VIS_101.fits,1,2733212462655784384,102158894_2733212462655784384,A,2.0,19.361,273.3212462317532,65.57843846636936,,
stamps/102158896_2752149841653729649_VIS_101.fits,1,2752149841653729649,102158896_2752149841653729649,B,2.0,19.8417,275.2149841814818,65.37296492574811,,
stamps/102158896_2752645036652374998_VIS_101.fits,1,2752645036652374998,102158896_2752645036652374998,A,2.0,17.6301,275.2645036757121,65.23749986490333,,
stamps/102158896_2755778332656876880_VIS_101.fits,1,2755778332656876880,102158896_2755778332656876880,A,2.0,18.9494,275.5778332023385,65.68768806282,,
stamps/102158896_2760272555655712464_VIS_101.fits,1,2760272555655712464,102158896_2760272555655712464,B,3.0,20.3189,276.0272555248371,65.57124647764964,,
stamps/102159186_2631794504660304436_VIS_101.fits,1,2631794504660304436,102159186_2631794504660304436,A,2.0,21.4996,263.17945044356406,66.0304436122694,,
stamps/102159186_2632387939662408264_VIS_101.fits,1,2632387939662408264,102159186_2632387939662408264,A,2.0,21.0799,263.23879390157254,66.24082642257652,,
stamps/102159187_2638806679660192602_VIS_101.fits,1,2638806679660192602,102159187_2638806679660192602,B,2.0,19.8499,263.8806679557297,66.01926021464115,,
stamps/102159187_2639230520659765010_VIS_101.fits,1,2639230520659765010,102159187_2639230520659765010,A,2.0,20.4551,263.92305205053293,65.9765010372005,,
stamps/102159187_2645580164662468179_VIS_101.fits,1,2645580164662468179,102159187_2645580164662468179,B,2.0,20.0812,264.55801641779,66.24681799395167,,
stamps/102159187_2646504448657919965_VIS_101.fits,1,2646504448657919965,102159187_2646504448657919965,B,2.0,22.3223,264.6504448855512,65.79199651842181,,
stamps/102159188_2652763834658560044_VIS_101.fits,1,2652763834658560044,102159188_2652763834658560044,A,2.0,18.7448,265.27638346784005,65.85600442323606,,
stamps/102159189_2663231466659368059_VIS_101.fits,1,2663231466659368059,102159189_2663231466659368059,A,2.0,20.3923,266.32314660184653,65.93680598259884,,
stamps/102159189_2667596748662187959_VIS_101.fits,1,2667596748662187959,102159189_2667596748662187959,A,2.0,20.8649,266.7596748105514,66.218795975012,,
stamps/102159189_2669116606659806362_VIS_101.fits,1,2669116606659806362,102159189_2669116606659806362,A,2.0,21.0405,266.9116606222967,65.98063623573434,,
stamps/102159189_2669674055661286334_VIS_101.fits,1,2669674055661286334,102159189_2669674055661286334,A,3.0,21.368,266.9674055993545,66.12863341360313,,
stamps/102159191_2683342191661471471_VIS_101.fits,1,2683342191661471471,102159191_2683342191661471471,B,2.0,22.2443,268.3342191477879,66.14714712381733,,
stamps/102159191_2686897092659972714_VIS_101.fits,1,2686897092659972714,102159191_2686897092659972714,B,2.0,22.3663,268.68970920939927,65.9972714327098,,
stamps/102159192_2695197869661844158_VIS_101.fits,1,2695197869661844158,102159192_2695197869661844158,A,2.0,21.8617,269.5197869860399,66.18441585056613,,
stamps/102159192_2699004780662092340_VIS_101.fits,1,2699004780662092340,102159192_2699004780662092340,A,2.0,20.2248,269.9004780925334,66.2092340860312,,
stamps/102159194_2723464956661228420_VIS_101.fits,1,2723464956661228420,102159194_2723464956661228420,A,2.0,21.3004,272.3464956503574,66.12284205652554,,
stamps/102159195_2734094103661424333_VIS_101.fits,1,2734094103661424333,102159195_2734094103661424333,A,2.0,20.0323,273.4094103263643,66.14243336619603,,
stamps/102159196_2750719383660442039_VIS_101.fits,1,2750719383660442039,102159196_2750719383660442039,A,2.0,22.4334,275.0719383791194,66.04420394490067,,
stamps/102159197_2758626130661770946_VIS_101.fits,1,2758626130661770946,102159197_2758626130661770946,B,2.0,19.2387,275.86261307502593,66.17709460267002,,
stamps/102159481_2634849207665073829_VIS_101.fits,1,2634849207665073829,102159481_2634849207665073829,A,2.0,21.3679,263.48492071150446,66.50738290801786,,
stamps/102159481_2635212626663669301_VIS_101.fits,1,2635212626663669301,102159481_2635212626663669301,A,2.0,18.8619,263.5212626724271,66.36693014159633,,
stamps/102159482_2642474434666614156_VIS_101.fits,1,2642474434666614156,102159482_2642474434666614156,B,2.0,21.7277,264.24744342726655,66.66141563469942,,
stamps/102159483_2659872799666371332_VIS_101.fits,1,2659872799666371332,102159483_2659872799666371332,A,2.0,17.1476,265.987279945432,66.63713320694595,,
stamps/102159484_2663190959666793114_VIS_101.fits,1,2663190959666793114,102159484_2663190959666793114,A,2.0,21.8848,266.31909599320926,66.67931148084118,,
stamps/102159484_2665581065664778853_VIS_101.fits,1,2665581065664778853,102159484_2665581065664778853,B,2.0,20.5413,266.55810653587696,66.47788537074143,,
stamps/102159485_2680932712664697516_VIS_101.fits,1,2680932712664697516,102159485_2680932712664697516,B,2.0,20.8369,268.093271296963,66.46975163883475,,
stamps/102159485_2681289316665353959_VIS_101.fits,1,2681289316665353959,102159485_2681289316665353959,B,2.0,19.5631,268.1289316574225,66.53539596729244,,
stamps/102159486_2691200739666476860_VIS_101.fits,1,2691200739666476860,102159486_2691200739666476860,A,2.0,20.6785,269.1200739576987,66.64768602598777,,
stamps/102159486_2695397736666928563_VIS_101.fits,1,2695397736666928563,102159486_2695397736666928563,A,2.0,18.9751,269.5397736070413,66.69285635133348,,
stamps/102159487_2702648437664620342_VIS_101.fits,1,2702648437664620342,102159487_2702648437664620342,A,2.0,20.6295,270.264843798001,66.46203422228521,,
stamps/102159488_2715904729665064695_VIS_101.fits,1,2715904729665064695,102159488_2715904729665064695,A,2.0,21.1253,271.5904729815268,66.5064695088448,,
stamps/102159488_2717571775663564534_VIS_101.fits,1,2717571775663564534,102159488_2717571775663564534,A,2.0,21.5002,271.75717754417883,66.3564534849012,,
stamps/102159489_2725731664662876609_VIS_101.fits,1,2725731664662876609,102159489_2725731664662876609,B,2.0,22.0534,272.5731664097009,66.28766098258262,,
stamps/102159489_2726981595665987676_VIS_101.fits,1,2726981595665987676,102159489_2726981595665987676,A,2.0,17.2858,272.698159588393,66.59876761464275,,
stamps/102159489_2728201578663264671_VIS_101.fits,1,2728201578663264671,102159489_2728201578663264671,B,2.0,21.5561,272.8201578460188,66.32646714756937,,
stamps/102159489_2730705167663624037_VIS_101.fits,1,2730705167663624037,102159489_2730705167663624037,A,3.0,20.5026,273.07051672243847,66.36240377723576,,
stamps/102159491_2750401520665356534_VIS_101.fits,1,2750401520665356534,102159491_2750401520665356534,B,2.0,21.7463,275.0401520762689,66.53565347576068,,
stamps/102159491_2759377187664442986_VIS_101.fits,1,2759377187664442986,102159491_2759377187664442986,B,2.0,22.2765,275.9377187181359,66.44429869121905,,
stamps/102159771_2643073721671053537_VIS_101.fits,1,2643073721671053537,102159771_2643073721671053537,B,2.0,19.5687,264.3073721070583,67.10535370647938,,
stamps/102159771_2645195528669074866_VIS_101.fits,1,2645195528669074866,102159771_2645195528669074866,B,2.0,20.4594,264.5195528461879,66.90748669071384,,
stamps/102159772_2654573101671251576_VIS_101.fits,1,2654573101671251576,102159772_2654573101671251576,A,2.0,19.5548,265.4573101116544,67.12515766401812,,
stamps/102159772_2657244795670716163_VIS_101.fits,1,2657244795670716163,102159772_2657244795670716163,A,2.0,19.5724,265.72447956578617,67.07161638988462,,
stamps/102159772_2662654897671699728_VIS_101.fits,1,2662654897671699728,102159772_2662654897671699728,B,2.0,21.4329,266.2654897541963,67.16997281564578,,
stamps/102159773_2671366170672094055_VIS_101.fits,1,2671366170672094055,102159773_2671366170672094055,B,2.0,21.535,267.13661707775447,67.20940554012809,,
stamps/102159773_2677079122669151496_VIS_101.fits,1,2677079122669151496,102159773_2677079122669151496,A,2.0,19.2224,267.70791227786816,66.91514966802278,,
stamps/102159776_2707047371671953097_VIS_101.fits,1,2707047371671953097,102159776_2707047371671953097,A,2.0,21.8713,270.70473716015675,67.19530976227985,,
stamps/102159776_2711220936669189145_VIS_101.fits,1,2711220936669189145,102159776_2711220936669189145,B,3.0,19.2639,271.12209364755324,66.91891459077462,,
stamps/102159776_2714258099668328507_VIS_101.fits,1,2714258099668328507,102159776_2714258099668328507,B,2.0,19.2846,271.425809924928,66.83285075285441,,
stamps/102159777_2716319161668542331_VIS_101.fits,1,2716319161668542331,102159777_2716319161668542331,A,2.0,20.8659,271.6319161478719,66.85423311849298,,
stamps/102159777_2718673262669682284_VIS_101.fits,1,2718673262669682284,102159777_2718673262669682284,B,2.0,20.1017,271.86732629247143,66.96822846151996,,
stamps/102159777_2726775566670351257_VIS_101.fits,1,2726775566670351257,102159777_2726775566670351257,A,2.0,21.6126,272.6775566073241,67.0351257916041,,
stamps/102159778_2733418388668044661_VIS_101.fits,1,2733418388668044661,102159778_2733418388668044661,A,2.0,21.3644,273.3418388879678,66.8044661007292,,
stamps/102159778_2735946368671378903_VIS_101.fits,1,2735946368671378903,102159778_2735946368671378903,A,2.0,19.3074,273.59463687052335,67.13789039707821,,
stamps/102159779_2743381563669492033_VIS_101.fits,1,2743381563669492033,102159779_2743381563669492033,B,2.0,20.6904,274.3381563198547,66.94920339571343,,
stamps/102160055_2646891602674889078_VIS_101.fits,1,2646891602674889078,102160055_2646891602674889078,B,2.0,20.7279,264.68916020657315,67.48890780057275,,
stamps/102160056_2663488981675470136_VIS_101.fits,1,2663488981675470136,102160056_2663488981675470136,A,2.0,18.969,266.3488981008601,67.54701363115285,,
stamps/102160057_2669613885677463506_VIS_101.fits,1,2669613885677463506,102160057_2669613885677463506,B,2.0,22.1742,266.96138852581646,67.74635067673377,,
stamps/102160057_2679227916675153944_VIS_101.fits,1,2679227916675153944,102160057_2679227916675153944,B,2.0,20.9491,267.92279169780943,67.51539448302714,,
stamps/102160058_2684023754674529862_VIS_101.fits,1,2684023754674529862,102160058_2684023754674529862,B,2.0,21.4869,268.40237540723274,67.45298620006291,,
stamps/102160058_2689874038672725438_VIS_101.fits,1,2689874038672725438,102160058_2689874038672725438,B,2.0,21.3041,268.9874038838035,67.27254384085201,,
stamps/102160058_2690177088672937227_VIS_101.fits,1,2690177088672937227,102160058_2690177088672937227,B,2.0,20.7911,269.01770880905895,67.29372273099628,,
stamps/102160059_2697821071675011270_VIS_101.fits,1,2697821071675011270,102160059_2697821071675011270,B,2.0,21.1494,269.7821071015082,67.50112703615102,,
stamps/102160060_2706622399674599706_VIS_101.fits,1,2706622399674599706,102160060_2706622399674599706,B,2.0,20.876,270.6622399379065,67.45997061688014,,
stamps/102160060_2712298158674755917_VIS_101.fits,1,2712298158674755917,102160060_2712298158674755917,A,2.0,21.9642,271.2298158809224,67.47559170031597,,
stamps/102160060_2714236250676150798_VIS_101.fits,1,2714236250676150798,102160060_2714236250676150798,B,2.0,21.6339,271.4236250299241,67.61507986297252,,
stamps/102160060_2716552208674838777_VIS_101.fits,1,2716552208674838777,102160060_2716552208674838777,B,2.0,20.1677,271.65522085429484,67.48387774961559,,
stamps/102160062_2738460691675239507_VIS_101.fits,1,2738460691675239507,102160062_2738460691675239507,B,2.0,18.8333,273.8460691095558,67.52395071396087,,
stamps/102160334_2661812445678287733_VIS_101.fits,1,2661812445678287733,102160334_2661812445678287733,B,2.0,22.4023,266.181244507451,67.82877334896861,,
stamps/102160334_2665945112680410578_VIS_101.fits,1,2665945112680410578,102160334_2665945112680410578,B,2.0,21.4194,266.5945112890753,68.04105787642916,,
stamps/102160335_2672690861681717566_VIS_101.fits,1,2672690861681717566,102160335_2672690861681717566,B,2.0,21.5094,267.269086163563,68.17175669313491,,
stamps/102160335_2672720281680709434_VIS_101.fits,1,2672720281680709434,102160335_2672720281680709434,B,2.0,20.7129,267.2720281605204,68.0709434252139,,
stamps/102160335_2673678625680739495_VIS_101.fits,1,2673678625680739495,102160335_2673678625680739495,B,2.0,21.8959,267.367862556498,68.0739495146494,,
stamps/102160335_2680788986678866937_VIS_101.fits,1,2680788986678866937,102160335_2680788986678866937,B,2.0,21.6951,268.07889868386127,67.88669371076048,,
stamps/102160335_2682061397679348286_VIS_101.fits,1,2682061397679348286,102160335_2682061397679348286,A,2.0,21.1914,268.20613979827726,67.93482862722318,,
stamps/102160336_2685084962682049281_VIS_101.fits,1,2685084962682049281,102160336_2685084962682049281,A,2.0,17.3441,268.5084962055178,68.20492815466524,,
stamps/102160336_2694549514678142483_VIS_101.fits,1,2694549514678142483,102160336_2694549514678142483,A,2.0,20.2297,269.454951470646,67.81424836837486,,
stamps/102160336_2695945753681853613_VIS_101.fits,1,2695945753681853613,102160336_2695945753681853613,A,2.0,22.0093,269.59457532951967,68.18536135682035,,
stamps/102160337_2700171490680496942_VIS_101.fits,1,2700171490680496942,102160337_2700171490680496942,B,2.0,21.0373,270.01714901079066,68.04969420417832,,
stamps/102160337_2701254133678933511_VIS_101.fits,1,2701254133678933511,102160337_2701254133678933511,A,2.0,20.1044,270.1254133752072,67.89335117440586,,
stamps/102160337_2702871940682411776_VIS_101.fits,1,2702871940682411776,102160337_2702871940682411776,B,3.0,20.62,270.2871940683188,68.24117762107761,,
stamps/102160337_2703837081680486960_VIS_101.fits,1,2703837081680486960,102160337_2703837081680486960,B,2.0,19.6014,270.38370813689005,68.0486960259951,,
stamps/102160338_2712384210679392079_VIS_101.fits,1,2712384210679392079,102160338_2712384210679392079,A,2.0,19.236,271.2384210836177,67.93920791430314,,
stamps/102160338_2720592793680584236_VIS_101.fits,1,2720592793680584236,102160338_2720592793680584236,B,2.0,21.6394,272.0592793034646,68.05842364623801,,
stamps/102160340_2740784519677600444_VIS_101.fits,1,2740784519677600444,102160340_2740784519677600444,A,2.0,22.4117,274.0784519087246,67.76004445410977,,
stamps/102160607_2684058176685650370_VIS_101.fits,1,2684058176685650370,102160607_2684058176685650370,B,2.0,21.3893,268.4058176178527,68.56503705310696,,
stamps/102160607_2685509147685729039_VIS_101.fits,1,2685509147685729039,102160607_2685509147685729039,B,2.0,21.1204,268.5509147155565,68.5729039546238,,
stamps/102160610_2725640304686403990_VIS_101.fits,1,2725640304686403990,102160610_2725640304686403990,A,2.0,19.0678,272.5640304560574,68.64039906186375,,
stamps/102160610_2728596478683519590_VIS_101.fits,1,2728596478683519590,102160610_2728596478683519590,B,2.0,20.0824,272.85964788998524,68.35195904078404,,
stamps/102160610_2729256016684457774_VIS_101.fits,1,2729256016684457774,102160610_2729256016684457774,A,2.0,22.4165,272.9256016059579,68.44577749091418,,
stamps/102160611_2740328687682808789_VIS_101.fits,1,2740328687682808789,102160611_2740328687682808789,A,3.0,19.4412,274.0328687229435,68.28087896462162,,
stamps/-604224714511205205_VIS_101.fits,0,-604224714511205205,,,2.0,21.568,60.42247147729381,-51.120520547031006,1.0,102023479_NEG633382827461467539
stamps/-519310254294211705_VIS_101.fits,0,-519310254294211705,,,2.0,19.179,51.93102540755429,-29.421170508810576,2.0,102023984_NEG628683592457046709
stamps/-617908374498845407_VIS_101.fits,0,-617908374498845407,,,2.0,21.0427,61.79083744611231,-49.88454076279213,3.0,102022477_NEG611759342471748630
stamps/-665285362472356107_VIS_101.fits,0,-665285362472356107,,,2.0,20.3105,66.52853621014677,-47.235610712546695,4.0,102046761_NEG532020950261969455
stamps/-528286787287127409_VIS_101.fits,0,-528286787287127409,,,2.0,20.4059,52.82867870381704,-28.712740904800032,5.0,102021501_NEG642870048480955813
stamps/-612456713462087304_VIS_101.fits,0,-612456713462087304,,,2.0,20.2456,61.24567138471132,-46.20873046578949,6.0,102020056_NEG573379534495223440
stamps/-512839731271952201_VIS_101.fits,0,-512839731271952201,,,2.0,20.9857,51.28397312817959,-27.19522011881342,7.0,102041657_NEG527330118300603942
stamps/-607400699498530908_VIS_101.fits,0,-607400699498530908,,,2.0,20.5246,60.74006995155882,-49.85309082684424,8.0,102157633_2702499990636559109
stamps/2658936989656427404_VIS_101.fits,0,2658936989656427404,,,2.0,20.6628,265.89369896050766,65.6427404372038,9.0,102158586_2710017972652457457
stamps/2682816189633580607_VIS_101.fits,0,2682816189633580607,,,2.0,22.3323,268.28161894640226,63.35806077497583,10.0,102044185_NEG527087067278561642
stamps/2701750703636905103_VIS_101.fits,0,2701750703636905103,,,3.0,20.5464,270.1750703526691,63.6905103710446,11.0,102159487_2702648437664620342
stamps/2646345774666825503_VIS_101.fits,0,2646345774666825503,,,2.0,21.871,264.6345774392656,66.68255036082903,12.0,102159776_2707047371671953097
stamps/2709291160637117803_VIS_101.fits,0,2709291160637117803,,,2.0,22.3997,270.92911605008305,63.71178032104421,13.0,102160340_2740784519677600444
stamps/-523467700269980709_VIS_101.fits,0,-523467700269980709,,,2.0,20.6999,52.34677009801855,-26.99807098482532,14.0,102045468_NEG537581789271144818
stamps/-612935620465941204_VIS_101.fits,0,-612935620465941204,,,2.0,21.2361,61.29356208102767,-46.59412046623043,15.0,102160058_2689874038672725438
stamps/-516766227292699602_VIS_101.fits,0,-516766227292699602,,,2.0,20.1441,51.676622755211376,-29.269960256387705,16.0,102160336_2694549514678142483
stamps/2719893134668925008_VIS_101.fits,0,2719893134668925008,,,2.0,21.2482,271.989313440351,66.89250086813574,17.0,102045470_NEG546481364271947360
stamps/-618809176486476906_VIS_101.fits,0,-618809176486476906,,,2.0,22.2127,61.88091767374455,-48.64769060972635,18.0,102042913_NEG516249178292373011
stamps/-654352667476494800_VIS_101.fits,0,-654352667476494800,,,2.0,21.9112,65.43526670063244,-47.64948000631519,19.0,102042287_NEG540365671293205439
stamps/-593798464473944602_VIS_101.fits,0,-593798464473944602,,,2.0,19.0949,59.37984642829265,-47.39446023550634,20.0,102020063_NEG626156743494681651
stamps/-556289783496523502_VIS_101.fits,0,-556289783496523502,,,2.0,22.3847,55.6289783450682,-49.65235024469517,21.0,102157956_2704655017641535458
stamps/-634466241493251209_VIS_101.fits,0,-634466241493251209,,,2.0,21.5757,63.44662417576996,-49.32512091923036,22.0,102046761_NEG531782867262094267
stamps/-629544342458940702_VIS_101.fits,0,-629544342458940702,,,2.0,19.397,62.95443420547424,-45.89407023505728,23.0,102158585_2690666515648268601
stamps/2682551935669288300_VIS_101.fits,0,2682551935669288300,,,2.0,20.4784,268.2551935824624,66.92883001278679,24.0,102022484_NEG657584203469449092
stamps/-627882888491923709_VIS_101.fits,0,-627882888491923709,,,2.0,19.3132,62.78828882636546,-49.19237097207881,25.0,102020061_NEG607087127495633316
stamps/2694975656668872006_VIS_101.fits,0,2694975656668872006,,,2.0,22.0186,269.4975656025724,66.8872006563511,26.0,102021982_NEG594322234473727139
stamps/-526507524268486000_VIS_101.fits,0,-526507524268486000,,,2.0,20.3103,52.65075249244728,-26.848600025942797,27.0,102020528_NEG561683562487885174
stamps/-511953581277716908_VIS_101.fits,0,-511953581277716908,,,2.0,20.0093,51.195358119305205,-27.77169083591367,28.0,102045463_NEG510363299272415391
stamps/-528681859268069008_VIS_101.fits,0,-528681859268069008,,,2.0,22.3673,52.86818596239852,-26.80690081383386,29.0,102160334_2661812445678287733
stamps/-621589056471437801_VIS_101.fits,0,-621589056471437801,,,2.0,22.332,62.15890561023058,-47.14378017155946,30.0,102018665_NEG570040238507752998
stamps/-517622908286682102_VIS_101.fits,0,-517622908286682102,,,2.0,21.7769,51.76229082317736,-28.668210261711724,31.0,102020061_NEG608203827493491303
stamps/-660187075484610000_VIS_101.fits,0,-660187075484610000,,,2.0,20.1274,66.01870755196872,-48.46100000228056,32.0,102022480_NEG630160205470193218
stamps/-540128521295426101_VIS_101.fits,0,-540128521295426101,,,2.0,19.2166,54.01285211903869,-29.54261010980292,33.0,102157954_2679576312639125362
stamps/-532545996269381301_VIS_101.fits,0,-532545996269381301,,,2.0,19.8,53.25459963071323,-26.93813012206293,34.0,102158270_2656815066646473630
stamps/-652984256465714707_VIS_101.fits,0,-652984256465714707,,,2.0,21.9527,65.29842562952071,-46.57147070448611,35.0,102160060_2712298158674755917
stamps/2683802218652755204_VIS_101.fits,0,2683802218652755204,,,2.0,22.2689,268.3802218583161,65.27552043244269,36.0,102158590_2751102237648287695
stamps/-534666879287956109_VIS_101.fits,0,-534666879287956109,,,2.0,22.0561,53.4666879227684,-28.795610909467925,37.0,102021504_NEG663164014479278882
stamps/-522716522271048105_VIS_101.fits,0,-522716522271048105,,,2.0,21.5655,52.27165221302055,-27.10481059335617,38.0,102021010_NEG581199679484613010
stamps/2709809708681027603_VIS_101.fits,0,2709809708681027603,,,2.0,20.2323,270.98097086324606,68.10276034989054,39.0,102158272_2683555203642954376
stamps/-529477249288987907_VIS_101.fits,0,-529477249288987907,,,2.0,19.0302,52.94772491148613,-28.898790710568303,40.0,102160056_2663488981675470136
stamps/-524996636298447108_VIS_101.fits,0,-524996636298447108,,,2.0,21.866,52.49966360501541,-29.84471085390727,41.0,102158891_2700857611652676803
stamps/-508323164279224605_VIS_101.fits,0,-508323164279224605,,,2.0,21.6897,50.8323164730982,-27.92246057660441,42.0,102021017_NEG633207820486535571
stamps/2704607088672446004_VIS_101.fits,0,2704607088672446004,,,2.0,21.5039,270.4607088823375,67.24460048459997,43.0,102022481_NEG640261052470604135
stamps/-528213267284453807_VIS_101.fits,0,-528213267284453807,,,2.0,21.6178,52.82132676330597,-28.4453807291227,44.0,102020538_NEG637045736489835935
stamps/2685971650649633209_VIS_101.fits,0,2685971650649633209,,,2.0,19.3158,268.59716505140307,64.963320957243,45.0,102157953_2669397021640472384
stamps/-544512592294004905_VIS_101.fits,0,-544512592294004905,,,2.0,21.6956,54.45125922859,-29.400490579868688,46.0,102023482_NEG657383017460972594
stamps/2688487081676707805_VIS_101.fits,0,2688487081676707805,,,2.0,21.1222,268.8487081193024,67.67078053127815,47.0,102020064_NEG635823575494037615
stamps/2646310738657388809_VIS_101.fits,0,2646310738657388809,,,3.0,21.7084,264.6310738710594,65.73888095045308,48.0,102021982_NEG590483847476549202
stamps/-648416320477247608_VIS_101.fits,0,-648416320477247608,,,2.0,20.2554,64.8416320416539,-47.72476088529666,49.0,102158889_2677624236654538082
stamps/-633314738492202102_VIS_101.fits,0,-633314738492202102,,,2.0,19.5476,63.33147381497644,-49.22021029467168,50.0,102159771_2643073721671053537
stamps/2708858271655288800_VIS_101.fits,0,2708858271655288800,,,2.0,20.9844,270.8858271528369,65.52888005444667,51.0,102021988_NEG637845892475954405
stamps/-552927118496246408_VIS_101.fits,0,-552927118496246408,,,2.0,19.4042,55.29271186021677,-49.624640812198194,52.0,102020065_NEG639706305497277844
stamps/-628185525487670800_VIS_101.fits,0,-628185525487670800,,,2.0,21.6828,62.818552532210006,-48.76708008257678,53.0,102021504_NEG669028748480810029
stamps/-583272644494621500_VIS_101.fits,0,-583272644494621500,,,2.0,19.4513,58.32726442338056,-49.462150009526816,54.0,102021014_NEG610047486487275523
stamps/-540934775264134101_VIS_101.fits,0,-540934775264134101,,,2.0,20.7032,54.093477547895,-26.413410158867144,55.0,102020054_NEG556215936492901652
stamps/-638912602457019009_VIS_101.fits,0,-638912602457019009,,,2.0,19.8029,63.89126020049939,-45.70190090373276,56.0,102045463_NEG510020362271915172
stamps/2690626631634050707_VIS_101.fits,0,2690626631634050707,,,2.0,22.2875,269.06266318481585,63.40507073176293,57.0,102158586_2707908112649845702
stamps/-594973148499644504_VIS_101.fits,0,-594973148499644504,,,2.0,22.3858,59.49731486619332,-49.964450453332894,58.0,102042917_NEG540926519290733004
stamps/-616604580498575708_VIS_101.fits,0,-616604580498575708,,,2.0,19.0868,61.66045808713825,-49.85757083159239,59.0,102160610_2725640304686403990
stamps/-656698957485826907_VIS_101.fits,0,-656698957485826907,,,2.0,22.3412,65.66989570866832,-48.58269075623127,60.0,102022474_NEG591186165469192016
stamps/2737881963687133504_VIS_101.fits,0,2737881963687133504,,,2.0,20.7272,273.78819632333983,68.71335040966626,61.0,102022978_NEG639856435467273842
stamps/2728850815655541703_VIS_101.fits,0,2728850815655541703,,,2.0,20.8858,272.8850815468403,65.55417031076836,62.0,102046761_NEG534264558260612632
stamps/-574570772491695304_VIS_101.fits,0,-574570772491695304,,,2.0,22.2334,57.45707723613724,-49.16953049741751,63.0,102021496_NEG603335199478099381
stamps/2677589132679141302_VIS_101.fits,0,2677589132679141302,,,2.0,19.3908,267.7589132165811,67.91413026387767,64.0,102019131_NEG626148898503257561
stamps/-536160542279603900_VIS_101.fits,0,-536160542279603900,,,2.0,19.5702,53.61605428929092,-27.960390047521084,65.0,102044182_NEG510181483277803809
stamps/-597028372504658202_VIS_101.fits,0,-597028372504658202,,,2.0,20.3523,59.702837205889175,-50.465820288409134,66.0,102021014_NEG616133820483754774
stamps/-542464394289445905_VIS_101.fits,0,-542464394289445905,,,2.0,18.3948,54.24643949520279,-28.944590559786874,67.0,102158892_2704470582654415692
stamps/2640233775673146603_VIS_101.fits,0,2640233775673146603,,,3.0,21.8221,264.0233775075608,67.3146603797995,68.0,102021499_NEG631323422479949628
stamps/-607737691465002500_VIS_101.fits,0,-607737691465002500,,,2.0,22.2229,60.77376912924548,-46.5002500040452,69.0,102158271_2672343829643151429
stamps/-622351442501508801_VIS_101.fits,0,-622351442501508801,,,2.0,20.9401,62.23514421031878,-50.15088013929461,70.0,102021984_NEG610367881474644147
stamps/-521239359283172102_VIS_101.fits,0,-521239359283172102,,,2.0,20.7073,52.12393597572998,-28.31721028175548,71.0,102044821_NEG509449559274572380
stamps/2718636689643642007_VIS_101.fits,0,2718636689643642007,,,2.0,17.7381,271.8636689143522,64.36420079593492,72.0,102158896_2752645036652374998
stamps/-623690362475859803_VIS_101.fits,0,-623690362475859803,,,2.0,22.1813,62.36903622632598,-47.58598037092624,73.0,102046111_NEG525445060265211534
stamps/2658003291637242308_VIS_101.fits,0,2658003291637242308,,,2.0,22.2916,265.8003291954795,63.72423085116575,74.0,102159491_2759377187664442986
stamps/2707440848634958005_VIS_101.fits,0,2707440848634958005,,,2.0,18.6663,270.7440848821524,63.495800521416776,75.0,102020537_NEG623663816492513043
stamps/-606883166481399504_VIS_101.fits,0,-606883166481399504,,,2.0,19.3549,60.68831668620332,-48.13995049932061,76.0,102158886_2639435536653600933
stamps/2673454104647959203_VIS_101.fits,0,2673454104647959203,,,2.0,21.8844,267.34541043466555,64.79592038229167,77.0,102041657_NEG528301123298298693
stamps/2667998302665494309_VIS_101.fits,0,2667998302665494309,,,2.0,21.5159,266.7998302288979,66.54943091464678,78.0,102043552_NEG548209510282510524
stamps/2664527286676534005_VIS_101.fits,0,2664527286676534005,,,2.0,22.4866,266.45272867139704,67.65340057483901,79.0,102159196_2750719383660442039
stamps/-634814297455559801_VIS_101.fits,0,-634814297455559801,,,2.0,22.4675,63.48142976750638,-45.55598011768982,80.0,102021492_NEG575201344482287786
stamps/-542145878297148008_VIS_101.fits,0,-542145878297148008,,,2.0,21.6401,54.21458781140691,-29.71480086548133,81.0,102043551_NEG546245791286829440
stamps/-651591331479440804_VIS_101.fits,0,-651591331479440804,,,2.0,18.9563,65.15913311606215,-47.94408045661737,82.0,102021503_NEG655073934479995542
stamps/-588426696485875806_VIS_101.fits,0,-588426696485875806,,,2.0,19.7676,58.84266963649653,-48.58758069448742,83.0,102021499_NEG632503018480736583
stamps/2716535752680988307_VIS_101.fits,0,2716535752680988307,,,2.0,20.794,271.6535752672047,68.09883074576915,84.0,102157956_2695046853638479184
stamps/-581833329480239206_VIS_101.fits,0,-581833329480239206,,,2.0,22.0828,58.183332941095486,-48.02392063254933,85.0,102021493_NEG584908045481892408
stamps/-569936620498985505_VIS_101.fits,0,-569936620498985505,,,2.0,20.0668,56.99366200866657,-49.89855058934876,86.0,102022980_NEG653069109465982282
stamps/-623533600479908702_VIS_101.fits,0,-623533600479908702,,,2.0,19.6501,62.35336009949739,-47.99087027955618,87.0,102158587_2711988261648357583
stamps/2671247765669603307_VIS_101.fits,0,2671247765669603307,,,2.0,22.2602,267.124776515996,66.96033071724996,88.0,102022478_NEG615325075470840323
stamps/-631844782498970903_VIS_101.fits,0,-631844782498970903,,,2.0,19.9251,63.18447824034844,-49.89709032934979,89.0,102158891_2699896914654311553
stamps/-645499509482944302_VIS_101.fits,0,-645499509482944302,,,2.0,20.8947,64.54995094574933,-48.29443024135394,90.0,102020060_NEG598920538496078263
stamps/-617245254495721304_VIS_101.fits,0,-617245254495721304,,,2.0,19.0759,61.72452544712744,-49.57213048452783,91.0,102042918_NEG544805259289548872
stamps/-511040875282367303_VIS_101.fits,0,-511040875282367303,,,2.0,21.2879,51.10408758559292,-28.2367303325452,92.0,102021986_NEG622483671477358161
stamps/-637326450455673606_VIS_101.fits,0,-637326450455673606,,,2.0,17.4141,63.7326450625568,-45.56736066198436,93.0,102160336_2685084962682049281
stamps/-539562427279188400_VIS_101.fits,0,-539562427279188400,,,2.0,19.9406,53.9562427943345,-27.918840045673747,94.0,102020534_NEG604929086489066527
stamps/-531995819277092008_VIS_101.fits,0,-531995819277092008,,,2.0,21.1175,53.19958197751472,-27.70920088402488,95.0,102020536_NEG621645331488224037
stamps/2736311940672539806_VIS_101.fits,0,2736311940672539806,,,2.0,21.8805,273.63119402036523,67.25398063034454,96.0,102022481_NEG641874067471349140
stamps/-542615409279729809_VIS_101.fits,0,-542615409279729809,,,2.0,20.5673,54.26154095962561,-27.972980940289776,97.0,102159484_2665581065664778853
stamps/2659959728662001808_VIS_101.fits,0,2659959728662001808,,,2.0,20.8881,265.9959728467094,66.20018088978057,98.0,102160060_2706622399674599706
stamps/2673615905638797005_VIS_101.fits,0,2673615905638797005,,,2.0,20.4286,267.3615905525515,63.87970059546819,99.0,102042913_NEG515596854290228591
stamps/-543318771267727606_VIS_101.fits,0,-543318771267727606,,,2.0,19.1253,54.33187710255062,-26.772760656029803,100.0,102019590_NEG590843564499562054
stamps/-608300428487919004_VIS_101.fits,0,-608300428487919004,,,2.0,22.4403,60.83004288954869,-48.79190040220252,101.0,102160610_2729256016684457774
stamps/-545357488286254505_VIS_101.fits,0,-545357488286254505,,,2.0,20.7341,54.5357488509329,-28.62545054781693,102.0,102018665_NEG576731213511114485
stamps/-544084337277874904_VIS_101.fits,0,-544084337277874904,,,2.0,20.2217,54.40843370588972,-27.787490409176534,103.0,102045468_NEG535850797268396974
stamps/-657878844468225407_VIS_101.fits,0,-657878844468225407,,,2.0,19.1742,65.78788445363263,-46.822540709666,104.0,102042284_NEG523902104295926900
stamps/2704073583667408909_VIS_101.fits,0,2704073583667408909,,,2.0,19.382,270.4073583461065,66.74089093037524,105.0,102158583_2672803654649962203
stamps/-630798069471721006_VIS_101.fits,0,-630798069471721006,,,2.0,19.6259,63.07980692106714,-47.172100670614576,106.0,102021504_NEG667954670479292514
stamps/-519380595295283403_VIS_101.fits,0,-519380595295283403,,,2.0,19.4792,51.93805955237375,-29.52834031917896,107.0,102020528_NEG557594873487530963
stamps/2710442533673076205_VIS_101.fits,0,2710442533673076205,,,2.0,19.3611,271.0442533840827,67.3076205484742,108.0,102020532_NEG589257492489565961
stamps/-571690665487360403_VIS_101.fits,0,-571690665487360403,,,2.0,18.8308,57.169066511593016,-48.73604036612237,109.0,102021982_NEG597271535474325465
stamps/2694540478680891801_VIS_101.fits,0,2694540478680891801,,,2.0,17.7443,269.45404787213727,68.08918017706591,110.0,102158589_2744568849651754043
stamps/2656007660660542806_VIS_101.fits,0,2656007660660542806,,,2.0,20.2703,265.60076602962994,66.05428067805855,111.0,102158892_2703681011657269406
stamps/2750253296659014303_VIS_101.fits,0,2750253296659014303,,,2.0,19.9672,275.02532965217114,65.90143034704478,112.0,102159195_2734094103661424333
stamps/-660239850470323703_VIS_101.fits,0,-660239850470323703,,,2.0,20.6891,66.02398505087392,-47.03237033995242,113.0,102160335_2672720281680709434
stamps/-591705807508362006_VIS_101.fits,0,-591705807508362006,,,2.0,19.3088,59.17058070432007,-50.83620069292398,114.0,102159773_2677079122669151496
stamps/-660627873476579700_VIS_101.fits,0,-660627873476579700,,,2.0,20.288,66.06278738237066,-47.657970027591226,115.0,102159189_2663231466659368059
stamps/2623073783656306102_VIS_101.fits,0,2623073783656306102,,,2.0,20.7391,262.3073783075208,65.63061028873645,116.0,102158276_2722561985645255526
stamps/2683806265644418705_VIS_101.fits,0,2683806265644418705,,,2.0,19.8199,268.3806265973012,64.44187056813709,117.0,102022972_NEG597052478465695317
stamps/-539608579264516700_VIS_101.fits,0,-539608579264516700,,,2.0,20.5418,53.96085794723896,-26.4516700394812,118.0,102158584_2687970439648743491
stamps/-632734376462727609_VIS_101.fits,0,-632734376462727609,,,2.0,22.3083,63.273437666320696,-46.27276096161631,119.0,102159187_2646504448657919965
stamps/-640118033497292704_VIS_101.fits,0,-640118033497292704,,,2.0,20.6953,64.01180334706044,-49.72927044479474,120.0,102160058_2690177088672937227
stamps/2719038051654236203_VIS_101.fits,0,2719038051654236203,,,2.0,21.5353,271.9038051739422,65.42362036164728,121.0,102160335_2672690861681717566
stamps/-569761971495918605_VIS_101.fits,0,-569761971495918605,,,2.0,21.5683,56.97619713359671,-49.59186057640845,122.0,102020063_NEG625857431494380658
stamps/2654356948664828801_VIS_101.fits,0,2654356948664828801,,,2.0,19.3636,265.43569481850534,66.48288012974388,123.0,102160338_2712384210679392079
stamps/2748213673671969000_VIS_101.fits,0,2748213673671969000,,,2.0,19.75,274.8213673084706,67.19690004651457,124.0,102021981_NEG586493481476452509
stamps/-533397778280726709_VIS_101.fits,0,-533397778280726709,,,2.0,20.94,53.33977781683974,-28.072670973573345,125.0,102158887_2648223419654261880
stamps/-629576500469505207_VIS_101.fits,0,-629576500469505207,,,2.0,20.4613,62.95765000241333,-46.95052078489372,126.0,102159187_2639230520659765010
stamps/-614186016482674706_VIS_101.fits,0,-614186016482674706,,,2.0,20.0659,61.41860168059614,-48.26747064403818,127.0,102157629_2659727733636823810
stamps/2739153079678930602_VIS_101.fits,0,2739153079678930602,,,3.0,13.2783,273.91530793458514,67.89306027562691,128.0,102158889_2677813028655307424
stamps/-536676867294492505_VIS_101.fits,0,-536676867294492505,,,2.0,22.2906,53.66768673129007,-29.449250529627985,129.0,102045464_NEG514418387268262939
stamps/-669031331468001703_VIS_101.fits,0,-669031331468001703,,,2.0,18.6748,66.90313312689621,-46.80017036306195,130.0,102042915_NEG528545016288651034
stamps/2659763630644081702_VIS_101.fits,0,2659763630644081702,,,2.0,19.1382,265.9763630215361,64.40817021112396,131.0,102022477_NEG613081088467583327
stamps/-666231595468609407_VIS_101.fits,0,-666231595468609407,,,2.0,20.3248,66.6231595697433,-46.86094075527462,132.0,102042916_NEG533251142291509670
stamps/-540091239284664601_VIS_101.fits,0,-540091239284664601,,,2.0,21.5135,54.009123923207866,-28.46646015814528,133.0,102158887_2655306065654633189
stamps/2659277469659156101_VIS_101.fits,0,2659277469659156101,,,2.0,20.1605,265.9277469798102,65.91561019951875,134.0,102158274_2706060111645234144
stamps/-541746909284158003_VIS_101.fits,0,-541746909284158003,,,2.0,19.9532,54.17469099519417,-28.415800357540668,135.0,102157954_2678629431639725549
stamps/-564257479498886701_VIS_101.fits,0,-564257479498886701,,,2.0,21.811,56.425747969540495,-49.88867019495526,136.0,102158270_2656382386643695481
stamps/-630338540481700809_VIS_101.fits,0,-630338540481700809,,,2.0,17.842,63.0338540678235,-48.17008090747025,137.0,102021015_NEG616932997484302318
stamps/2641227525662382303_VIS_101.fits,0,2641227525662382303,,,2.0,21.1324,264.12275257508395,66.23823037982562,138.0,102044182_NEG512061540278527911
stamps/2693423563669027906_VIS_101.fits,0,2693423563669027906,,,2.0,21.3724,269.34235639297066,66.90279063169697,139.0,102023478_NEG628457640459296313
stamps/-647244417488360206_VIS_101.fits,0,-647244417488360206,,,2.0,21.9777,64.72444174773597,-48.836020695208354,140.0,102023479_NEG631968882458727056
stamps/2635413613663097401_VIS_101.fits,0,2635413613663097401,,,2.0,20.747,263.54136136993657,66.30974010972788,141.0,102020529_NEG566452754492393104
stamps/-579715269485311901_VIS_101.fits,0,-579715269485311901,,,2.0,20.5133,57.97152692652943,-48.53119015367864,142.0,102044827_NEG542909292272696454
stamps/-520952174287573202_VIS_101.fits,0,-520952174287573202,,,2.0,22.5318,52.09521746293198,-28.757320227061708,143.0,102042913_NEG520471782290867053
stamps/-596407365482829203_VIS_101.fits,0,-596407365482829203,,,2.0,22.1265,59.64073653134587,-48.282920343420926,144.0,102158272_2678087036644598709
stamps/2656298273641856305_VIS_101.fits,0,2656298273641856305,,,2.0,21.9084,265.62982736178947,64.18563056158551,145.0,102021987_NEG632575884473969454
stamps/2664618586675664705_VIS_101.fits,0,2664618586675664705,,,2.0,19.9962,266.4618586535292,67.56647053161389,146.0,102021981_NEG583343318473770500
stamps/-600583706485369102_VIS_101.fits,0,-600583706485369102,,,2.0,20.7012,60.05837066509055,-48.536910210682606,147.0,102158584_2687900321650859511
stamps/-663568536468463606_VIS_101.fits,0,-663568536468463606,,,2.0,21.0558,66.35685365965337,-46.84636062683055,148.0,102159189_2669116606659806362
stamps/2682209164662665909_VIS_101.fits,0,2682209164662665909,,,3.0,21.2454,268.22091646771304,66.26659090611413,149.0,102019124_NEG572893989502570421
stamps/2705754956671913601_VIS_101.fits,0,2705754956671913601,,,2.0,18.7534,270.5754956960817,67.1913601337777,150.0,102160062_2738460691675239507
stamps/-615753994475787302_VIS_101.fits,0,-615753994475787302,,,2.0,18.8183,61.57539942831378,-47.578730233597724,151.0,102021500_NEG636294430480333264
stamps/2722153386643023807_VIS_101.fits,0,2722153386643023807,,,2.0,20.2504,272.2153386171059,64.30238071621822,152.0,102042284_NEG526888815294982643
stamps/-641054897480179405_VIS_101.fits,0,-641054897480179405,,,2.0,21.1382,64.10548974875661,-48.0179405854428,153.0,102042919_NEG549525883291619345
stamps/-620647776480269005_VIS_101.fits,0,-620647776480269005,,,2.0,20.8625,62.06477760070728,-48.02690058855888,154.0,102159485_2680932712664697516
stamps/-640911464481396503_VIS_101.fits,0,-640911464481396503,,,2.0,19.0057,64.09114646457827,-48.13965032667672,155.0,102022973_NEG606454307466806991
stamps/2714725096655254108_VIS_101.fits,0,2714725096655254108,,,2.0,22.349,271.47250965963264,65.52541086056262,156.0,102020538_NEG631689440492354239
stamps/-638698397482213608_VIS_101.fits,0,-638698397482213608,,,2.0,21.5562,63.86983976556925,-48.22136087847324,157.0,102020539_NEG641383802490968352
stamps/2724869107656637807_VIS_101.fits,0,2724869107656637807,,,2.0,21.2562,272.4869107823471,65.66378077501247,158.0,102021990_NEG650312660474055399
stamps/2660771485677420006_VIS_101.fits,0,2660771485677420006,,,2.0,18.6929,266.0771485952756,67.74200063371141,159.0,102159481_2635212626663669301
stamps/-571964623484631005_VIS_101.fits,0,-571964623484631005,,,2.0,21.6359,57.19646237117967,-48.463100596793815,160.0,102158889_2668443415653707960
stamps/-631686486467371906_VIS_101.fits,0,-631686486467371906,,,2.0,21.0096,63.16864864915102,-46.73719063505823,161.0,102022479_NEG621145334471255869
stamps/-606784039476718905_VIS_101.fits,0,-606784039476718905,,,2.0,19.8025,60.67840393434835,-47.67189058282357,162.0,102043551_NEG542774461286906112
stamps/-520088024292407208_VIS_101.fits,0,-520088024292407208,,,2.0,19.6767,52.00880241520916,-29.2407208028626,163.0,102160337_2703837081680486960
stamps/-535708286276413108_VIS_101.fits,0,-535708286276413108,,,2.0,19.8203,53.5708286448204,-27.64131083611773,164.0,102021016_NEG627937046483290884
stamps/-529159034287577702_VIS_101.fits,0,-529159034287577702,,,2.0,21.9314,52.91590349681636,-28.757770226234875,165.0,102158580_2631644629651693582
stamps/-648778483474883405_VIS_101.fits,0,-648778483474883405,,,2.0,19.0441,64.87784832903044,-47.488340527575325,166.0,102021980_NEG576667803474825283
stamps/-642524767474299502_VIS_101.fits,0,-642524767474299502,,,2.0,20.3142,64.25247674414527,-47.4299502288918,167.0,102158277_2733524648645511387
stamps/-546455498291536709_VIS_101.fits,0,-546455498291536709,,,2.0,22.4089,54.6455498305537,-29.153670973367134,168.0,102159191_2686897092659972714
stamps/-585190697503986302_VIS_101.fits,0,-585190697503986302,,,2.0,19.0322,58.51906976309188,-50.39863026057918,169.0,102159486_2695397736666928563
stamps/-558147493486389804_VIS_101.fits,0,-558147493486389804,,,2.0,19.4267,55.81474935866952,-48.63898048533024,170.0,102159485_2681289316665353959
stamps/-513122535282327905_VIS_101.fits,0,-513122535282327905,,,2.0,22.2432,51.31225356800012,-28.23279055008147,171.0,102044185_NEG529514172281460834
stamps/2703703484664955803_VIS_101.fits,0,2703703484664955803,,,2.0,21.3985,270.3703484406214,66.49558031093167,172.0,102159481_2634849207665073829
stamps/-600465891470103607_VIS_101.fits,0,-600465891470103607,,,2.0,22.4783,60.04658910776394,-47.01036074521791,173.0,102019588_NEG579781735502176069
stamps/-614746489495417508_VIS_101.fits,0,-614746489495417508,,,2.0,21.2106,61.47464892585273,-49.54175089973218,174.0,102042917_NEG540132584291926297
stamps/2675451902636056301_VIS_101.fits,0,2675451902636056301,,,2.0,20.3898,267.54519029891804,63.60563018572743,175.0,102158889_2674118174654422285
stamps/-648317875487153608_VIS_101.fits,0,-648317875487153608,,,2.0,18.9224,64.83178751440745,-48.71536081156166,176.0,102158896_2755778332656876880
stamps/-634415753456810908_VIS_101.fits,0,-634415753456810908,,,2.0,18.9958,63.44157539629314,-45.68109083997829,177.0,102044186_NEG535621262280129063
stamps/2694972474636727705_VIS_101.fits,0,2694972474636727705,,,2.0,19.3363,269.4972474375903,63.67277059080847,178.0,102158272_2685730342643470690
stamps/2639358879665935708_VIS_101.fits,0,2639358879665935708,,,2.0,20.2886,263.935887980768,66.59357085428469,179.0,102158276_2727570223645896962
stamps/-660309699475620709_VIS_101.fits,0,-660309699475620709,,,2.0,19.8599,66.03096998837579,-47.56207097826698,180.0,102020530_NEG575336420489680805
stamps/-526730100268960005_VIS_101.fits,0,-526730100268960005,,,2.0,22.3633,52.67301000306961,-26.896000508562462,181.0,102044827_NEG544423614276266111
stamps/-628038507462817802_VIS_101.fits,0,-628038507462817802,,,2.0,19.1765,62.80385071828146,-46.28178024797565,182.0,102020066_NEG645419324493086283
stamps/-571958202494226301_VIS_101.fits,0,-571958202494226301,,,2.0,19.4997,57.19582027334892,-49.42263011975887,183.0,102158887_2646461630654930628
stamps/2697296231653937403_VIS_101.fits,0,2697296231653937403,,,2.0,20.8103,269.7296231092946,65.393740367519,184.0,102019129_NEG617672661504204895
stamps/-537496365278964003_VIS_101.fits,0,-537496365278964003,,,2.0,20.6134,53.74963650337376,-27.896400319803604,185.0,102021986_NEG621796804473410288
stamps/-597534666483776602_VIS_101.fits,0,-597534666483776602,,,2.0,20.9618,59.75346662676718,-48.37766022888873,186.0,102160057_2679227916675153944
stamps/-636561669468734607_VIS_101.fits,0,-636561669468734607,,,2.0,21.2791,63.656166910087975,-46.87346079628038,187.0,102042914_NEG522625262291125533
stamps/-526935282278701107_VIS_101.fits,0,-526935282278701107,,,2.0,21.4067,52.69352825654705,-27.87011070103081,188.0,102160607_2684058176685650370
stamps/-577087556505959303_VIS_101.fits,0,-577087556505959303,,,2.0,21.8589,57.70875566267146,-50.59593034387762,189.0,102043549_NEG530257443283430270
stamps/-629849734470409500_VIS_101.fits,0,-629849734470409500,,,2.0,22.1961,62.98497343929971,-47.0409500302895,190.0,102020528_NEG558800896491551043
stamps/-609349524492274604_VIS_101.fits,0,-609349524492274604,,,2.0,22.1716,60.93495241553511,-49.22746045152973,191.0,102160057_2669613885677463506
stamps/-631939375492437901_VIS_101.fits,0,-631939375492437901,,,2.0,20.9682,63.19393755197514,-49.24379017458258,192.0,102020532_NEG591117402487550021
stamps/2693059189651940606_VIS_101.fits,0,2693059189651940606,,,2.0,21.443,269.3059189836787,65.19406060122844,193.0,102159778_2733418388668044661
stamps/-539679640286705208_VIS_101.fits,0,-539679640286705208,,,2.0,20.0463,53.9679640709924,-28.67052089416956,194.0,102018666_NEG579859279508531437
stamps/2654231869659681908_VIS_101.fits,0,2654231869659681908,,,2.0,19.0993,265.4231869434536,65.96819082091056,195.0,102157958_2727137773639721420
stamps/2739006263651134407_VIS_101.fits,0,2739006263651134407,,,2.0,20.1901,273.90062630730506,65.11344077616127,196.0,102160610_2728596478683519590
stamps/-508655682280883703_VIS_101.fits,0,-508655682280883703,,,2.0,19.921,50.86556820092073,-28.08837034581855,197.0,102158896_2752149841653729649
stamps/2730935575652458304_VIS_101.fits,0,2730935575652458304,,,2.0,22.2639,273.0935575206533,65.24583040412935,198.0,102159191_2683342191661471471
stamps/-605276923480278000_VIS_101.fits,0,-605276923480278000,,,2.0,19.9507,60.52769232674304,-48.027800026018994,199.0,102044188_NEG548070624278595332
stamps/2728758042684465606_VIS_101.fits,0,2728758042684465606,,,2.0,22.2675,272.87580429800795,68.4465606763838,200.0,102045468_NEG534525411271636586
stamps/-549344736286977401_VIS_101.fits,0,-549344736286977401,,,2.0,20.0049,54.93447364926381,-28.697740129699195,201.0,102042283_NEG518770667295125494
stamps/2659465934638260906_VIS_101.fits,0,2659465934638260906,,,2.0,20.4239,265.94659342534874,63.82609065629293,202.0,102021493_NEG583380599480841946
stamps/2640520740667121604_VIS_101.fits,0,2640520740667121604,,,2.0,19.7744,264.05207402010484,66.71216048316563,203.0,102045464_NEG512422645270221464
stamps/-590387186497863208_VIS_101.fits,0,-590387186497863208,,,2.0,21.4439,59.03871866087786,-49.786320894698434,204.0,102021497_NEG615658160478755691
stamps/-573566654485679302_VIS_101.fits,0,-573566654485679302,,,2.0,21.0171,57.35666549385541,-48.56793025695739,205.0,102160337_2700171490680496942
stamps/2685901710683297900_VIS_101.fits,0,2685901710683297900,,,2.0,19.5317,268.5901710241129,68.32979002765856,206.0,102020061_NEG612388468493726389
stamps/2746139540662826407_VIS_101.fits,0,2746139540662826407,,,2.0,19.6055,274.6139540337942,66.28264077066015,207.0,102157955_2689800257639551890
stamps/-542469512295479908_VIS_101.fits,0,-542469512295479908,,,2.0,22.4603,54.246951237769466,-29.547990879283866,208.0,102022980_NEG657553777465731159
stamps/2681923506645304202_VIS_101.fits,0,2681923506645304202,,,2.0,20.8732,268.19235060345625,64.5304202927129,209.0,102021498_NEG620710751479897662
stamps/2665755643651693406_VIS_101.fits,0,2665755643651693406,,,2.0,20.6198,266.57556431600966,65.16934069189526,210.0,102021978_NEG565786336477092595
stamps/2689701087651276007_VIS_101.fits,0,2689701087651276007,,,2.0,21.5612,268.9701087382666,65.12760073361595,211.0,102042914_NEG520791097292457766
stamps/-539969151295403709_VIS_101.fits,0,-539969151295403709,,,2.0,21.7388,53.99691513985936,-29.540370930520933,212.0,102042913_NEG515847139291141021
stamps/2733458539662110604_VIS_101.fits,0,2733458539662110604,,,2.0,20.031,273.3458539203048,66.21106047993813,213.0,102019591_NEG601417531499600002
stamps/-564710613503473303_VIS_101.fits,0,-564710613503473303,,,2.0,21.2712,56.47106137181791,-50.3473303655829,214.0,102158888_2659753895653871052
stamps/2725957122673063509_VIS_101.fits,0,2725957122673063509,,,2.0,19.2833,272.59571220267213,67.30635098362487,215.0,102020528_NEG562073760492316605
stamps/-620240327470130105_VIS_101.fits,0,-620240327470130105,,,2.0,21.4171,62.0240327763844,-47.01301050105696,216.0,102159189_2669674055661286334
stamps/-644553258468100700_VIS_101.fits,0,-644553258468100700,,,2.0,21.0769,64.45532584886709,-46.81007005435493,217.0,102160607_2685509147685729039
stamps/-638379055474733401_VIS_101.fits,0,-638379055474733401,,,2.0,20.4485,63.837905515348886,-47.47334016116539,218.0,102159771_2645195528669074866
stamps/-594575371489531007_VIS_101.fits,0,-594575371489531007,,,2.0,20.2755,59.457537130614135,-48.953100747972826,219.0,102158584_2688149271647967093
stamps/2697263093679269600_VIS_101.fits,0,2697263093679269600,,,2.0,19.4564,269.7263093979189,67.92696000920597,220.0,102021990_NEG651246796473086761
stamps/-651644966483649305_VIS_101.fits,0,-651644966483649305,,,2.0,20.0339,65.16449669972934,-48.36493051850077,221.0,102158275_2709777393645726835
stamps/-625331778461763507_VIS_101.fits,0,-625331778461763507,,,2.0,20.789,62.53317788200642,-46.17635072929973,222.0,102042917_NEG539279061291936993
stamps/2680953306669520101_VIS_101.fits,0,2680953306669520101,,,2.0,20.5367,268.0953306044321,66.95201017469049,223.0,102043546_NEG516559001286493665
stamps/-605640386500393406_VIS_101.fits,0,-605640386500393406,,,2.0,21.2013,60.56403866605475,-50.039340604492345,224.0,102021504_NEG666846889481107505
stamps/2738401551651886303_VIS_101.fits,0,2738401551651886303,,,2.0,20.6538,273.8401551679164,65.1886303153536,225.0,102160337_2702871940682411776
stamps/2744084180649788304_VIS_101.fits,0,2744084180649788304,,,2.0,22.2278,274.4084180624869,64.97883048268271,226.0,102045466_NEG526735767268568130
stamps/-628887733478534705_VIS_101.fits,0,-628887733478534705,,,2.0,21.6591,62.88877336199271,-47.85347057185624,227.0,102020056_NEG570002701495855213
stamps/-528945071281643005_VIS_101.fits,0,-528945071281643005,,,2.0,18.8951,52.89450710568717,-28.16430056137857,228.0,102159188_2652763834658560044
stamps/-662310699471146902_VIS_101.fits,0,-662310699471146902,,,2.0,18.961,66.23106998483968,-47.11469027744072,229.0,102019593_NEG612269334502356628
stamps/2717356663648850004_VIS_101.fits,0,2717356663648850004,,,2.0,19.6757,271.73566637879435,64.88500041711674,230.0,102023482_NEG655179432459165110
stamps/-645590967485042800_VIS_101.fits,0,-645590967485042800,,,2.0,19.7592,64.55909673420334,-48.50428004755915,231.0,102021008_NEG569571426487440793
stamps/-644744775469060505_VIS_101.fits,0,-644744775469060505,,,2.0,20.8522,64.47447750127917,-46.90605056983224,232.0,102044187_NEG538575988280255664
stamps/2743894873671965400_VIS_101.fits,0,2743894873671965400,,,2.0,20.3145,274.38948737054164,67.19654007034843,233.0,102021014_NEG613552795482722691
stamps/2748787227674624106_VIS_101.fits,0,2748787227674624106,,,2.0,21.8079,274.8787227691514,67.46241062708394,234.0,102021493_NEG584317889477816598
stamps/-514589647288316105_VIS_101.fits,0,-514589647288316105,,,2.0,21.3323,51.4589647202837,-28.831610503838576,235.0,102021980_NEG577646036477033395
stamps/2657848260637799507_VIS_101.fits,0,2657848260637799507,,,2.0,20.473,265.78482604629886,63.77995076096035,236.0,102042919_NEG550105155291238806
stamps/-630550214464547500_VIS_101.fits,0,-630550214464547500,,,2.0,22.4193,63.05502147639769,-46.454750094661605,237.0,102022977_NEG631763965463618343
stamps/-506795428267682807_VIS_101.fits,0,-506795428267682807,,,2.0,18.691,50.67954284638728,-26.768280713686064,238.0,102158888_2657819747657129186
stamps/-514113244274384307_VIS_101.fits,0,-514113244274384307,,,2.0,21.1675,51.41132443596649,-27.438430764355623,239.0,102157952_2658616879639330994
stamps/-558267993495791002_VIS_101.fits,0,-558267993495791002,,,2.0,19.824,55.82679931940499,-49.57910022156267,240.0,102021500_NEG636862073478549953
stamps/2645803449657189300_VIS_101.fits,0,2645803449657189300,,,3.0,21.1542,264.5803449640267,65.71893004057088,241.0,102159488_2715904729665064695
stamps/-596842706466758708_VIS_101.fits,0,-596842706466758708,,,2.0,19.3056,59.68427069814132,-46.67587086614524,242.0,102019126_NEG589666030505609975
stamps/-527616166296258702_VIS_101.fits,0,-527616166296258702,,,2.0,20.6081,52.76161664218679,-29.62587024847447,243.0,102044183_NEG515787441281897369
stamps/-604461939467499700_VIS_101.fits,0,-604461939467499700,,,2.0,19.6471,60.44619392328414,-46.74997008856353,244.0,102020530_NEG572378924491097026
stamps/2637368051648491309_VIS_101.fits,0,2637368051648491309,,,2.0,21.471,263.7368051791614,64.8491309065267,245.0,102042915_NEG527574180288799276
stamps/-646159953480704309_VIS_101.fits,0,-646159953480704309,,,2.0,20.5541,64.61599536740349,-48.07043097806972,246.0,102021017_NEG634146279486865014
stamps/-625396652482696001_VIS_101.fits,0,-625396652482696001,,,2.0,18.456,62.53966525150778,-48.26960019718397,247.0,102020539_NEG639239120489296299
stamps/-614252332492298300_VIS_101.fits,0,-614252332492298300,,,2.0,19.6003,61.42523328929526,-49.22983000437293,248.0,102158589_2744607815651760624
stamps/-589818342476063107_VIS_101.fits,0,-589818342476063107,,,2.0,19.7756,58.981834249915565,-47.60631079549216,249.0,102042915_NEG531310919292142818
stamps/-509400209282856709_VIS_101.fits,0,-509400209282856709,,,2.0,20.717,50.940020959446144,-28.285670962583424,250.0,102042287_NEG543727111293847771
stamps/2751132861674764900_VIS_101.fits,0,2751132861674764900,,,2.0,21.7053,275.1132861614909,67.47649005211463,251.0,102023476_NEG610025395461180513
stamps/-631543720491648209_VIS_101.fits,0,-631543720491648209,,,2.0,19.7905,63.15437203873627,-49.16482098680711,252.0,102159187_2638806679660192602
stamps/2682105261665514505_VIS_101.fits,0,2682105261665514505,,,2.0,19.3755,268.2105261608443,66.55145059961082,253.0,102159776_2714258099668328507
stamps/2705933274686126708_VIS_101.fits,0,2705933274686126708,,,2.0,22.411,270.5933274682222,68.6126708788281,254.0,102019595_NEG630246532498667881
stamps/-586260573478488505_VIS_101.fits,0,-586260573478488505,,,2.0,20.2092,58.626057368534255,-47.84885051518797,255.0,102019123_NEG567245233502945885
stamps/-617185311501959803_VIS_101.fits,0,-617185311501959803,,,2.0,18.1814,61.7185311230852,-50.19598036529464,256.0,102045468_NEG536440857272232644
stamps/-601917528499486000_VIS_101.fits,0,-601917528499486000,,,2.0,19.9939,60.1917528769256,-49.94860004126298,257.0,102160337_2701254133678933511
stamps/-539044570270529403_VIS_101.fits,0,-539044570270529403,,,2.0,20.7604,53.90445708080815,-27.05294030270708,258.0,102044187_NEG538533000282255459
stamps/-604801367504235409_VIS_101.fits,0,-604801367504235409,,,2.0,22.5126,60.48013676439848,-50.42354091423383,259.0,102019588_NEG581189290502362418
stamps/2729483999658650500_VIS_101.fits,0,2729483999658650500,,,3.0,20.4357,272.9483999703724,65.86505009521449,260.0,102021012_NEG594963796484947260
stamps/-513785800293228704_VIS_101.fits,0,-513785800293228704,,,2.0,21.432,51.37858001885927,-29.32287048056083,261.0,102042913_NEG518198793288220397
stamps/-632824058475482702_VIS_101.fits,0,-632824058475482702,,,2.0,17.9798,63.28240587579875,-47.54827026209107,262.0,102158894_2730612507653143373
stamps/-516792863284003106_VIS_101.fits,0,-516792863284003106,,,2.0,21.5865,51.67928630326862,-28.40031064404015,263.0,102022479_NEG623150693471748758
stamps/2659601582640572900_VIS_101.fits,0,2659601582640572900,,,2.0,21.4226,265.9601582633061,64.05729004128902,264.0,102020533_NEG596261344490617547
stamps/-632376452453923400_VIS_101.fits,0,-632376452453923400,,,2.0,18.2914,63.23764524093255,-45.39234001447839,265.0,102042919_NEG550298555288445169
stamps/2751775984652337804_VIS_101.fits,0,2751775984652337804,,,2.0,18.3832,275.1775984914112,65.2337804295178,266.0,102158276_2727435595645547639
stamps/-578354214506555706_VIS_101.fits,0,-578354214506555706,,,2.0,21.6858,57.835421401276975,-50.65557063192952,267.0,102021986_NEG624049517477067447
stamps/-606261322483507307_VIS_101.fits,0,-606261322483507307,,,2.0,20.8818,60.62613223145578,-48.35073075289475,268.0,102158275_2713231622643632503
stamps/2680639099680633001_VIS_101.fits,0,2680639099680633001,,,2.0,20.0816,268.063909973538,68.06330014866005,269.0,102159777_2718673262669682284
stamps/-547665682294270109_VIS_101.fits,0,-547665682294270109,,,2.0,21.9525,54.76656820421608,-29.427010928071567,270.0,102021980_NEG580387113476956642
stamps/2686511245641456206_VIS_101.fits,0,2686511245641456206,,,2.0,21.9169,268.65112456751314,64.14562064791797,271.0,102020532_NEG584961967491933103
stamps/-638213456491423804_VIS_101.fits,0,-638213456491423804,,,2.0,19.7503,63.821345669974384,-49.142380488267605,272.0,102043551_NEG544735665285502399
stamps/2648986888665286907_VIS_101.fits,0,2648986888665286907,,,2.0,22.0864,264.89868889272685,66.52869076938059,273.0,102046111_NEG524535231263409554
stamps/2744615197656819404_VIS_101.fits,0,2744615197656819404,,,2.0,21.4857,274.46151979050336,65.68194040765734,274.0,102158890_2683357136652678772
stamps/-641904357488705309_VIS_101.fits,0,-641904357488705309,,,2.0,20.8016,64.19043570364052,-48.87053093887322,275.0,102020064_NEG635872258496841682
stamps/-632582249476430202_VIS_101.fits,0,-632582249476430202,,,2.0,21.6889,63.25822499346379,-47.64302028146574,276.0,102045466_NEG526398502270513535
stamps/-640636947475636206_VIS_101.fits,0,-640636947475636206,,,2.0,19.1606,64.06369478810974,-47.56362065952203,277.0,102021988_NEG640289253474412348
stamps/-528315847262161308_VIS_101.fits,0,-528315847262161308,,,2.0,20.7532,52.83158473777475,-26.21613087778882,278.0,102158888_2667434443654461269
stamps/2721091271671143807_VIS_101.fits,0,2721091271671143807,,,2.0,21.5594,272.10912712907765,67.1143807999887,279.0,102023986_NEG643189719456460589
stamps/-551575343293183000_VIS_101.fits,0,-551575343293183000,,,2.0,21.7051,55.15753438683437,-29.318300069097702,280.0,102159491_2750401520665356534
stamps/-633516212491881608_VIS_101.fits,0,-633516212491881608,,,2.0,21.4452,63.35162122097539,-49.18816082897746,281.0,102159772_2662654897671699728
stamps/-566098573478111003_VIS_101.fits,0,-566098573478111003,,,2.0,21.2793,56.60985733921439,-47.81110030679845,282.0,102021984_NEG609678648473892045
stamps/-546801171279582200_VIS_101.fits,0,-546801171279582200,,,2.0,19.3958,54.68011713092525,-27.958220099675668,283.0,102160611_2740328687682808789
stamps/-563227477496926303_VIS_101.fits,0,-563227477496926303,,,2.0,19.7898,56.32274778249613,-49.69263036177426,284.0,102021013_NEG606090281487314103
stamps/2710254845677213501_VIS_101.fits,0,2710254845677213501,,,2.0,21.49,271.02548459051104,67.72135016921243,285.0,102160334_2665945112680410578
stamps/2708057008673610000_VIS_101.fits,0,2708057008673610000,,,2.0,21.3323,270.8057008676884,67.3610000473909,286.0,102157958_2719195933641972975
stamps/-618078852460094206_VIS_101.fits,0,-618078852460094206,,,2.0,21.6405,61.80788524933613,-46.009420616696936,287.0,102022482_NEG644534872469264836
stamps/-517898619273247309_VIS_101.fits,0,-517898619273247309,,,2.0,19.9764,51.789861951314215,-27.32473097539679,288.0,102044185_NEG528176967277992842
stamps/-627790574498448608_VIS_101.fits,0,-627790574498448608,,,2.0,17.85,62.77905746371841,-49.84486083133908,289.0,102043552_NEG547756940286644821
stamps/-634869622453821906_VIS_101.fits,0,-634869622453821906,,,2.0,20.5713,63.48696222363481,-45.38219065023385,290.0,102158885_2631975188656022964
stamps/-536357010266389800_VIS_101.fits,0,-536357010266389800,,,2.0,18.6566,53.635701032358114,-26.63898001878238,291.0,102157958_2722285786638229999
stamps/-537959903289828804_VIS_101.fits,0,-537959903289828804,,,2.0,19.1011,53.7959903055906,-28.98288047205284,292.0,102159776_2711220936669189145
stamps/-580593320510220402_VIS_101.fits,0,-580593320510220402,,,2.0,18.0415,58.05933207476061,-51.02204022164215,293.0,102046114_NEG537352034266671160
stamps/2649074154649177400_VIS_101.fits,0,2649074154649177400,,,2.0,22.2001,264.9074154352808,64.91774008796186,294.0,102021006_NEG554672577486973111
stamps/-542215559277652907_VIS_101.fits,0,-542215559277652907,,,2.0,20.1685,54.2215559530173,-27.76529072929802,295.0,102158887_2651714354654861084
stamps/-543750787291123509_VIS_101.fits,0,-543750787291123509,,,2.0,20.7447,54.37507870718503,-29.112350916668998,296.0,102160055_2646891602674889078
stamps/2665844602675896105_VIS_101.fits,0,2665844602675896105,,,2.0,20.1639,266.5844602186052,67.58961052127887,297.0,102042919_NEG549725555290756868
stamps/2716344564673017909_VIS_101.fits,0,2716344564673017909,,,2.0,20.7736,271.6344564915964,67.30179097097675,298.0,102023984_NEG631043463457052623
stamps/2746975820644385002_VIS_101.fits,0,2746975820644385002,,,2.0,20.6372,274.69758207057413,64.4385002495716,299.0,102020056_NEG569381219495998178
stamps/-574873905501778803_VIS_101.fits,0,-574873905501778803,,,2.0,19.8456,57.4873905617703,-50.17788037835729,300.0,102158890_2680242082656735280
stamps/-612751629463955501_VIS_101.fits,0,-612751629463955501,,,2.0,20.5229,61.27516294940411,-46.395550195053566,301.0,102044187_NEG542891812279697972
stamps/2715429573652124809_VIS_101.fits,0,2715429573652124809,,,2.0,20.1482,271.54295739221857,65.21248092445948,302.0,102158585_2694958058650832108
stamps/-665628112478031602_VIS_101.fits,0,-665628112478031602,,,2.0,22.4189,66.56281126545235,-47.80316021135408,303.0,102044824_NEG525230483273308137
stamps/-548467957282217401_VIS_101.fits,0,-548467957282217401,,,2.0,21.0255,54.84679571893822,-28.221740175006023,304.0,102021986_NEG619535738476339304
stamps/-657538183478961100_VIS_101.fits,0,-657538183478961100,,,2.0,22.4397,65.7538183185337,-47.89611000898805,305.0,102041656_NEG523359673301396466
stamps/-534465045298894209_VIS_101.fits,0,-534465045298894209,,,2.0,20.7907,53.44650452933168,-29.889420934359897,306.0,102023480_NEG640270096460844048
stamps/-533373722291216300_VIS_101.fits,0,-533373722291216300,,,2.0,20.6973,53.337372229688405,-29.121630024572205,307.0,102159486_2691200739666476860
stamps/-516207174274692707_VIS_101.fits,0,-516207174274692707,,,2.0,20.4662,51.62071747979912,-27.469270729849587,308.0,102022474_NEG590266584471556814
stamps/-585970331475795409_VIS_101.fits,0,-585970331475795409,,,2.0,21.8782,58.597033108449935,-47.57954097915082,309.0,102021020_NEG656951229482999258
stamps/-530242033288788902_VIS_101.fits,0,-530242033288788902,,,2.0,20.6823,53.02420333316728,-28.878890220123,310.0,102019128_NEG609723701504645522
stamps/-530582963289167503_VIS_101.fits,0,-530582963289167503,,,2.0,22.0302,53.05829634331169,-28.91675030855537,311.0,102021982_NEG593574657477168830
stamps/2736960509662458807_VIS_101.fits,0,2736960509662458807,,,3.0,21.2687,273.69605092097834,66.24588071248024,312.0,102019126_NEG589597149505340169
stamps/-636899653460597607_VIS_101.fits,0,-636899653460597607,,,2.0,21.89,63.68996534652552,-46.05976079826619,313.0,102159192_2695197869661844158
stamps/2687488749678501203_VIS_101.fits,0,2687488749678501203,,,2.0,19.0767,268.74887499788423,67.85012035967632,314.0,102023479_NEG633491501461458871
stamps/-587554463487165208_VIS_101.fits,0,-587554463487165208,,,2.0,22.0577,58.75544633221774,-48.71652087672283,315.0,102160336_2695945753681853613
stamps/-622222782501533707_VIS_101.fits,0,-622222782501533707,,,2.0,21.5337,62.22227822170903,-50.15337072867142,316.0,102159773_2671366170672094055
stamps/-515251211276443104_VIS_101.fits,0,-515251211276443104,,,2.0,20.0919,51.52512115299036,-27.644310402687022,317.0,102020530_NEG572303674490459976
stamps/2702302578656162900_VIS_101.fits,0,2702302578656162900,,,2.0,19.1219,270.2302578610869,65.6162900462724,318.0,102019125_NEG583028233504223644
stamps/-582139022509735302_VIS_101.fits,0,-582139022509735302,,,2.0,20.7848,58.2139022641151,-50.9735302983097,319.0,102158893_2719347803657244854
stamps/-590759122488822209_VIS_101.fits,0,-590759122488822209,,,2.0,22.007,59.07591221158906,-48.88222091884128,320.0,102020528_NEG557780503491374019
stamps/-654511584484140105_VIS_101.fits,0,-654511584484140105,,,2.0,21.2929,65.45115848840737,-48.414010537844575,321.0,102159194_2723464956661228420
stamps/-536204686299288208_VIS_101.fits,0,-536204686299288208,,,2.0,21.7679,53.62046867370496,-29.92882086370624,322.0,102159482_2642474434666614156
stamps/-526045353296403904_VIS_101.fits,0,-526045353296403904,,,2.0,21.1124,52.60453538460234,-29.64039040239277,323.0,102018667_NEG587746535508057234
stamps/-657813331462788706_VIS_101.fits,0,-657813331462788706,,,2.0,19.8358,65.78133310954958,-46.278870628198085,324.0,102021013_NEG602940269483238112
stamps/-614009750470611704_VIS_101.fits,0,-614009750470611704,,,2.0,18.2871,61.4009750625951,-47.06117040665941,325.0,102020062_NEG617330086494647877
stamps/2685751857658008609_VIS_101.fits,0,2685751857658008609,,,2.0,21.5934,268.57518570752165,65.80086091203727,326.0,102157956_2700546205640397835
stamps/2650500397644779708_VIS_101.fits,0,2650500397644779708,,,2.0,20.1991,265.05003973831253,64.47797083781342,327.0,102021012_NEG595807815483116843
stamps/-620018743485418405_VIS_101.fits,0,-620018743485418405,,,2.0,21.6856,62.001874338772616,-48.54184059585151,328.0,102042919_NEG550683279289700727
stamps/2730085450644350500_VIS_101.fits,0,2730085450644350500,,,3.0,21.2025,273.00854507012355,64.43505005837484,329.0,102158273_2697192667642722765
stamps/-529970450292617503_VIS_101.fits,0,-529970450292617503,,,2.0,21.6699,52.99704508014555,-29.261750323154367,330.0,102020054_NEG554364696495554940
stamps/-631566977469136704_VIS_101.fits,0,-631566977469136704,,,2.0,22.0756,63.15669774025103,-46.91367041708849,331.0,102021982_NEG594333174476368664
stamps/-586805049468933700_VIS_101.fits,0,-586805049468933700,,,2.0,19.9713,58.68050491541493,-46.89337007700818,332.0,102021498_NEG622697531480704134
stamps/2628364151655588809_VIS_101.fits,0,2628364151655588809,,,2.0,22.0389,262.8364151771868,65.55888092939855,333.0,102021493_NEG586398445479765591
stamps/2678912147660615403_VIS_101.fits,0,2678912147660615403,,,2.0,20.4405,267.8912147310783,66.06154030267484,334.0,102042284_NEG528356577292866317
stamps/-645341827485586609_VIS_101.fits,0,-645341827485586609,,,2.0,22.2774,64.53418273394053,-48.55866092199198,335.0,102021499_NEG630283151478334717
stamps/2692832110666892503_VIS_101.fits,0,2692832110666892503,,,3.0,20.9392,269.28321107321284,66.68925030797446,336.0,102020537_NEG626913533487999205
stamps/2747393866647605006_VIS_101.fits,0,2747393866647605006,,,2.0,19.2004,274.7393866014753,64.76050067616254,337.0,102157630_2665772836637102014
stamps/-658158983472941606_VIS_101.fits,0,-658158983472941606,,,2.0,20.9927,65.81589836106096,-47.29416064711877,338.0,102157952_2658211530641487553
stamps/2714913747681814105_VIS_101.fits,0,2714913747681814105,,,2.0,22.0454,271.49137479968266,68.18141058050881,339.0,102020064_NEG630441470494718517
stamps/-545999198279600506_VIS_101.fits,0,-545999198279600506,,,2.0,20.8884,54.59991987108363,-27.96005064297741,340.0,102159189_2667596748662187959
stamps/-575411248486707305_VIS_101.fits,0,-575411248486707305,,,2.0,21.6722,57.54112487250845,-48.67073053772303,341.0,102019592_NEG606434619500983922
stamps/-515040447272635903_VIS_101.fits,0,-515040447272635903,,,2.0,17.246,51.5040447431088,-27.263590352872654,342.0,102159489_2726981595665987676
stamps/-609409426481568405_VIS_101.fits,0,-609409426481568405,,,2.0,21.7525,60.94094260923144,-48.1568405640058,343.0,102023481_NEG647245161459048846
stamps/-632426943485513400_VIS_101.fits,0,-632426943485513400,,,2.0,20.5625,63.24269431616549,-48.55134008763062,344.0,102021016_NEG629685198482852633
stamps/-603103797467611703_VIS_101.fits,0,-603103797467611703,,,2.0,19.3148,60.31037975269593,-46.76117033016234,345.0,102159197_2758626130661770946
stamps/-571025439491382002_VIS_101.fits,0,-571025439491382002,,,2.0,21.5946,57.102543966521736,-49.13820022387022,346.0,102160338_2720592793680584236
stamps/-522326995300243807_VIS_101.fits,0,-522326995300243807,,,2.0,19.8949,52.23269951610515,-30.02438076278219,347.0,102019586_NEG564463213499964061
stamps/2681508411672830500_VIS_101.fits,0,2681508411672830500,,,3.0,21.5,268.1508411638065,67.28305008715367,348.0,102041657_NEG527925237298894414
stamps/-617322694468046108_VIS_101.fits,0,-617322694468046108,,,2.0,21.504,61.73226945042969,-46.8046108947114,349.0,102159488_2717571775663564534
stamps/-634671860493632904_VIS_101.fits,0,-634671860493632904,,,2.0,21.7672,63.467186071472526,-49.363290404316594,350.0,102044186_NEG536764250280439031
stamps/-588486200489305401_VIS_101.fits,0,-588486200489305401,,,2.0,22.2016,58.8486200905092,-48.93054012237216,351.0,102158277_2738945549646397299
stamps/-526362020271003101_VIS_101.fits,0,-526362020271003101,,,2.0,21.6055,52.63620204463476,-27.1003101890231,352.0,102159777_2726775566670351257
stamps/-547559238288728608_VIS_101.fits,0,-547559238288728608,,,2.0,21.0722,54.75592380775845,-28.8728608838479,353.0,102158584_2688054361648826754
stamps/-622801905480713704_VIS_101.fits,0,-622801905480713704,,,2.0,20.0675,62.28019051160103,-48.07137046149536,354.0,102020056_NEG571928631495947554
stamps/-578713380474929504_VIS_101.fits,0,-578713380474929504,,,2.0,19.8932,57.8713380102783,-47.49295045318463,355.0,102158888_2659467460657407372
stamps/2659687133638349709_VIS_101.fits,0,2659687133638349709,,,2.0,20.6037,265.9687133881472,63.834970976445405,356.0,102022483_NEG650705793470600869
stamps/2697392918677642801_VIS_101.fits,0,2697392918677642801,,,2.0,21.7174,269.7392918467864,67.76428018126073,357.0,102019127_NEG596525941504553950
stamps/-515282908292130200_VIS_101.fits,0,-515282908292130200,,,2.0,21.8735,51.52829089619976,-29.21302006827033,358.0,102022483_NEG653290299470260264
stamps/-629491782467138007_VIS_101.fits,0,-629491782467138007,,,2.0,20.2661,62.94917821170554,-46.71380075503885,359.0,102158887_2654129070655512593
stamps/-632222021468959206_VIS_101.fits,0,-632222021468959206,,,2.0,20.095,63.222202177668215,-46.895920649005774,360.0,102158891_2698899135652599785
stamps/-625289432460103608_VIS_101.fits,0,-625289432460103608,,,2.0,19.8276,62.52894320147418,-46.010360815175545,361.0,102041657_NEG529209996299100136
stamps/-542599203282249503_VIS_101.fits,0,-542599203282249503,,,2.0,20.5436,54.25992032041958,-28.22495037112684,362.0,102018668_NEG595646727509469177
stamps/-534217889272554702_VIS_101.fits,0,-534217889272554702,,,2.0,22.1846,53.42178891640502,-27.255470208815478,363.0,102020539_NEG640534948489252606
stamps/2668996438639286407_VIS_101.fits,0,2668996438639286407,,,2.0,19.4001,266.8996438929941,63.92864073700876,364.0,102158894_2733212462655784384
stamps/-616358950506246209_VIS_101.fits,0,-616358950506246209,,,2.0,19.1155,61.63589508196808,-50.62462098616924,365.0,102158892_2703838311654309323
stamps/2759081809666528706_VIS_101.fits,0,2759081809666528706,,,3.0,20.1695,275.90818091765016,66.65287064221812,366.0,102158893_2720583810655664894
stamps/-628426685457278907_VIS_101.fits,0,-628426685457278907,,,2.0,19.5841,62.84266855969773,-45.72789076686676,367.0,102158270_2660101090644460436
stamps/-540160733288133607_VIS_101.fits,0,-540160733288133607,,,2.0,20.1401,54.01607335209806,-28.813360776472603,368.0,102044825_NEG534081174272937149
stamps/-526403160271088001_VIS_101.fits,0,-526403160271088001,,,2.0,21.2254,52.64031603786389,-27.10880010323112,369.0,102158586_2710834800648486342
stamps/-558757342488171306_VIS_101.fits,0,-558757342488171306,,,2.0,21.6617,55.87573427492619,-48.817130697564274,370.0,102020535_NEG608150353491434608
stamps/-528142500260301106_VIS_101.fits,0,-528142500260301106,,,2.0,20.6727,52.81425009683213,-26.030110625530067,371.0,102159779_2743381563669492033
stamps/-615572892496784909_VIS_101.fits,0,-615572892496784909,,,2.0,21.6836,61.55728923290141,-49.67849093739975,372.0,102160335_2680788986678866937
stamps/2695790709661009908_VIS_101.fits,0,2695790709661009908,,,2.0,20.6056,269.57907097871333,66.10099085998996,373.0,102021491_NEG571345829477653406
stamps/-581977477493624200_VIS_101.fits,0,-581977477493624200,,,2.0,22.031,58.19774773680565,-49.362420042678814,374.0,102021989_NEG644172618476134973
stamps/-635947799484419207_VIS_101.fits,0,-635947799484419207,,,2.0,21.647,63.59477991943788,-48.441920793510576,375.0,102158274_2704723597642696271
stamps/-571447328507284107_VIS_101.fits,0,-571447328507284107,,,2.0,21.024,57.14473288676898,-50.72841076787715,376.0,102021495_NEG596705787481338553
stamps/-636075894477448400_VIS_101.fits,0,-636075894477448400,,,2.0,21.8737,63.607589469658585,-47.74484005847387,377.0,102046114_NEG537084154267015431
stamps/2665796622667526500_VIS_101.fits,0,2665796622667526500,,,2.0,20.0047,266.5796622082964,66.75265008906293,378.0,102021016_NEG627891706482718950
stamps/2656331383664378406_VIS_101.fits,0,2656331383664378406,,,2.0,20.4229,265.63313837107376,66.4378406256616,379.0,102021009_NEG577024787484062221
stamps/2654451804640229703_VIS_101.fits,0,2654451804640229703,,,2.0,21.7281,265.44518044494566,64.02297039038014,380.0,102022980_NEG657082285467450951
stamps/2749361484676814305_VIS_101.fits,0,2749361484676814305,,,2.0,20.5415,274.93614848485066,67.68143051130478,381.0,102044823_NEG519633334274259646
stamps/2668640996655888702_VIS_101.fits,0,2668640996655888702,,,2.0,20.2257,266.8640996860624,65.58887020633722,382.0,102159192_2699004780662092340
stamps/2717221778683421201_VIS_101.fits,0,2717221778683421201,,,2.0,21.5522,271.7221778752385,68.34212010358623,383.0,102023480_NEG640021734460830824
stamps/-581765860492458103_VIS_101.fits,0,-581765860492458103,,,2.0,22.332,58.17658607127251,-49.2458103863453,384.0,102020539_NEG642885250488814700
stamps/2678348705673101402_VIS_101.fits,0,2678348705673101402,,,2.0,18.4111,267.83487054053734,67.31014023485668,385.0,102042282_NEG517070963297124785
stamps/2653259136641017209_VIS_101.fits,0,2653259136641017209,,,2.0,22.3042,265.325913668512,64.10172093909445,386.0,102021504_NEG664270221479670737
stamps/2657346641665429507_VIS_101.fits,0,2657346641665429507,,,2.0,21.0199,265.7346641837268,66.54295070967456,387.0,102021019_NEG651956451483599583
stamps/-529423937296137501_VIS_101.fits,0,-529423937296137501,,,2.0,21.524,52.94239372359221,-29.6137501651788,388.0,102158270_2654337786643538414
stamps/-618892462459282306_VIS_101.fits,0,-618892462459282306,,,2.0,21.3995,61.88924620281351,-45.92823060197055,389.0,102159186_2631794504660304436
stamps/2757171136660918901_VIS_101.fits,0,2757171136660918901,,,2.0,21.7365,275.71711367864503,66.09189011647409,390.0,102044824_NEG528789191276364582
stamps/2658472404656186804_VIS_101.fits,0,2658472404656186804,,,2.0,19.8399,265.84724049451444,65.61868040820953,391.0,102158582_2655753387652324244
stamps/2656315960644465703_VIS_101.fits,0,2656315960644465703,,,2.0,20.9473,265.63159609061,64.44657039729833,392.0,102159777_2716319161668542331
stamps/-617294617504361800_VIS_101.fits,0,-617294617504361800,,,2.0,22.2531,61.72946172225015,-50.43618003648801,393.0,102022482_NEG647287168468367807
stamps/-652484709458892403_VIS_101.fits,0,-652484709458892403,,,2.0,22.2754,65.248470935201,-45.889240346600815,394.0,102020530_NEG571638103490331545
stamps/-585024533511471905_VIS_101.fits,0,-585024533511471905,,,2.0,20.2396,58.50245332245202,-51.1471905879275,395.0,102160060_2716552208674838777
stamps/-625987778463318706_VIS_101.fits,0,-625987778463318706,,,2.0,22.0887,62.59877784107676,-46.3318706287386,396.0,102021014_NEG614981615482506340
stamps/-523240384285381403_VIS_101.fits,0,-523240384285381403,,,2.0,21.3624,52.324038441229135,-28.538140367268152,397.0,102020532_NEG585131565488109327
stamps/-565639680503074002_VIS_101.fits,0,-565639680503074002,,,2.0,19.6144,56.56396808363907,-50.30740028300878,398.0,102159772_2657244795670716163
stamps/-625949354476059201_VIS_101.fits,0,-625949354476059201,,,2.0,21.2454,62.594935425501234,-47.60592018185749,399.0,102020531_NEG579471354491627648
stamps/2633908934661349602_VIS_101.fits,0,2633908934661349602,,,2.0,20.2038,263.3908934873734,66.13496021348597,400.0,102159187_2645580164662468179
stamps/-608764524474642502_VIS_101.fits,0,-608764524474642502,,,2.0,20.3493,60.87645241040788,-47.46425026374882,401.0,102021497_NEG611694459481354870
stamps/-544951680286678400_VIS_101.fits,0,-544951680286678400,,,2.0,20.0402,54.49516806680161,-28.667840045957075,402.0,102022477_NEG612993633468010321
stamps/-541884900293646002_VIS_101.fits,0,-541884900293646002,,,2.0,21.4151,54.18849009012271,-29.364600217937625,403.0,102042283_NEG521070591294671601
stamps/-584105970477987105_VIS_101.fits,0,-584105970477987105,,,2.0,21.2001,58.41059702268229,-47.79871052467161,404.0,102160335_2682061397679348286
stamps/-581392054492615203_VIS_101.fits,0,-581392054492615203,,,2.0,21.1484,58.13920540776386,-49.26152036162808,405.0,102021492_NEG580553783482399812
stamps/2740585736682350503_VIS_101.fits,0,2740585736682350503,,,2.0,22.5297,274.05857368363945,68.23505034470661,406.0,102020532_NEG592320863488461402
stamps/-593393528478544300_VIS_101.fits,0,-593393528478544300,,,2.0,20.6007,59.33935280715738,-47.85443006705643,407.0,102158887_2655528906655835262
stamps/2663767316633461606_VIS_101.fits,0,2663767316633461606,,,2.0,20.3193,266.37673160840626,63.3461606885378,408.0,102019125_NEG586359480506090347
stamps/2720893357647890608_VIS_101.fits,0,2720893357647890608,,,2.0,18.8576,272.08933578766505,64.78906084051626,409.0,102021492_NEG579460447477747720
stamps/2632640868661032405_VIS_101.fits,0,2632640868661032405,,,2.0,17.2952,263.2640868140457,66.10324058118692,410.0,102159483_2659872799666371332
stamps/2649520439673317505_VIS_101.fits,0,2649520439673317505,,,2.0,20.679,264.9520439784352,67.3317505485898,411.0,102021984_NEG605671540476154903
stamps/2701487906663767502_VIS_101.fits,0,2701487906663767502,,,2.0,20.5087,270.1487906434501,66.37675025254437,412.0,102020529_NEG564427129491602014
stamps/2715500232638005007_VIS_101.fits,0,2715500232638005007,,,3.0,20.0074,271.55002326091187,63.80050070759111,413.0,102042283_NEG520608563295081214
stamps/-604408596473216707_VIS_101.fits,0,-604408596473216707,,,2.0,21.7085,60.44085962024458,-47.32167076139297,414.0,102018665_NEG575758716509311713
stamps/2732715577651499405_VIS_101.fits,0,2732715577651499405,,,2.0,20.0965,273.271557745819,65.14994054314882,415.0,102020059_NEG590814898493650143
stamps/-599076244509631005_VIS_101.fits,0,-599076244509631005,,,2.0,19.9539,59.90762442055522,-50.96310050981333,416.0,102021493_NEG587807121477852004
stamps/-520104452290143104_VIS_101.fits,0,-520104452290143104,,,2.0,19.4508,52.010445259187165,-29.014310471711024,417.0,102019128_NEG608928997504779012
stamps/-577148162501110404_VIS_101.fits,0,-577148162501110404,,,2.0,21.0957,57.714816218765954,-50.11104046742408,418.0,102021988_NEG636381546474267847
stamps/-595634443470023804_VIS_101.fits,0,-595634443470023804,,,2.0,21.3425,59.563444380786585,-47.002380437083495,419.0,102046111_NEG522631915266742195
stamps/2734205472646244204_VIS_101.fits,0,2734205472646244204,,,3.0,21.9041,273.4205472033012,64.62442049124316,420.0,102157632_2691754663635937458
stamps/2647485824673220003_VIS_101.fits,0,2647485824673220003,,,2.0,20.7476,264.7485824305638,67.32200036829836,421.0,102020534_NEG600985388487893328
stamps/2732615946678591001_VIS_101.fits,0,2732615946678591001,,,2.0,21.3965,273.2615946618405,67.8591001099511,422.0,102157953_2668203348640973901
stamps/2733304161653818200_VIS_101.fits,0,2733304161653818200,,,2.0,21.0469,273.3304161601991,65.3818200157392,423.0,102046110_NEG518495362266147268
stamps/-600502828504230309_VIS_101.fits,0,-600502828504230309,,,2.0,20.5794,60.050282850844745,-50.42303091179866,424.0,102023480_NEG642201006461096820
stamps/-522125574288203603_VIS_101.fits,0,-522125574288203603,,,2.0,19.3052,52.2125574756165,-28.820360317383297,425.0,102157957_2711813162637737494
stamps/-587367506497439405_VIS_101.fits,0,-587367506497439405,,,2.0,19.1231,58.73675060520684,-49.74394053667509,426.0,102019596_NEG637748088500119037
stamps/-634461233477450805_VIS_101.fits,0,-634461233477450805,,,2.0,20.5222,63.44612335767717,-47.74508052675417,427.0,102021499_NEG628042951482285714
stamps/2719878936682368608_VIS_101.fits,0,2719878936682368608,,,3.0,22.0489,271.9878936345132,68.23686081974533,428.0,102159489_2725731664662876609
stamps/-529707632292561700_VIS_101.fits,0,-529707632292561700,,,2.0,19.7751,52.97076322068313,-29.256170056567097,429.0,102021016_NEG629139696484887212
stamps/-518256041268267502_VIS_101.fits,0,-518256041268267502,,,2.0,21.4236,51.82560410650553,-26.82675020061072,430.0,102045467_NEG529760884271850076
stamps/-627297608454748506_VIS_101.fits,0,-627297608454748506,,,2.0,21.9948,62.72976089495553,-45.4748506740136,431.0,102044186_NEG537484692277631702
stamps/-526849741300384705_VIS_101.fits,0,-526849741300384705,,,2.0,21.002,52.68497414325059,-30.038470513111665,432.0,102159186_2632387939662408264
stamps/2646198317667825106_VIS_101.fits,0,2646198317667825106,,,2.0,21.5616,264.61983172081483,66.78251066605927,433.0,102023984_NEG627804838454213106
stamps/-536637008295052105_VIS_101.fits,0,-536637008295052105,,,2.0,21.0808,53.66370084035902,-29.505210511159422,434.0,102020059_NEG595972740496354540
stamps/2686172583662479906_VIS_101.fits,0,2686172583662479906,,,2.0,21.5538,268.6172583067695,66.24799060275993,435.0,102160058_2684023754674529862
stamps/-577367626505689009_VIS_101.fits,0,-577367626505689009,,,2.0,21.4906,57.73676269577472,-50.56890098741438,436.0,102021985_NEG615462575476067577
stamps/2757988183650744709_VIS_101.fits,0,2757988183650744709,,,2.0,19.6856,275.798818380659,65.07447091219048,437.0,102157954_2677725526640039676
stamps/2651757380644250101_VIS_101.fits,0,2651757380644250101,,,2.0,19.3344,265.1757380604253,64.42501016340103,438.0,102020528_NEG554976975487853956
stamps/-584908543514567102_VIS_101.fits,0,-584908543514567102,,,2.0,18.5578,58.49085430324168,-51.456710296722896,439.0,102044826_NEG537893681272621987
stamps/-621952326491870407_VIS_101.fits,0,-621952326491870407,,,2.0,22.3012,62.19523264343127,-49.18704076666617,440.0,102019588_NEG576940500501085311
stamps/-509792602282061801_VIS_101.fits,0,-509792602282061801,,,2.0,21.912,50.97926026694779,-28.206180148126684,441.0,102159484_2663190959666793114
stamps/-531613774288865902_VIS_101.fits,0,-531613774288865902,,,2.0,18.7028,53.16137747646143,-28.88659029580952,442.0,102044821_NEG508798294276486404
stamps/-621839767465050104_VIS_101.fits,0,-621839767465050104,,,2.0,21.391,62.1839767397949,-46.50501043733056,443.0,102019127_NEG600585702506652323
stamps/-668111102472387306_VIS_101.fits,0,-668111102472387306,,,2.0,20.4796,66.81111021133002,-47.2387306801285,444.0,102159489_2730705167663624037
stamps/-507649346275687202_VIS_101.fits,0,-507649346275687202,,,2.0,18.2789,50.76493467936858,-27.56872026106794,445.0,102157953_2670994480641865653
stamps/-598735645475892007_VIS_101.fits,0,-598735645475892007,,,2.0,22.336,59.87356457595638,-47.58920077923381,446.0,102021017_NEG637928660482715254
stamps/-607349250478277705_VIS_101.fits,0,-607349250478277705,,,2.0,20.2388,60.73492501695352,-47.82777051148624,447.0,102021502_NEG653108030479223468
stamps/-614335706462108302_VIS_101.fits,0,-614335706462108302,,,2.0,17.8816,61.43357065272768,-46.21083029571461,448.0,102022483_NEG653649683470250799
stamps/2665299078657419709_VIS_101.fits,0,2665299078657419709,,,2.0,21.4954,266.52990780165953,65.74197092094427,449.0,102045466_NEG522784531269221616
stamps/2701524354674550301_VIS_101.fits,0,2701524354674550301,,,2.0,19.8838,270.15243548794416,67.45503013794277,450.0,102019128_NEG607555025503027911
stamps/-645667070487942501_VIS_101.fits,0,-645667070487942501,,,2.0,19.1576,64.566707032461,-48.7942501993827,451.0,102046111_NEG525674252262710433
stamps/2639273174656887801_VIS_101.fits,0,2639273174656887801,,,2.0,22.4426,263.9273174386567,65.68878014730083,452.0,102042915_NEG529823788292531675
stamps/-593780676514487707_VIS_101.fits,0,-593780676514487707,,,2.0,20.5865,59.37806765312602,-51.44877077316578,453.0,102021018_NEG640120110483854165
stamps/-544139274296250905_VIS_101.fits,0,-544139274296250905,,,2.0,21.4744,54.41392743004492,-29.625090571877404,454.0,102159489_2728201578663264671
stamps/-555510079488711007_VIS_101.fits,0,-555510079488711007,,,2.0,19.0967,55.55100794153601,-48.87110076201164,455.0,102022975_NEG617890913466103850
stamps/2718617656638975004_VIS_101.fits,0,2718617656638975004,,,2.0,22.4203,271.8617656604871,63.8975004951823,456.0,102020055_NEG563894315496088157
stamps/-618725336476196604_VIS_101.fits,0,-618725336476196604,,,2.0,21.548,61.87253366844424,-47.61966048242797,457.0,102045464_NEG515803462270682480
stamps/2741177313673105404_VIS_101.fits,0,2741177313673105404,,,2.0,22.4865,274.11773135914086,67.31054048724185,458.0,102157953_2668288172639391107
stamps/-609206303492144500_VIS_101.fits,0,-609206303492144500,,,2.0,21.1501,60.920630319155386,-49.21445002791391,459.0,102160059_2697821071675011270
stamps/-660794813478379407_VIS_101.fits,0,-660794813478379407,,,2.0,19.0903,66.07948137281193,-47.83794073186549,460.0,102020055_NEG564676209494509344
stamps/2677595501661559808_VIS_101.fits,0,2677595501661559808,,,3.0,20.7543,267.75955017758093,66.1559808284475,461.0,102158270_2662527621645054682
stamps/-657094449458668403_VIS_101.fits,0,-657094449458668403,,,2.0,19.1623,65.70944492251755,-45.86684037159331,462.0,102022479_NEG623367075470669448
stamps/-529641972293287603_VIS_101.fits,0,-529641972293287603,,,2.0,21.8732,52.964197285681536,-29.32876037592574,463.0,102020062_NEG618346672492559568
stamps/-647359734471379607_VIS_101.fits,0,-647359734471379607,,,2.0,18.9716,64.73597347978486,-47.13796079561721,464.0,102019123_NEG564667438505382529
stamps/2695548574679704000_VIS_101.fits,0,2695548574679704000,,,2.0,21.0019,269.5548574524525,67.97040004371001,465.0,102021016_NEG626678160486839020
stamps/2737212779670141807_VIS_101.fits,0,2737212779670141807,,,2.0,20.0471,273.7212779882078,67.01418070343352,466.0,102022476_NEG601657296470027378
stamps/-512613534279980008_VIS_101.fits,0,-512613534279980008,,,2.0,20.6738,51.26135343198499,-27.99800080501174,467.0,102021503_NEG656130209478570072
stamps/-650766416470049809_VIS_101.fits,0,-650766416470049809,,,2.0,21.907,65.07664164947593,-47.004980947381945,468.0,102160335_2673678625680739495
stamps/2691100367644337501_VIS_101.fits,0,2691100367644337501,,,2.0,20.1904,269.110036720527,64.4337501117058,469.0,102020057_NEG582019329494705421
stamps/-611291639465113904_VIS_101.fits,0,-611291639465113904,,,2.0,21.2675,61.12916398484882,-46.51139041778405,470.0,102158886_2641867744653343162
stamps/2665587331637539109_VIS_101.fits,0,2665587331637539109,,,2.0,20.045,266.55873318866986,63.75391092312295,471.0,102019587_NEG569380954497924981
stamps/2689458923686443401_VIS_101.fits,0,2689458923686443401,,,2.0,22.1372,268.9458923058898,68.64434012993318,472.0,102044823_NEG523091195273907574
stamps/2693205658637125906_VIS_101.fits,0,2693205658637125906,,,2.0,19.1747,269.32056589541344,63.71259063839136,473.0,102021986_NEG622189376472948583
stamps/-660781978486016202_VIS_101.fits,0,-660781978486016202,,,2.0,20.5947,66.07819782517251,-48.60162024079794,474.0,102157955_2685490710638126805
stamps/2673454099665073704_VIS_101.fits,0,2673454099665073704,,,2.0,20.7425,267.3454099105387,66.5073704158206,475.0,102046114_NEG540908760267374976
stamps/2751438243652778705_VIS_101.fits,0,2751438243652778705,,,2.0,22.4256,275.14382430687886,65.27787058289712,476.0,102021020_NEG657545464483151702
stamps/2638961996662845401_VIS_101.fits,0,2638961996662845401,,,2.0,20.7176,263.89619966797886,66.28454014075234,477.0,102042914_NEG523479785291521247
stamps/2733329577680744707_VIS_101.fits,0,2733329577680744707,,,2.0,20.2623,273.3329577511888,68.07447074865279,478.0,102158896_2760272555655712464
stamps/2691578670650780906_VIS_101.fits,0,2691578670650780906,,,2.0,19.4932,269.1578670927297,65.07809067694248,479.0,102159772_2654573101671251576
stamps/-657802989474376806_VIS_101.fits,0,-657802989474376806,,,2.0,20.3766,65.78029891096323,-47.43768064083659,480.0,102019127_NEG598523367504401932
stamps/2712182758682784007_VIS_101.fits,0,2712182758682784007,,,2.0,20.7432,271.2182758762952,68.27840079151729,481.0,102021504_NEG664151473481313012
stamps/-526925518281791206_VIS_101.fits,0,-526925518281791206,,,2.0,19.3378,52.69255183345047,-28.17912067294576,482.0,102022974_NEG610978759464405134
stamps/2689696356635135209_VIS_101.fits,0,2689696356635135209,,,2.0,20.7115,268.969635658776,63.51352095042417,483.0,102020056_NEG568919155497446978
stamps/-655204676488502002_VIS_101.fits,0,-655204676488502002,,,2.0,21.4268,65.52046766770599,-48.85020020863736,484.0,102021014_NEG612545150486042170
stamps/-585142591477025100_VIS_101.fits,0,-585142591477025100,,,2.0,19.3031,58.51425919334197,-47.702510015904615,485.0,102159778_2735946368671378903
stamps/-592343902478561009_VIS_101.fits,0,-592343902478561009,,,2.0,21.6325,59.23439021781882,-47.856100955002205,486.0,102160060_2714236250676150798
stamps/2674099154660552709_VIS_101.fits,0,2674099154660552709,,,2.0,19.3096,267.40991546065146,66.05527096172818,487.0,102021502_NEG651338380481989567
stamps/-653459614463933501_VIS_101.fits,0,-653459614463933501,,,2.0,21.4606,65.34596146087777,-46.39335011923503,488.0,102021014_NEG612545150486042170
stamps/2709912022645186300_VIS_101.fits,0,2709912022645186300,,,2.0,21.726,270.9912022985823,64.5186300747289,489.0,102044186_NEG536764250280439031
stamps/-647356564469166402_VIS_101.fits,0,-647356564469166402,,,2.0,20.931,64.73565642318185,-46.9166402045138,490.0,102159777_2716319161668542331
stamps/2636172989652393608_VIS_101.fits,0,2636172989652393608,,,2.0,19.4121,263.6172989488415,65.2393608807896,491.0,102158270_2660101090644460436
stamps/-543478753294274404_VIS_101.fits,0,-543478753294274404,,,2.0,20.776,54.34787532182199,-29.42744046337368,492.0,102018665_NEG576731213511114485
stamps/-590010968497982404_VIS_101.fits,0,-590010968497982404,,,2.0,20.1289,59.00109680597966,-49.79824041886336,493.0,102157954_2678629431639725549
stamps/2689814639664318603_VIS_101.fits,0,2689814639664318603,,,2.0,20.4498,268.98146391254494,66.43186038784283,494.0,102159187_2639230520659765010
stamps/-551808705292869700_VIS_101.fits,0,-551808705292869700,,,2.0,20.5832,55.18087050339236,-29.28697007835972,495.0,102021014_NEG616133820483754774
stamps/2705645650680317406_VIS_101.fits,0,2705645650680317406,,,2.0,20.6096,270.5645650682514,68.03174066448429,496.0,102158887_2655528906655835262
stamps/-584852997497343201_VIS_101.fits,0,-584852997497343201,,,2.0,20.2897,58.48529978690189,-49.7343201425265,497.0,102021497_NEG611694459481354870
stamps/2726933174672701801_VIS_101.fits,0,2726933174672701801,,,2.0,18.4001,272.6933174428757,67.27018019686355,498.0,102158276_2727435595645547639
stamps/2680239894678079902_VIS_101.fits,0,2680239894678079902,,,2.0,21.7277,268.0239894872493,67.80799027895652,499.0,102021986_NEG624049517477067447
stamps/-577150942502548402_VIS_101.fits,0,-577150942502548402,,,2.0,19.2367,57.71509429290536,-50.25484024745123,500.0,102157957_2711813162637737494
stamps/-610085252473006309_VIS_101.fits,0,-610085252473006309,,,2.0,21.932,61.00852529895613,-47.30063093854686,501.0,102021980_NEG580387113476956642
stamps/-646015857484618104_VIS_101.fits,0,-646015857484618104,,,2.0,22.0249,64.60158579671511,-48.461810458409104,502.0,102044186_NEG537484692277631702
stamps/2709331452650217900_VIS_101.fits,0,2709331452650217900,,,2.0,21.2716,270.93314525414723,65.02179004801494,503.0,102020531_NEG579471354491627648
stamps/2690518062667818008_VIS_101.fits,0,2690518062667818008,,,2.0,21.8855,269.0518062379557,66.78180088005705,504.0,102021987_NEG632575884473969454
stamps/2753906832667224607_VIS_101.fits,0,2753906832667224607,,,2.0,19.7411,275.39068326092047,66.72246077527875,505.0,102158587_2711988261648357583
stamps/-523864424270475205_VIS_101.fits,0,-523864424270475205,,,2.0,22.1236,52.386442483464826,-27.04752056046999,506.0,102158271_2672343829643151429
stamps/-659799046479180809_VIS_101.fits,0,-659799046479180809,,,2.0,21.7235,65.97990468243414,-47.918080967031486,507.0,102021982_NEG590483847476549202
stamps/-528200694299233406_VIS_101.fits,0,-528200694299233406,,,2.0,19.0827,52.82006946265433,-29.923340604552276,508.0,102160056_2663488981675470136
stamps/-603714739474075809_VIS_101.fits,0,-603714739474075809,,,2.0,19.9632,60.37147394808898,-47.40758094183991,509.0,102042283_NEG520608563295081214
stamps/-628624149473559306_VIS_101.fits,0,-628624149473559306,,,2.0,20.6464,62.862414915645104,-47.3559306065557,510.0,102023984_NEG631043463457052623
stamps/2722246347665863802_VIS_101.fits,0,2722246347665863802,,,2.0,22.2005,272.2246347342075,66.58638020610056,511.0,102045464_NEG514418387268262939
stamps/-628600491503417308_VIS_101.fits,0,-628600491503417308,,,2.0,20.4223,62.860049154545976,-50.34173089209138,512.0,102020528_NEG561683562487885174
stamps/-608065911479407408_VIS_101.fits,0,-608065911479407408,,,2.0,21.6991,60.80659118373768,-47.94074088155969,513.0,102159491_2750401520665356534
