stamp_file,label,object_id,lens_id,grade,phz_label,vis_magnitude,right_ascension,declination,selection_rank,matched_lens_id
stamps/102018665_NEG570040238507752998_VIS_101.fits,1,-570040238507752998,102018665_NEG570040238507752998,A,2.0,22.2986,57.00402384909541,-50.77529982012066,,
stamps/102018665_NEG575758716509311713_VIS_101.fits,1,-575758716509311713,102018665_NEG575758716509311713,B,2.0,21.7147,57.57587163373043,-50.93117135678407,,
stamps/102018665_NEG576731213511114485_VIS_101.fits,1,-576731213511114485,102018665_NEG576731213511114485,B,2.0,20.7632,57.673121347036805,-51.11144854158032,,
stamps/102018666_NEG579859279508531437_VIS_101.fits,1,-579859279508531437,102018666_NEG579859279508531437,A,2.0,19.9484,57.9859279150053,-50.8531437640506,,
stamps/102018667_NEG587746535508057234_VIS_101.fits,1,-587746535508057234,102018667_NEG587746535508057234,A,2.0,21.1501,58.77465354947828,-50.80572343047943,,
stamps/102018668_NEG595646727509469177_VIS_101.fits,1,-595646727509469177,102018668_NEG595646727509469177,A,2.0,20.5755,59.56467277951752,-50.94691775377698,,
stamps/102019123_NEG564667438505382529_VIS_101.fits,1,-564667438505382529,102019123_NEG564667438505382529,A,2.0,19.0213,56.46674380313999,-50.538252942693255,,
stamps/102019123_NEG567245233502945885_VIS_101.fits,1,-567245233502945885,102019123_NEG567245233502945885,A,2.0,20.2164,56.724523328272205,-50.294588554343285,,
stamps/102019124_NEG572893989502570421_VIS_101.fits,1,-572893989502570421,102019124_NEG572893989502570421,B,2.0,21.325,57.28939899045425,-50.25704215991417,,
stamps/102019125_NEG583028233504223644_VIS_101.fits,1,-583028233504223644,102019125_NEG583028233504223644,A,2.0,18.9616,58.30282338830154,-50.422364440621735,,
stamps/102019125_NEG586359480506090347_VIS_101.fits,1,-586359480506090347,102019125_NEG586359480506090347,B,2.0,20.3392,58.635948080698455,-50.6090347691809,,
stamps/102019126_NEG589597149505340169_VIS_101.fits,1,-589597149505340169,102019126_NEG589597149505340169,B,2.0,21.192,58.95971490317726,-50.534016951929694,,
stamps/102019126_NEG589666030505609975_VIS_101.fits,1,-589666030505609975,102019126_NEG589666030505609975,B,2.0,19.3813,58.96660305543228,-50.56099752385071,,
stamps/102019127_NEG596525941504553950_VIS_101.fits,1,-596525941504553950,102019127_NEG596525941504553950,B,2.0,21.7202,59.65259418635493,-50.45539508343109,,
stamps/102019127_NEG598523367504401932_VIS_101.fits,1,-598523367504401932,102019127_NEG598523367504401932,A,2.0,20.4843,59.85233674701816,-50.44019327178667,,
stamps/102019127_NEG600585702506652323_VIS_101.fits,1,-600585702506652323,102019127_NEG600585702506652323,B,2.0,21.3842,60.05857024580175,-50.665232340817234,,
stamps/102019128_NEG607555025503027911_VIS_101.fits,1,-607555025503027911,102019128_NEG607555025503027911,A,2.0,19.9139,60.75550251121874,-50.30279115677251,,
stamps/102019128_NEG608928997504779012_VIS_101.fits,1,-608928997504779012,102019128_NEG608928997504779012,A,2.0,19.3978,60.892899780474096,-50.47790122954819,,
stamps/102019128_NEG609723701504645522_VIS_101.fits,1,-609723701504645522,102019128_NEG609723701504645522,B,2.0,20.7213,60.97237010457565,-50.46455227797104,,
stamps/102019129_NEG617672661504204895_VIS_101.fits,1,-617672661504204895,102019129_NEG617672661504204895,B,2.0,20.8223,61.767266142832256,-50.42048955522782,,
stamps/102019131_NEG626148898503257561_VIS_101.fits,1,-626148898503257561,102019131_NEG626148898503257561,B,2.0,19.3708,62.61488980991852,-50.32575613428242,,
stamps/102019586_NEG564463213499964061_VIS_101.fits,1,-564463213499964061,102019586_NEG564463213499964061,A,2.0,19.8974,56.446321381015146,-49.99640612068045,,
stamps/102019587_NEG569380954497924981_VIS_101.fits,1,-569380954497924981,102019587_NEG569380954497924981,B,2.0,20.0853,56.93809545828947,-49.79249811828738,,
stamps/102019588_NEG576940500501085311_VIS_101.fits,1,-576940500501085311,102019588_NEG576940500501085311,B,2.0,22.2491,57.69405005356776,-50.108531146574514,,
stamps/102019588_NEG579781735502176069_VIS_101.fits,1,-579781735502176069,102019588_NEG579781735502176069,A,2.0,22.4739,57.9781735251624,-50.21760698874812,,
stamps/102019588_NEG581189290502362418_VIS_101.fits,1,-581189290502362418,102019588_NEG581189290502362418,A,2.0,22.4639,58.11892905861379,-50.23624183385024,,
stamps/102019590_NEG590843564499562054_VIS_101.fits,1,-590843564499562054,102019590_NEG590843564499562054,B,2.0,19.1468,59.08435649176262,-49.956205403697886,,
stamps/102019591_NEG601417531499600002_VIS_101.fits,1,-601417531499600002,102019591_NEG601417531499600002,B,2.0,19.9693,60.14175313788287,-49.96000027775544,,
stamps/102019592_NEG606434619500983922_VIS_101.fits,1,-606434619500983922,102019592_NEG606434619500983922,A,2.0,21.6748,60.64346193262833,-50.09839222917177,,
stamps/102019593_NEG612269334502356628_VIS_101.fits,1,-612269334502356628,102019593_NEG612269334502356628,B,2.0,18.9824,61.2269334375336,-50.23566282725229,,
stamps/102019595_NEG630246532498667881_VIS_101.fits,1,-630246532498667881,102019595_NEG630246532498667881,A,2.0,22.3422,63.02465323974107,-49.8667881732315,,
stamps/102019596_NEG637748088500119037_VIS_101.fits,1,-637748088500119037,102019596_NEG637748088500119037,B,2.0,19.1057,63.77480885130131,-50.01190374108312,,
stamps/102020054_NEG554364696495554940_VIS_101.fits,1,-554364696495554940,102020054_NEG554364696495554940,B,2.0,21.6055,55.43646960793195,-49.55549405557734,,
stamps/102020054_NEG556215936492901652_VIS_101.fits,1,-556215936492901652,102020054_NEG556215936492901652,B,2.0,20.6226,55.62159369817304,-49.290165222546975,,
stamps/102020055_NEG563894315496088157_VIS_101.fits,1,-563894315496088157,102020055_NEG563894315496088157,A,2.0,22.3475,56.38943151491934,-49.60881575787721,,
stamps/102020055_NEG564676209494509344_VIS_101.fits,1,-564676209494509344,102020055_NEG564676209494509344,A,2.0,19.1927,56.46762095259402,-49.45093443791871,,
stamps/102020056_NEG568919155497446978_VIS_101.fits,1,-568919155497446978,102020056_NEG568919155497446978,A,2.0,20.6463,56.89191554837005,-49.74469783990281,,
stamps/102020056_NEG569381219495998178_VIS_101.fits,1,-569381219495998178,102020056_NEG569381219495998178,A,2.0,20.6103,56.93812190358718,-49.599817875364536,,
stamps/102020056_NEG570002701495855213_VIS_101.fits,1,-570002701495855213,102020056_NEG570002701495855213,B,2.0,21.5921,57.00027019393232,-49.58552134143774,,
stamps/102020056_NEG571928631495947554_VIS_101.fits,1,-571928631495947554,102020056_NEG571928631495947554,B,2.0,20.0603,57.19286316195864,-49.594755430177614,,
stamps/102020056_NEG573379534495223440_VIS_101.fits,1,-573379534495223440,102020056_NEG573379534495223440,B,2.0,20.2094,57.337953416835866,-49.52234409795684,,
stamps/102020057_NEG582019329494705421_VIS_101.fits,1,-582019329494705421,102020057_NEG582019329494705421,A,2.0,20.2107,58.20193296550151,-49.470542185359534,,
stamps/102020059_NEG590814898493650143_VIS_101.fits,1,-590814898493650143,102020059_NEG590814898493650143,B,2.0,20.0349,59.08148989976037,-49.36501436418274,,
stamps/102020059_NEG595972740496354540_VIS_101.fits,1,-595972740496354540,102020059_NEG595972740496354540,A,2.0,21.0568,59.597274098977714,-49.63545403109507,,
stamps/102020060_NEG598920538496078263_VIS_101.fits,1,-598920538496078263,102020060_NEG598920538496078263,A,2.0,20.9748,59.89205385113966,-49.607826345265366,,
stamps/102020061_NEG607087127495633316_VIS_101.fits,1,-607087127495633316,102020061_NEG607087127495633316,A,2.0,19.3101,60.70871278898007,-49.56333168622921,,
stamps/102020061_NEG608203827493491303_VIS_101.fits,1,-608203827493491303,102020061_NEG608203827493491303,B,2.0,21.767,60.82038274569893,-49.34913030126828,,
stamps/102020061_NEG612388468493726389_VIS_101.fits,1,-612388468493726389,102020061_NEG612388468493726389,A,2.0,19.3894,61.23884687469332,-49.37263896690335,,
stamps/102020062_NEG617330086494647877_VIS_101.fits,1,-617330086494647877,102020062_NEG617330086494647877,A,2.0,18.1906,61.73300862196033,-49.46478776977762,,
stamps/102020062_NEG618346672492559568_VIS_101.fits,1,-618346672492559568,102020062_NEG618346672492559568,B,2.0,21.8643,61.834667299199765,-49.25595680573238,,
stamps/102020063_NEG625857431494380658_VIS_101.fits,1,-625857431494380658,102020063_NEG625857431494380658,B,2.0,21.4863,62.585743181309965,-49.43806588628296,,
stamps/102020063_NEG626156743494681651_VIS_101.fits,1,-626156743494681651,102020063_NEG626156743494681651,B,2.0,19.2605,62.615674305347206,-49.46816512016682,,
stamps/102020064_NEG630441470494718517_VIS_101.fits,1,-630441470494718517,102020064_NEG630441470494718517,A,2.0,21.9742,63.04414702952862,-49.4718517641365,,
stamps/102020064_NEG635823575494037615_VIS_101.fits,1,-635823575494037615,102020064_NEG635823575494037615,B,2.0,21.1624,63.5823575504392,-49.40376153048183,,
stamps/102020064_NEG635872258496841682_VIS_101.fits,1,-635872258496841682,102020064_NEG635872258496841682,A,2.0,20.8032,63.58722583981298,-49.68416823937899,,
stamps/102020065_NEG639706305497277844_VIS_101.fits,1,-639706305497277844,102020065_NEG639706305497277844,B,2.0,19.3329,63.97063058883589,-49.727784447975104,,
stamps/102020066_NEG645419324493086283_VIS_101.fits,1,-645419324493086283,102020066_NEG645419324493086283,A,2.0,19.0885,64.54193243783828,-49.30862837005427,,
stamps/102020528_NEG554976975487853956_VIS_101.fits,1,-554976975487853956,102020528_NEG554976975487853956,A,2.0,19.311,55.497697503788665,-48.785395695423865,,
stamps/102020528_NEG557594873487530963_VIS_101.fits,1,-557594873487530963,102020528_NEG557594873487530963,A,2.0,19.6698,55.75948739301225,-48.753096396542105,,
stamps/102020528_NEG557780503491374019_VIS_101.fits,1,-557780503491374019,102020528_NEG557780503491374019,B,2.0,21.9977,55.77805038496869,-49.13740190644816,,
stamps/102020528_NEG558800896491551043_VIS_101.fits,1,-558800896491551043,102020528_NEG558800896491551043,B,2.0,22.2428,55.880089681433006,-49.15510438781556,,
stamps/102020528_NEG561683562487885174_VIS_101.fits,1,-561683562487885174,102020528_NEG561683562487885174,A,2.0,20.2872,56.16835627448652,-48.7885174830928,,
stamps/102020528_NEG562073760492316605_VIS_101.fits,1,-562073760492316605,102020528_NEG562073760492316605,B,2.0,19.19,56.20737601280353,-49.23166055034346,,
stamps/102020529_NEG564427129491602014_VIS_101.fits,1,-564427129491602014,102020529_NEG564427129491602014,B,2.0,20.5227,56.442712921370415,-49.16020146642965,,
stamps/102020529_NEG566452754492393104_VIS_101.fits,1,-566452754492393104,102020529_NEG566452754492393104,A,2.0,20.6894,56.64527541741643,-49.23931044272282,,
stamps/102020530_NEG571638103490331545_VIS_101.fits,1,-571638103490331545,102020530_NEG571638103490331545,B,2.0,22.2594,57.16381035568261,-49.03315451807532,,
stamps/102020530_NEG572303674490459976_VIS_101.fits,1,-572303674490459976,102020530_NEG572303674490459976,B,2.0,20.1328,57.230367495986805,-49.04599764138084,,
stamps/102020530_NEG572378924491097026_VIS_101.fits,1,-572378924491097026,102020530_NEG572378924491097026,B,2.0,19.6812,57.23789245830907,-49.10970265313149,,
stamps/102020530_NEG575336420489680805_VIS_101.fits,1,-575336420489680805,102020530_NEG575336420489680805,B,2.0,19.8058,57.53364206673457,-48.96808058090636,,
stamps/102020531_NEG579471354491627648_VIS_101.fits,1,-579471354491627648,102020531_NEG579471354491627648,A,2.0,21.2106,57.9471354749442,-49.16276485789378,,
stamps/102020532_NEG584961967491933103_VIS_101.fits,1,-584961967491933103,102020532_NEG584961967491933103,A,2.0,21.951,58.49619670592336,-49.19331030851976,,
stamps/102020532_NEG585131565488109327_VIS_101.fits,1,-585131565488109327,102020532_NEG585131565488109327,B,2.0,21.3094,58.51315652251934,-48.81093274345079,,
stamps/102020532_NEG589257492489565961_VIS_101.fits,1,-589257492489565961,102020532_NEG589257492489565961,A,2.0,19.2424,58.92574921328832,-48.95659616705754,,
stamps/102020532_NEG591117402487550021_VIS_101.fits,1,-591117402487550021,102020532_NEG591117402487550021,A,2.0,21.0518,59.11174027572756,-48.75500215813452,,
stamps/102020532_NEG592320863488461402_VIS_101.fits,1,-592320863488461402,102020532_NEG592320863488461402,B,2.0,22.4313,59.23208639600032,-48.84614020430707,,
stamps/102020533_NEG596261344490617547_VIS_101.fits,1,-596261344490617547,102020533_NEG596261344490617547,A,2.0,21.4712,59.62613444089271,-49.06175479865302,,
stamps/102020534_NEG600985388487893328_VIS_101.fits,1,-600985388487893328,102020534_NEG600985388487893328,A,2.0,20.7671,60.09853883829494,-48.78933287381373,,
stamps/102020534_NEG604929086489066527_VIS_101.fits,1,-604929086489066527,102020534_NEG604929086489066527,B,2.0,19.977,60.49290865450189,-48.9066527916342,,
stamps/102020535_NEG608150353491434608_VIS_101.fits,1,-608150353491434608,102020535_NEG608150353491434608,B,2.0,21.6316,60.81503538394456,-49.143460836132256,,
stamps/102020536_NEG621645331488224037_VIS_101.fits,1,-621645331488224037,102020536_NEG621645331488224037,A,2.0,21.1517,62.1645331458563,-48.82240372116829,,
stamps/102020537_NEG623663816492513043_VIS_101.fits,1,-623663816492513043,102020537_NEG623663816492513043,A,2.0,18.7621,62.36638161121404,-49.251304338614574,,
stamps/102020537_NEG626913533487999205_VIS_101.fits,1,-626913533487999205,102020537_NEG626913533487999205,B,2.0,20.9471,62.69135336338961,-48.79992054178796,,
stamps/102020538_NEG631689440492354239_VIS_101.fits,1,-631689440492354239,102020538_NEG631689440492354239,A,2.0,22.3877,63.16894406176176,-49.23542398043353,,
stamps/102020538_NEG637045736489835935_VIS_101.fits,1,-637045736489835935,102020538_NEG637045736489835935,A,2.0,21.6439,63.704573695260834,-48.983593566794056,,
stamps/102020539_NEG639239120489296299_VIS_101.fits,1,-639239120489296299,102020539_NEG639239120489296299,A,2.0,18.4355,63.92391201757077,-48.92962998662928,,
stamps/102020539_NEG640534948489252606_VIS_101.fits,1,-640534948489252606,102020539_NEG640534948489252606,B,2.0,22.1596,64.05349482739716,-48.9252606890651,,
stamps/102020539_NEG641383802490968352_VIS_101.fits,1,-641383802490968352,102020539_NEG641383802490968352,A,2.0,21.5983,64.13838028821728,-49.09683520382191,,
stamps/102020539_NEG642885250488814700_VIS_101.fits,1,-642885250488814700,102020539_NEG642885250488814700,A,2.0,22.3554,64.28852506159132,-48.88147008679599,,
stamps/102021006_NEG554672577486973111_VIS_101.fits,1,-554672577486973111,102021006_NEG554672577486973111,A,2.0,22.1855,55.46725774971254,-48.69731117993872,,
stamps/102021008_NEG569571426487440793_VIS_101.fits,1,-569571426487440793,102021008_NEG569571426487440793,A,2.0,19.7333,56.95714260917783,-48.74407934750487,,
stamps/102021009_NEG577024787484062221_VIS_101.fits,1,-577024787484062221,102021009_NEG577024787484062221,A,2.0,20.4005,57.70247875982041,-48.40622214909423,,
stamps/102021010_NEG581199679484613010_VIS_101.fits,1,-581199679484613010,102021010_NEG581199679484613010,B,2.0,21.4867,58.119967906294704,-48.46130106505595,,
stamps/102021012_NEG594963796484947260_VIS_101.fits,1,-594963796484947260,102021012_NEG594963796484947260,A,2.0,20.3988,59.49637969470766,-48.494726093546255,,
stamps/102021012_NEG595807815483116843_VIS_101.fits,1,-595807815483116843,102021012_NEG595807815483116843,B,2.0,20.1976,59.58078150513329,-48.31168430485456,,
stamps/102021013_NEG602940269483238112_VIS_101.fits,1,-602940269483238112,102021013_NEG602940269483238112,B,2.0,19.7426,60.29402695508576,-48.32381123584299,,
stamps/102021013_NEG606090281487314103_VIS_101.fits,1,-606090281487314103,102021013_NEG606090281487314103,B,2.0,19.7538,60.60902818000293,-48.73141034503661,,
stamps/102021014_NEG610047486487275523_VIS_101.fits,1,-610047486487275523,102021014_NEG610047486487275523,A,2.0,19.427,61.0047486834014,-48.72755230023029,,
stamps/102021014_NEG612545150486042170_VIS_101.fits,1,-612545150486042170,102021014_NEG612545150486042170,A,2.0,21.4978,61.25451503132635,-48.60421707977,,
stamps/102021014_NEG613552795482722691_VIS_101.fits,1,-613552795482722691,102021014_NEG613552795482722691,B,2.0,20.2787,61.35527953096157,-48.272269146205225,,
stamps/102021014_NEG614981615482506340_VIS_101.fits,1,-614981615482506340,102021014_NEG614981615482506340,B,2.0,22.0755,61.49816157729836,-48.25063403193359,,
stamps/102021014_NEG616133820483754774_VIS_101.fits,1,-616133820483754774,102021014_NEG616133820483754774,A,2.0,20.4471,61.61338207712614,-48.37547746153754,,
stamps/102021015_NEG616932997484302318_VIS_101.fits,1,-616932997484302318,102021015_NEG616932997484302318,B,2.0,18.0068,61.69329975421426,-48.430231815488426,,
stamps/102021016_NEG626678160486839020_VIS_101.fits,1,-626678160486839020,102021016_NEG626678160486839020,A,2.0,20.9277,62.66781600751191,-48.68390205226024,,
stamps/102021016_NEG627891706482718950_VIS_101.fits,1,-627891706482718950,102021016_NEG627891706482718950,A,2.0,19.9401,62.78917068450788,-48.27189506638918,,
stamps/102021016_NEG627937046483290884_VIS_101.fits,1,-627937046483290884,102021016_NEG627937046483290884,A,2.0,19.6387,62.793704662662094,-48.32908846893992,,
stamps/102021016_NEG629139696484887212_VIS_101.fits,1,-629139696484887212,102021016_NEG629139696484887212,A,2.0,19.7626,62.91396966118239,-48.48872120604349,,
stamps/102021016_NEG629685198482852633_VIS_101.fits,1,-629685198482852633,102021016_NEG629685198482852633,B,2.0,20.5865,62.96851985754328,-48.285263348191855,,
stamps/102021017_NEG633207820486535571_VIS_101.fits,1,-633207820486535571,102021017_NEG633207820486535571,B,2.0,21.651,63.32078207823651,-48.6535571859489,,
stamps/102021017_NEG634146279486865014_VIS_101.fits,1,-634146279486865014,102021017_NEG634146279486865014,A,2.0,20.5599,63.41462793838686,-48.6865014442007,,
stamps/102021017_NEG637928660482715254_VIS_101.fits,1,-637928660482715254,102021017_NEG637928660482715254,A,2.0,22.3539,63.79286609060805,-48.27152549809416,,
stamps/102021018_NEG640120110483854165_VIS_101.fits,1,-640120110483854165,102021018_NEG640120110483854165,A,2.0,20.5821,64.01201105416371,-48.385416518032095,,
stamps/102021019_NEG651956451483599583_VIS_101.fits,1,-651956451483599583,102021019_NEG651956451483599583,A,2.0,21.0915,65.1956451002235,-48.35995837358245,,
stamps/102021020_NEG656951229482999258_VIS_101.fits,1,-656951229482999258,102021020_NEG656951229482999258,B,2.0,21.8257,65.69512293447303,-48.29992584867339,,
stamps/102021020_NEG657545464483151702_VIS_101.fits,1,-657545464483151702,102021020_NEG657545464483151702,A,2.0,22.3871,65.7545464958331,-48.31517021319289,,
stamps/102021491_NEG571345829477653406_VIS_101.fits,1,-571345829477653406,102021491_NEG571345829477653406,B,2.0,20.6364,57.13458292532511,-47.76534068188999,,
stamps/102021492_NEG575201344482287786_VIS_101.fits,1,-575201344482287786,102021492_NEG575201344482287786,A,2.0,22.4863,57.52013446409377,-48.228778611310375,,
stamps/102021492_NEG579460447477747720_VIS_101.fits,1,-579460447477747720,102021492_NEG579460447477747720,B,2.0,18.7873,57.94604475103274,-47.77477209107829,,
stamps/102021492_NEG580553783482399812_VIS_101.fits,1,-580553783482399812,102021492_NEG580553783482399812,A,2.0,21.2104,58.05537835500126,-48.2399812580102,,
stamps/102021493_NEG583380599480841946_VIS_101.fits,1,-583380599480841946,102021493_NEG583380599480841946,B,2.0,20.4278,58.33805998902349,-48.08419465949512,,
stamps/102021493_NEG584317889477816598_VIS_101.fits,1,-584317889477816598,102021493_NEG584317889477816598,B,2.0,21.7292,58.43178892264506,-47.781659836956656,,
stamps/102021493_NEG584908045481892408_VIS_101.fits,1,-584908045481892408,102021493_NEG584908045481892408,B,2.0,22.0648,58.49080454415064,-48.18924082046728,,
stamps/102021493_NEG586398445479765591_VIS_101.fits,1,-586398445479765591,102021493_NEG586398445479765591,A,2.0,22.0365,58.6398445644672,-47.97655913222404,,
stamps/102021493_NEG587807121477852004_VIS_101.fits,1,-587807121477852004,102021493_NEG587807121477852004,A,2.0,19.8625,58.78071211885828,-47.78520044646224,,
stamps/102021495_NEG596705787481338553_VIS_101.fits,1,-596705787481338553,102021495_NEG596705787481338553,B,2.0,21.0071,59.67057874004436,-48.13385535539454,,
stamps/102021496_NEG603335199478099381_VIS_101.fits,1,-603335199478099381,102021496_NEG603335199478099381,B,2.0,22.129,60.33351994539934,-47.80993814195615,,
stamps/102021497_NEG611694459481354870_VIS_101.fits,1,-611694459481354870,102021497_NEG611694459481354870,B,2.0,20.3049,61.16944594252457,-48.13548704773953,,
stamps/102021497_NEG615658160478755691_VIS_101.fits,1,-615658160478755691,102021497_NEG615658160478755691,A,2.0,21.4789,61.56581602527029,-47.875569126860064,,
stamps/102021498_NEG620710751479897662_VIS_101.fits,1,-620710751479897662,102021498_NEG620710751479897662,B,2.0,20.8625,62.07107515139318,-47.98976626518308,,
stamps/102021498_NEG622697531480704134_VIS_101.fits,1,-622697531480704134,102021498_NEG622697531480704134,A,2.0,19.9426,62.26975319129441,-48.07041343601949,,
stamps/102021499_NEG628042951482285714_VIS_101.fits,1,-628042951482285714,102021499_NEG628042951482285714,B,2.0,20.477,62.80429513652352,-48.228571450804566,,
stamps/102021499_NEG630283151478334717_VIS_101.fits,1,-630283151478334717,102021499_NEG630283151478334717,A,2.0,22.3185,63.028315136446025,-47.8334717012344,,
stamps/102021499_NEG631323422479949628_VIS_101.fits,1,-631323422479949628,102021499_NEG631323422479949628,A,2.0,21.8242,63.13234225032457,-47.994962855931306,,
stamps/102021499_NEG632503018480736583_VIS_101.fits,1,-632503018480736583,102021499_NEG632503018480736583,B,2.0,19.5141,63.25030187037567,-48.073658352372775,,
stamps/102021500_NEG636294430480333264_VIS_101.fits,1,-636294430480333264,102021500_NEG636294430480333264,A,2.0,18.8708,63.629443096530274,-48.03332641580719,,
stamps/102021500_NEG636862073478549953_VIS_101.fits,1,-636862073478549953,102021500_NEG636862073478549953,B,2.0,19.7053,63.68620732648826,-47.854995308359584,,
stamps/102021501_NEG642870048480955813_VIS_101.fits,1,-642870048480955813,102021501_NEG642870048480955813,A,2.0,20.4104,64.2870048302998,-48.09558136723311,,
stamps/102021502_NEG651338380481989567_VIS_101.fits,1,-651338380481989567,102021502_NEG651338380481989567,B,2.0,19.3677,65.1338380431143,-48.19895674114229,,
stamps/102021502_NEG653108030479223468_VIS_101.fits,1,-653108030479223468,102021502_NEG653108030479223468,B,2.0,20.2932,65.31080305209322,-47.922346850015,,
stamps/102021503_NEG655073934479995542_VIS_101.fits,1,-655073934479995542,102021503_NEG655073934479995542,A,2.0,18.9459,65.50739347435011,-47.999554233282666,,
stamps/102021503_NEG656130209478570072_VIS_101.fits,1,-656130209478570072,102021503_NEG656130209478570072,B,2.0,20.6305,65.61302094240996,-47.85700724338475,,
stamps/102021504_NEG663164014479278882_VIS_101.fits,1,-663164014479278882,102021504_NEG663164014479278882,A,2.0,22.0536,66.31640147748985,-47.92788825569146,,
stamps/102021504_NEG664151473481313012_VIS_101.fits,1,-664151473481313012,102021504_NEG664151473481313012,A,2.0,20.799,66.41514731280975,-48.1313012839126,,
stamps/102021504_NEG664270221479670737_VIS_101.fits,1,-664270221479670737,102021504_NEG664270221479670737,B,2.0,22.2433,66.42702212332838,-47.96707373847487,,
stamps/102021504_NEG666846889481107505_VIS_101.fits,1,-666846889481107505,102021504_NEG666846889481107505,A,2.0,21.2658,66.6846889176653,-48.11075055876625,,
stamps/102021504_NEG667954670479292514_VIS_101.fits,1,-667954670479292514,102021504_NEG667954670479292514,B,2.0,19.537,66.79546707520412,-47.92925147815606,,
stamps/102021504_NEG669028748480810029_VIS_101.fits,1,-669028748480810029,102021504_NEG669028748480810029,B,2.0,21.6183,66.90287483290972,-48.081002932370325,,
stamps/102021978_NEG565786336477092595_VIS_101.fits,1,-565786336477092595,102021978_NEG565786336477092595,B,2.0,20.754,56.57863366543075,-47.70925955973561,,
stamps/102021980_NEG576667803474825283_VIS_101.fits,1,-576667803474825283,102021980_NEG576667803474825283,A,2.0,19.0164,57.66678036613653,-47.48252837001076,,
stamps/102021980_NEG577646036477033395_VIS_101.fits,1,-577646036477033395,102021980_NEG577646036477033395,A,2.0,21.3432,57.76460363684858,-47.703339537723664,,
stamps/102021980_NEG580387113476956642_VIS_101.fits,1,-580387113476956642,102021980_NEG580387113476956642,A,2.0,21.8995,58.03871130646088,-47.695664261641575,,
stamps/102021981_NEG583343318473770500_VIS_101.fits,1,-583343318473770500,102021981_NEG583343318473770500,B,2.0,20.03,58.33433186316805,-47.37705009545618,,
stamps/102021981_NEG586493481476452509_VIS_101.fits,1,-586493481476452509,102021981_NEG586493481476452509,A,2.0,19.7072,58.64934816918978,-47.64525099288048,,
stamps/102021982_NEG590483847476549202_VIS_101.fits,1,-590483847476549202,102021982_NEG590483847476549202,B,2.0,21.6841,59.04838472769886,-47.65492024159551,,
stamps/102021982_NEG593574657477168830_VIS_101.fits,1,-593574657477168830,102021982_NEG593574657477168830,B,2.0,22.0518,59.35746571253708,-47.71688303229656,,
stamps/102021982_NEG594322234473727139_VIS_101.fits,1,-594322234473727139,102021982_NEG594322234473727139,B,2.0,21.9574,59.43222341809382,-47.372713987877226,,
stamps/102021982_NEG594333174476368664_VIS_101.fits,1,-594333174476368664,102021982_NEG594333174476368664,B,2.0,22.0788,59.43331745903771,-47.63686642414596,,
stamps/102021982_NEG597271535474325465_VIS_101.fits,1,-597271535474325465,102021982_NEG597271535474325465,B,2.0,18.8009,59.7271535701174,-47.43254656415838,,
stamps/102021984_NEG605671540476154903_VIS_101.fits,1,-605671540476154903,102021984_NEG605671540476154903,B,2.0,20.6788,60.56715403848347,-47.615490394669344,,
stamps/102021984_NEG609678648473892045_VIS_101.fits,1,-609678648473892045,102021984_NEG609678648473892045,A,2.0,21.3121,60.96786484901045,-47.38920450452581,,
stamps/102021984_NEG610367881474644147_VIS_101.fits,1,-610367881474644147,102021984_NEG610367881474644147,A,2.0,20.9299,61.03678813026211,-47.46441472398151,,
stamps/102021985_NEG615462575476067577_VIS_101.fits,1,-615462575476067577,102021985_NEG615462575476067577,B,2.0,21.5011,61.54625759294912,-47.60675777390789,,
stamps/102021986_NEG619535738476339304_VIS_101.fits,1,-619535738476339304,102021986_NEG619535738476339304,A,2.0,21.098,61.9535738292272,-47.63393044312661,,
stamps/102021986_NEG621796804473410288_VIS_101.fits,1,-621796804473410288,102021986_NEG621796804473410288,B,2.0,20.5147,62.179680491291656,-47.34102886093636,,
stamps/102021986_NEG622189376472948583_VIS_101.fits,1,-622189376472948583,102021986_NEG622189376472948583,B,2.0,19.0819,62.21893769144855,-47.29485831343858,,
stamps/102021986_NEG622483671477358161_VIS_101.fits,1,-622483671477358161,102021986_NEG622483671477358161,B,2.0,21.3307,62.24836718683294,-47.73581613037174,,
stamps/102021986_NEG624049517477067447_VIS_101.fits,1,-624049517477067447,102021986_NEG624049517477067447,B,2.0,21.719,62.40495179198199,-47.70674479492207,,
stamps/102021987_NEG632575884473969454_VIS_101.fits,1,-632575884473969454,102021987_NEG632575884473969454,A,2.0,21.951,63.25758842582554,-47.396945472706,,
stamps/102021988_NEG636381546474267847_VIS_101.fits,1,-636381546474267847,102021988_NEG636381546474267847,B,2.0,21.1334,63.63815462617454,-47.42678472523166,,
stamps/102021988_NEG637845892475954405_VIS_101.fits,1,-637845892475954405,102021988_NEG637845892475954405,A,2.0,21.0218,63.784589200839584,-47.5954405864353,,
stamps/102021988_NEG640289253474412348_VIS_101.fits,1,-640289253474412348,102021988_NEG640289253474412348,A,2.0,19.16,64.0289253232282,-47.44123483439196,,
stamps/102021989_NEG644172618476134973_VIS_101.fits,1,-644172618476134973,102021989_NEG644172618476134973,A,2.0,22.011,64.41726186763333,-47.61349731436477,,
stamps/102021990_NEG650312660474055399_VIS_101.fits,1,-650312660474055399,102021990_NEG650312660474055399,A,2.0,21.209,65.03126603454716,-47.40553996348327,,
stamps/102021990_NEG651246796473086761_VIS_101.fits,1,-651246796473086761,102021990_NEG651246796473086761,A,2.0,19.338,65.12467967083242,-47.30867614502389,,
stamps/102022474_NEG590266584471556814_VIS_101.fits,1,-590266584471556814,102022474_NEG590266584471556814,A,2.0,20.4572,59.02665840481892,-47.15568145118306,,
stamps/102022474_NEG591186165469192016_VIS_101.fits,1,-591186165469192016,102022474_NEG591186165469192016,A,2.0,22.3067,59.1186165209685,-46.91920162927952,,
stamps/102022476_NEG601657296470027378_VIS_101.fits,1,-601657296470027378,102022476_NEG601657296470027378,B,2.0,20.0418,60.165729654101575,-47.002737869545705,,
stamps/102022477_NEG611759342471748630_VIS_101.fits,1,-611759342471748630,102022477_NEG611759342471748630,B,2.0,20.9885,61.17593429956104,-47.17486301277761,,
stamps/102022477_NEG612993633468010321_VIS_101.fits,1,-612993633468010321,102022477_NEG612993633468010321,B,2.0,20.0653,61.29936330935708,-46.80103217199372,,
stamps/102022477_NEG613081088467583327_VIS_101.fits,1,-613081088467583327,102022477_NEG613081088467583327,B,2.0,19.1829,61.30810882911898,-46.758332721325424,,
stamps/102022478_NEG615325075470840323_VIS_101.fits,1,-615325075470840323,102022478_NEG615325075470840323,B,2.0,22.1877,61.53250755299951,-47.08403232533755,,
stamps/102022479_NEG621145334471255869_VIS_101.fits,1,-621145334471255869,102022479_NEG621145334471255869,B,2.0,20.9101,62.11453340376329,-47.12558698760536,,
stamps/102022479_NEG623150693471748758_VIS_101.fits,1,-623150693471748758,102022479_NEG623150693471748758,B,2.0,21.5857,62.315069322771095,-47.17487589182628,,
stamps/102022479_NEG623367075470669448_VIS_101.fits,1,-623367075470669448,102022479_NEG623367075470669448,A,2.0,19.3478,62.33670758594723,-47.06694489009498,,
stamps/102022480_NEG630160205470193218_VIS_101.fits,1,-630160205470193218,102022480_NEG630160205470193218,B,2.0,20.0199,63.01602051543424,-47.01932185662968,,
stamps/102022481_NEG640261052470604135_VIS_101.fits,1,-640261052470604135,102022481_NEG640261052470604135,B,2.0,21.5785,64.02610523083732,-47.06041352139383,,
stamps/102022481_NEG641874067471349140_VIS_101.fits,1,-641874067471349140,102022481_NEG641874067471349140,B,2.0,21.846,64.18740679417816,-47.1349140790585,,
stamps/102022482_NEG644534872469264836_VIS_101.fits,1,-644534872469264836,102022482_NEG644534872469264836,A,2.0,21.7059,64.4534872752285,-46.92648360348397,,
stamps/102022482_NEG647287168468367807_VIS_101.fits,1,-647287168468367807,102022482_NEG647287168468367807,B,2.0,22.2333,64.72871684880818,-46.836780720130186,,
stamps/102022483_NEG650705793470600869_VIS_101.fits,1,-650705793470600869,102022483_NEG650705793470600869,B,2.0,20.5999,65.07057938390258,-47.060086929961074,,
stamps/102022483_NEG653290299470260264_VIS_101.fits,1,-653290299470260264,102022483_NEG653290299470260264,A,2.0,21.8345,65.32902999175099,-47.02602645865221,,
stamps/102022483_NEG653649683470250799_VIS_101.fits,1,-653649683470250799,102022483_NEG653649683470250799,B,2.0,17.9622,65.36496839836326,-47.02507994136218,,
stamps/102022484_NEG657584203469449092_VIS_101.fits,1,-657584203469449092,102022484_NEG657584203469449092,A,2.0,20.4418,65.75842037046594,-46.94490921493867,,
stamps/102022972_NEG597052478465695317_VIS_101.fits,1,-597052478465695317,102022972_NEG597052478465695317,A,2.0,19.868,59.70524784467164,-46.56953177707104,,
stamps/102022973_NEG606454307466806991_VIS_101.fits,1,-606454307466806991,102022973_NEG606454307466806991,A,2.0,19.0729,60.64543078160698,-46.68069910195588,,
stamps/102022974_NEG610978759464405134_VIS_101.fits,1,-610978759464405134,102022974_NEG610978759464405134,B,2.0,19.2057,61.09787596659113,-46.44051347581706,,
stamps/102022975_NEG617890913466103850_VIS_101.fits,1,-617890913466103850,102022975_NEG617890913466103850,A,2.0,19.1225,61.78909134803828,-46.61038501355464,,
stamps/102022977_NEG631763965463618343_VIS_101.fits,1,-631763965463618343,102022977_NEG631763965463618343,B,2.0,22.4413,63.176396555414215,-46.36183434674613,,
stamps/102022978_NEG639856435467273842_VIS_101.fits,1,-639856435467273842,102022978_NEG639856435467273842,A,2.0,20.8169,63.9856435425629,-46.72738424488188,,
stamps/102022980_NEG653069109465982282_VIS_101.fits,1,-653069109465982282,102022980_NEG653069109465982282,A,2.0,20.0228,65.30691092767607,-46.59822823435719,,
stamps/102022980_NEG657082285467450951_VIS_101.fits,1,-657082285467450951,102022980_NEG657082285467450951,B,2.0,21.7404,65.70822852262235,-46.74509511325952,,
stamps/102022980_NEG657553777465731159_VIS_101.fits,1,-657553777465731159,102022980_NEG657553777465731159,A,2.0,22.4499,65.75537771041878,-46.57311597346415,,
stamps/102023476_NEG610025395461180513_VIS_101.fits,1,-610025395461180513,102023476_NEG610025395461180513,A,2.0,21.7285,61.00253957732884,-46.11805137162271,,
stamps/102023478_NEG628457640459296313_VIS_101.fits,1,-628457640459296313,102023478_NEG628457640459296313,A,2.0,21.2489,62.84576401449824,-45.92963139466405,,
stamps/102023479_NEG631968882458727056_VIS_101.fits,1,-631968882458727056,102023479_NEG631968882458727056,A,2.0,21.947,63.196888272888046,-45.87270566524282,,
stamps/102023479_NEG633382827461467539_VIS_101.fits,1,-633382827461467539,102023479_NEG633382827461467539,A,2.0,21.5282,63.33828270800054,-46.14675398144309,,
stamps/102023479_NEG633491501461458871_VIS_101.fits,1,-633491501461458871,102023479_NEG633491501461458871,B,2.0,19.1557,63.34915010836785,-46.14588710558657,,
stamps/102023480_NEG640021734460830824_VIS_101.fits,1,-640021734460830824,102023480_NEG640021734460830824,B,2.0,21.5701,64.00217342456871,-46.08308249206795,,
stamps/102023480_NEG640270096460844048_VIS_101.fits,1,-640270096460844048,102023480_NEG640270096460844048,B,2.0,20.8488,64.02700969109169,-46.08440488708592,,
stamps/102023480_NEG642201006461096820_VIS_101.fits,1,-642201006461096820,102023480_NEG642201006461096820,B,2.0,20.5769,64.22010069763697,-46.10968203057439,,
stamps/102023481_NEG647245161459048846_VIS_101.fits,1,-647245161459048846,102023481_NEG647245161459048846,A,2.0,21.8045,64.72451612348969,-45.90488464671768,,
stamps/102023482_NEG655179432459165110_VIS_101.fits,1,-655179432459165110,102023482_NEG655179432459165110,B,2.0,19.7455,65.51794326392798,-45.91651107756741,,
stamps/102023482_NEG657383017460972594_VIS_101.fits,1,-657383017460972594,102023482_NEG657383017460972594,B,2.0,21.7036,65.73830175052379,-46.09725944968683,,
stamps/102023984_NEG627804838454213106_VIS_101.fits,1,-627804838454213106,102023984_NEG627804838454213106,A,2.0,21.5872,62.78048386794535,-45.4213106327194,,
stamps/102023984_NEG628683592457046709_VIS_101.fits,1,-628683592457046709,102023984_NEG628683592457046709,A,2.0,19.3231,62.8683592745232,-45.704670979868624,,
stamps/102023984_NEG631043463457052623_VIS_101.fits,1,-631043463457052623,102023984_NEG631043463457052623,B,2.0,20.7745,63.10434637855938,-45.70526232957247,,
stamps/102023986_NEG643189719456460589_VIS_101.fits,1,-643189719456460589,102023986_NEG643189719456460589,B,2.0,21.6245,64.31897196009866,-45.64605890044793,,
stamps/102041656_NEG523359673301396466_VIS_101.fits,1,-523359673301396466,102041656_NEG523359673301396466,B,2.0,22.4181,52.33596739170452,-30.139646609274138,,
stamps/102041657_NEG527330118300603942_VIS_101.fits,1,-527330118300603942,102041657_NEG527330118300603942,B,2.0,20.8928,52.73301189004299,-30.060394203188203,,
stamps/102041657_NEG527925237298894414_VIS_101.fits,1,-527925237298894414,102041657_NEG527925237298894414,A,2.0,21.4634,52.79252379595951,-29.88944147404416,,
stamps/102041657_NEG528301123298298693_VIS_101.fits,1,-528301123298298693,102041657_NEG528301123298298693,A,2.0,21.8486,52.8301123322179,-29.82986934888345,,
stamps/102041657_NEG529209996299100136_VIS_101.fits,1,-529209996299100136,102041657_NEG529209996299100136,A,2.0,19.9183,52.92099965374398,-29.91001367205823,,
stamps/102042282_NEG517070963297124785_VIS_101.fits,1,-517070963297124785,102042282_NEG517070963297124785,B,2.0,18.4105,51.707096352182745,-29.712478588163005,,
stamps/102042283_NEG518770667295125494_VIS_101.fits,1,-518770667295125494,102042283_NEG518770667295125494,A,2.0,20.0996,51.87706671211459,-29.512549467386364,,
stamps/102042283_NEG520608563295081214_VIS_101.fits,1,-520608563295081214,102042283_NEG520608563295081214,B,2.0,19.9877,52.0608563513396,-29.50812141969979,,
stamps/102042283_NEG521070591294671601_VIS_101.fits,1,-521070591294671601,102042283_NEG521070591294671601,B,2.0,21.3663,52.10705916602482,-29.467160198695264,,
stamps/102042284_NEG523902104295926900_VIS_101.fits,1,-523902104295926900,102042284_NEG523902104295926900,B,2.0,19.177,52.39021042684189,-29.592690005903176,,
stamps/102042284_NEG526888815294982643_VIS_101.fits,1,-526888815294982643,102042284_NEG526888815294982643,A,2.0,20.1468,52.68888150861861,-29.498264398459888,,
stamps/102042284_NEG528356577292866317_VIS_101.fits,1,-528356577292866317,102042284_NEG528356577292866317,B,2.0,20.4471,52.83565776408496,-29.28663177075172,,
stamps/102042287_NEG540365671293205439_VIS_101.fits,1,-540365671293205439,102042287_NEG540365671293205439,B,2.0,21.8748,54.03656715287476,-29.32054393414841,,
stamps/102042287_NEG543727111293847771_VIS_101.fits,1,-543727111293847771,102042287_NEG543727111293847771,B,2.0,20.7255,54.37271115161365,-29.384777131349484,,
stamps/102042913_NEG515596854290228591_VIS_101.fits,1,-515596854290228591,102042913_NEG515596854290228591,B,2.0,20.5515,51.55968541095926,-29.022859166356096,,
stamps/102042913_NEG515847139291141021_VIS_101.fits,1,-515847139291141021,102042913_NEG515847139291141021,A,2.0,21.7404,51.58471391404591,-29.114102191323457,,
stamps/102042913_NEG516249178292373011_VIS_101.fits,1,-516249178292373011,102042913_NEG516249178292373011,B,2.0,22.2007,51.62491780564062,-29.23730114505462,,
stamps/102042913_NEG518198793288220397_VIS_101.fits,1,-518198793288220397,102042913_NEG518198793288220397,B,2.0,21.5021,51.81987931988373,-28.82203972762372,,
stamps/102042913_NEG520471782290867053_VIS_101.fits,1,-520471782290867053,102042913_NEG520471782290867053,A,2.0,22.4568,52.04717824679261,-29.08670539117257,,
stamps/102042914_NEG520791097292457766_VIS_101.fits,1,-520791097292457766,102042914_NEG520791097292457766,A,2.0,21.6879,52.07910976293189,-29.24577660750816,,
stamps/102042914_NEG522625262291125533_VIS_101.fits,1,-522625262291125533,102042914_NEG522625262291125533,A,2.0,21.1977,52.262526273501,-29.11255338608705,,
stamps/102042914_NEG523479785291521247_VIS_101.fits,1,-523479785291521247,102042914_NEG523479785291521247,A,2.0,20.8038,52.34797854483788,-29.15212478307529,,
stamps/102042915_NEG527574180288799276_VIS_101.fits,1,-527574180288799276,102042915_NEG527574180288799276,A,2.0,21.4693,52.75741809343428,-28.87992760661953,,
stamps/102042915_NEG528545016288651034_VIS_101.fits,1,-528545016288651034,102042915_NEG528545016288651034,B,2.0,18.7683,52.85450169543065,-28.865103458157133,,
stamps/102042915_NEG529823788292531675_VIS_101.fits,1,-529823788292531675,102042915_NEG529823788292531675,B,2.0,22.445,52.98237884657878,-29.253167568876144,,
stamps/102042915_NEG531310919292142818_VIS_101.fits,1,-531310919292142818,102042915_NEG531310919292142818,B,2.0,19.7177,53.131091993387386,-29.214281899776903,,
stamps/102042916_NEG533251142291509670_VIS_101.fits,1,-533251142291509670,102042916_NEG533251142291509670,A,2.0,20.4085,53.3251142778574,-29.15096706182251,,
stamps/102042917_NEG539279061291936993_VIS_101.fits,1,-539279061291936993,102042917_NEG539279061291936993,A,2.0,20.7808,53.92790616393022,-29.19369935009748,,
stamps/102042917_NEG540132584291926297_VIS_101.fits,1,-540132584291926297,102042917_NEG540132584291926297,A,2.0,21.2317,54.013258430324896,-29.192629748914623,,
stamps/102042917_NEG540926519290733004_VIS_101.fits,1,-540926519290733004,102042917_NEG540926519290733004,B,2.0,22.3668,54.09265196528655,-29.073300402181623,,
stamps/102042918_NEG544805259289548872_VIS_101.fits,1,-544805259289548872,102042918_NEG544805259289548872,A,2.0,19.1933,54.480525954294606,-28.954887264503345,,
stamps/102042919_NEG549525883291619345_VIS_101.fits,1,-549525883291619345,102042919_NEG549525883291619345,A,2.0,21.1761,54.95258837432254,-29.16193451041988,,
stamps/102042919_NEG549725555290756868_VIS_101.fits,1,-549725555290756868,102042919_NEG549725555290756868,A,2.0,20.1147,54.97255557552779,-29.07568680536772,,
stamps/102042919_NEG550105155291238806_VIS_101.fits,1,-550105155291238806,102042919_NEG550105155291238806,B,2.0,20.3909,55.01051552373555,-29.12388069970221,,
stamps/102042919_NEG550298555288445169_VIS_101.fits,1,-550298555288445169,102042919_NEG550298555288445169,B,2.0,18.259,55.02985559221574,-28.844516977045007,,
stamps/102042919_NEG550683279289700727_VIS_101.fits,1,-550683279289700727,102042919_NEG550683279289700727,A,2.0,21.6069,55.06832793157976,-28.9700727133312,,
stamps/102043546_NEG516559001286493665_VIS_101.fits,1,-516559001286493665,102043546_NEG516559001286493665,B,2.0,20.5168,51.65590011467211,-28.6493665056946,,
stamps/102043549_NEG530257443283430270_VIS_101.fits,1,-530257443283430270,102043549_NEG530257443283430270,A,2.0,21.8415,53.02574434762016,-28.34302702586864,,
stamps/102043551_NEG542774461286906112_VIS_101.fits,1,-542774461286906112,102043551_NEG542774461286906112,B,2.0,19.7923,54.27744618379619,-28.690611214572936,,
stamps/102043551_NEG544735665285502399_VIS_101.fits,1,-544735665285502399,102043551_NEG544735665285502399,B,2.0,19.8057,54.47356655650909,-28.55023993346261,,
stamps/102043551_NEG546245791286829440_VIS_101.fits,1,-546245791286829440,102043551_NEG546245791286829440,A,2.0,21.665,54.6245791585433,-28.682944069298216,,
stamps/102043552_NEG547756940286644821_VIS_101.fits,1,-547756940286644821,102043552_NEG547756940286644821,A,2.0,17.8779,54.77569408152624,-28.66448211695416,,
stamps/102043552_NEG548209510282510524_VIS_101.fits,1,-548209510282510524,102043552_NEG548209510282510524,A,2.0,21.4916,54.82095104672501,-28.25105243240389,,
stamps/102044182_NEG510181483277803809_VIS_101.fits,1,-510181483277803809,102044182_NEG510181483277803809,B,2.0,19.5145,51.01814831639855,-27.78038095373029,,
stamps/102044182_NEG512061540278527911_VIS_101.fits,1,-512061540278527911,102044182_NEG512061540278527911,A,2.0,21.1953,51.20615401023922,-27.85279118357624,,
stamps/102044183_NEG515787441281897369_VIS_101.fits,1,-515787441281897369,102044183_NEG515787441281897369,A,2.0,20.6309,51.57874416555804,-28.189736933084728,,
stamps/102044185_NEG527087067278561642_VIS_101.fits,1,-527087067278561642,102044185_NEG527087067278561642,B,2.0,22.3534,52.70870673939618,-27.856164261538,,
stamps/102044185_NEG528176967277992842_VIS_101.fits,1,-528176967277992842,102044185_NEG528176967277992842,B,2.0,19.9686,52.81769675690601,-27.799284255737305,,
stamps/102044185_NEG529514172281460834_VIS_101.fits,1,-529514172281460834,102044185_NEG529514172281460834,A,2.0,22.2721,52.95141727381891,-28.14608341271236,,
stamps/102044186_NEG535621262280129063_VIS_101.fits,1,-535621262280129063,102044186_NEG535621262280129063,A,2.0,18.948,53.56212625889032,-28.01290638406208,,
stamps/102044186_NEG536764250280439031_VIS_101.fits,1,-536764250280439031,102044186_NEG536764250280439031,B,2.0,21.7909,53.676425099151245,-28.043903187455896,,
stamps/102044186_NEG537484692277631702_VIS_101.fits,1,-537484692277631702,102044186_NEG537484692277631702,B,2.0,21.9789,53.74846927381223,-27.763170217402745,,
stamps/102044187_NEG538533000282255459_VIS_101.fits,1,-538533000282255459,102044187_NEG538533000282255459,B,2.0,20.7592,53.85330005751175,-28.22554594493343,,
stamps/102044187_NEG538575988280255664_VIS_101.fits,1,-538575988280255664,102044187_NEG538575988280255664,A,2.0,20.8687,53.85759887222229,-28.02556642635688,,
stamps/102044187_NEG542891812279697972_VIS_101.fits,1,-542891812279697972,102044187_NEG542891812279697972,B,2.0,20.538,54.289181214003854,-27.96979729520765,,
stamps/102044188_NEG548070624278595332_VIS_101.fits,1,-548070624278595332,102044188_NEG548070624278595332,A,2.0,19.9366,54.807062463478985,-27.85953328459572,,
stamps/102044821_NEG508798294276486404_VIS_101.fits,1,-508798294276486404,102044821_NEG508798294276486404,A,2.0,18.6456,50.87982942615197,-27.64864043281615,,
stamps/102044821_NEG509449559274572380_VIS_101.fits,1,-509449559274572380,102044821_NEG509449559274572380,A,2.0,20.6836,50.94495595239306,-27.4572380334476,,
stamps/102044823_NEG519633334274259646_VIS_101.fits,1,-519633334274259646,102044823_NEG519633334274259646,A,2.0,20.4758,51.963333406311975,-27.425964645733604,,
stamps/102044823_NEG523091195273907574_VIS_101.fits,1,-523091195273907574,102044823_NEG523091195273907574,B,2.0,22.1423,52.309119513753465,-27.390757480741296,,
stamps/102044824_NEG525230483273308137_VIS_101.fits,1,-525230483273308137,102044824_NEG525230483273308137,B,2.0,22.382,52.5230483017954,-27.33081373157524,,
stamps/102044824_NEG528789191276364582_VIS_101.fits,1,-528789191276364582,102044824_NEG528789191276364582,A,2.0,21.736,52.87891913064314,-27.636458287943867,,
stamps/102044825_NEG534081174272937149_VIS_101.fits,1,-534081174272937149,102044825_NEG534081174272937149,A,2.0,20.1482,53.408117445209946,-27.2937149013282,,
stamps/102044826_NEG537893681272621987_VIS_101.fits,1,-537893681272621987,102044826_NEG537893681272621987,A,2.0,18.6104,53.78936818611787,-27.26219875128607,,
stamps/102044827_NEG542909292272696454_VIS_101.fits,1,-542909292272696454,102044827_NEG542909292272696454,B,2.0,20.3378,54.2909292678002,-27.269645476267584,,
stamps/102044827_NEG544423614276266111_VIS_101.fits,1,-544423614276266111,102044827_NEG544423614276266111,B,2.0,22.3607,54.44236143563962,-27.626611167335145,,
stamps/102045463_NEG510020362271915172_VIS_101.fits,1,-510020362271915172,102045463_NEG510020362271915172,B,2.0,19.7884,51.0020362232379,-27.191517292522285,,
stamps/102045463_NEG510363299272415391_VIS_101.fits,1,-510363299272415391,102045463_NEG510363299272415391,A,2.0,20.0268,51.036329986304246,-27.24153910410949,,
stamps/102045464_NEG512422645270221464_VIS_101.fits,1,-512422645270221464,102045464_NEG512422645270221464,B,2.0,19.7347,51.24226454312596,-27.02214645082399,,
stamps/102045464_NEG514418387268262939_VIS_101.fits,1,-514418387268262939,102045464_NEG514418387268262939,B,2.0,22.2305,51.44183879061816,-26.82629397895439,,
stamps/102045464_NEG515803462270682480_VIS_101.fits,1,-515803462270682480,102045464_NEG515803462270682480,B,2.0,21.521,51.58034629682901,-27.06824809575101,,
stamps/102045466_NEG522784531269221616_VIS_101.fits,1,-522784531269221616,102045466_NEG522784531269221616,A,2.0,21.4412,52.27845319092136,-26.922161677633607,,
stamps/102045466_NEG526398502270513535_VIS_101.fits,1,-526398502270513535,102045466_NEG526398502270513535,A,2.0,21.5972,52.639850230005855,-27.05135350205716,,
stamps/102045466_NEG526735767268568130_VIS_101.fits,1,-526735767268568130,102045466_NEG526735767268568130,B,2.0,22.1539,52.67357673662208,-26.8568130346764,,
stamps/102045467_NEG529760884271850076_VIS_101.fits,1,-529760884271850076,102045467_NEG529760884271850076,B,2.0,21.4224,52.97608846859429,-27.18500763947275,,
stamps/102045468_NEG534525411271636586_VIS_101.fits,1,-534525411271636586,102045468_NEG534525411271636586,A,2.0,22.2092,53.45254118345938,-27.16365862400199,,
stamps/102045468_NEG535850797268396974_VIS_101.fits,1,-535850797268396974,102045468_NEG535850797268396974,B,2.0,20.2914,53.585079752047086,-26.83969741339551,,
stamps/102045468_NEG536440857272232644_VIS_101.fits,1,-536440857272232644,102045468_NEG536440857272232644,B,2.0,18.3346,53.644085783516914,-27.223264429173245,,
stamps/102045468_NEG537581789271144818_VIS_101.fits,1,-537581789271144818,102045468_NEG537581789271144818,B,2.0,20.7592,53.75817891108607,-27.114481825241555,,
stamps/102045470_NEG546481364271947360_VIS_101.fits,1,-546481364271947360,102045470_NEG546481364271947360,B,2.0,21.1935,54.64813642542638,-27.19473600162915,,
stamps/102046110_NEG518495362266147268_VIS_101.fits,1,-518495362266147268,102046110_NEG518495362266147268,B,2.0,20.9465,51.84953628065392,-26.614726818475344,,
stamps/102046111_NEG522631915266742195_VIS_101.fits,1,-522631915266742195,102046111_NEG522631915266742195,B,2.0,21.298,52.26319153218572,-26.674219571254035,,
stamps/102046111_NEG524535231263409554_VIS_101.fits,1,-524535231263409554,102046111_NEG524535231263409554,B,2.0,22.1229,52.453523130156384,-26.34095544998652,,
stamps/102046111_NEG525445060265211534_VIS_101.fits,1,-525445060265211534,102046111_NEG525445060265211534,B,2.0,22.1333,52.54450604134525,-26.521153444380623,,
stamps/102046111_NEG525674252262710433_VIS_101.fits,1,-525674252262710433,102046111_NEG525674252262710433,B,2.0,19.2405,52.56742527162064,-26.27104331001816,,
stamps/102046114_NEG537084154267015431_VIS_101.fits,1,-537084154267015431,102046114_NEG537084154267015431,A,2.0,21.8539,53.70841543605162,-26.70154319440072,,
stamps/102046114_NEG537352034266671160_VIS_101.fits,1,-537352034266671160,102046114_NEG537352034266671160,B,2.0,17.9078,53.73520340274464,-26.667116031154272,,
stamps/102046114_NEG540908760267374976_VIS_101.fits,1,-540908760267374976,102046114_NEG540908760267374976,B,2.0,20.754,54.09087606219873,-26.73749766724749,,
stamps/102046761_NEG531782867262094267_VIS_101.fits,1,-531782867262094267,102046761_NEG531782867262094267,A,2.0,21.5408,53.17828670361266,-26.2094267877214,,
stamps/102046761_NEG532020950261969455_VIS_101.fits,1,-532020950261969455,102046761_NEG532020950261969455,A,2.0,20.2804,53.20209508963684,-26.19694558334184,,
stamps/102046761_NEG534264558260612632_VIS_101.fits,1,-534264558260612632,102046761_NEG534264558260612632,B,2.0,20.8984,53.42645580108414,-26.06126322516176,,
stamps/102157629_2659727733636823810_VIS_101.fits,1,2659727733636823810,102157629_2659727733636823810,B,2.0,20.1178,265.9727733948663,63.68238103492873,,
stamps/102157630_2665772836637102014_VIS_101.fits,1,2665772836637102014,102157630_2665772836637102014,A,2.0,19.3059,266.57728361767727,63.710201464734894,,
stamps/102157632_2691754663635937458_VIS_101.fits,1,2691754663635937458,102157632_2691754663635937458,B,2.0,21.9316,269.1754663378086,63.59374584927868,,
stamps/102157633_2702499990636559109_VIS_101.fits,1,2702499990636559109,102157633_2702499990636559109,B,2.0,20.4253,270.2499990023647,63.655910974510576,,
stamps/102157952_2658211530641487553_VIS_101.fits,1,2658211530641487553,102157952_2658211530641487553,A,3.0,21.0129,265.8211530815124,64.14875539666241,,
stamps/102157952_2658616879639330994_VIS_101.fits,1,2658616879639330994,102157952_2658616879639330994,B,2.0,21.1951,265.861687959614,63.93309942153464,,
stamps/102157953_2668203348640973901_VIS_101.fits,1,2668203348640973901,102157953_2668203348640973901,B,2.0,21.4017,266.8203348265631,64.09739011616426,,
stamps/102157953_2668288172639391107_VIS_101.fits,1,2668288172639391107,102157953_2668288172639391107,A,2.0,22.4991,266.82881722844246,63.93911077986698,,
stamps/102157953_2669397021640472384_VIS_101.fits,1,2669397021640472384,102157953_2669397021640472384,A,2.0,19.2959,266.9397021862729,64.04723848691526,,
stamps/102157953_2670994480641865653_VIS_101.fits,1,2670994480641865653,102157953_2670994480641865653,A,2.0,18.4674,267.0994480956625,64.18656538062261,,
stamps/102157954_2677725526640039676_VIS_101.fits,1,2677725526640039676,102157954_2677725526640039676,B,2.0,19.704,267.7725526627888,64.00396761991807,,
stamps/102157954_2678629431639725549_VIS_101.fits,1,2678629431639725549,102157954_2678629431639725549,A,2.0,20.0074,267.86294315834544,63.972554932473166,,
stamps/102157954_2679576312639125362_VIS_101.fits,1,2679576312639125362,102157954_2679576312639125362,A,2.0,19.2517,267.95763121804384,63.9125362457922,,
stamps/102157955_2685490710638126805_VIS_101.fits,1,2685490710638126805,102157955_2685490710638126805,A,2.0,20.5729,268.54907109955803,63.81268052480853,,
stamps/102157955_2689800257639551890_VIS_101.fits,1,2689800257639551890,102157955_2689800257639551890,A,2.0,19.6354,268.9800257836048,63.955189029991246,,
stamps/102157956_2695046853638479184_VIS_101.fits,1,2695046853638479184,102157956_2695046853638479184,B,3.0,20.8164,269.50468537766204,63.84791845246926,,
stamps/102157956_2700546205640397835_VIS_101.fits,1,2700546205640397835,102157956_2700546205640397835,A,2.0,21.6045,270.0546205082691,64.0397835666413,,
stamps/102157956_2704655017641535458_VIS_101.fits,1,2704655017641535458,102157956_2704655017641535458,B,2.0,22.4228,270.4655017057284,64.15354585385174,,
stamps/102157957_2711813162637737494_VIS_101.fits,1,2711813162637737494,102157957_2711813162637737494,B,2.0,19.3538,271.1813162216756,63.773749419215626,,
stamps/102157958_2719195933641972975_VIS_101.fits,1,2719195933641972975,102157958_2719195933641972975,A,2.0,21.2793,271.919593396224,64.1972975435358,,
stamps/102157958_2722285786638229999_VIS_101.fits,1,2722285786638229999,102157958_2722285786638229999,B,2.0,18.5905,272.22857861828805,63.822999916812485,,
stamps/102157958_2727137773639721420_VIS_101.fits,1,2727137773639721420,102157958_2727137773639721420,A,2.0,19.0665,272.713777307259,63.97214203825033,,
stamps/102158270_2654337786643538414_VIS_101.fits,1,2654337786643538414,102158270_2654337786643538414,A,2.0,21.5154,265.43377860339933,64.35384146804655,,
stamps/102158270_2656382386643695481_VIS_101.fits,1,2656382386643695481,102158270_2656382386643695481,B,2.0,21.847,265.6382386693545,64.36954818386313,,
stamps/102158270_2656815066646473630_VIS_101.fits,1,2656815066646473630,102158270_2656815066646473630,A,2.0,19.8538,265.681506630342,64.64736309077054,,
stamps/102158270_2660101090644460436_VIS_101.fits,1,2660101090644460436,102158270_2660101090644460436,B,2.0,19.2804,266.0101090586714,64.44604369485799,,
stamps/102158270_2662527621645054682_VIS_101.fits,1,2662527621645054682,102158270_2662527621645054682,B,3.0,20.7842,266.25276217727634,64.5054682940064,,
stamps/102158271_2672343829643151429_VIS_101.fits,1,2672343829643151429,102158271_2672343829643151429,A,2.0,22.1255,267.23438291261016,64.31514299489444,,
stamps/102158272_2678087036644598709_VIS_101.fits,1,2678087036644598709,102158272_2678087036644598709,A,2.0,22.1328,267.8087036964251,64.45987091477285,,
stamps/102158272_2683555203642954376_VIS_101.fits,1,2683555203642954376,102158272_2683555203642954376,A,2.0,20.1744,268.3555203318142,64.29543764195286,,
stamps/102158272_2685730342643470690_VIS_101.fits,1,2685730342643470690,102158272_2685730342643470690,B,2.0,19.3113,268.5730342815341,64.34706905219893,,
stamps/102158273_2697192667642722765_VIS_101.fits,1,2697192667642722765,102158273_2697192667642722765,A,2.0,21.1693,269.7192667017294,64.27227651525557,,
stamps/102158274_2704723597642696271_VIS_101.fits,1,2704723597642696271,102158274_2704723597642696271,A,2.0,21.5906,270.4723597403578,64.26962718083168,,
stamps/102158274_2706060111645234144_VIS_101.fits,1,2706060111645234144,102158274_2706060111645234144,B,2.0,20.0395,270.6060111075193,64.52341440180304,,
stamps/102158275_2709777393645726835_VIS_101.fits,1,2709777393645726835,102158275_2709777393645726835,A,2.0,20.0979,270.977739341077,64.57268354179256,,
stamps/102158275_2713231622643632503_VIS_101.fits,1,2713231622643632503,102158275_2713231622643632503,B,2.0,20.8654,271.3231622601812,64.36325033443039,,
stamps/102158276_2722561985645255526_VIS_101.fits,1,2722561985645255526,102158276_2722561985645255526,B,2.0,20.7519,272.25619852909443,64.5255526391153,,
stamps/102158276_2727435595645547639_VIS_101.fits,1,2727435595645547639,102158276_2727435595645547639,B,2.0,18.4971,272.7435595161034,64.55476393577682,,
stamps/102158276_2727570223645896962_VIS_101.fits,1,2727570223645896962,102158276_2727570223645896962,A,2.0,20.3003,272.7570223673387,64.58969626327753,,
stamps/102158277_2733524648645511387_VIS_101.fits,1,2733524648645511387,102158277_2733524648645511387,B,2.0,20.4111,273.3524648265846,64.55113873843047,,
stamps/102158277_2738945549646397299_VIS_101.fits,1,2738945549646397299,102158277_2738945549646397299,A,2.0,22.1203,273.8945549705793,64.63972990931421,,
stamps/102158580_2631644629651693582_VIS_101.fits,1,2631644629651693582,102158580_2631644629651693582,B,2.0,21.8936,263.16446299769245,65.16935824161169,,
stamps/102158582_2655753387652324244_VIS_101.fits,1,2655753387652324244,102158582_2655753387652324244,B,2.0,19.8709,265.57533878130045,65.23242440822226,,
stamps/102158583_2672803654649962203_VIS_101.fits,1,2672803654649962203,102158583_2672803654649962203,B,2.0,19.3943,267.280365471512,64.99622031604929,,
stamps/102158584_2687900321650859511_VIS_101.fits,1,2687900321650859511,102158584_2687900321650859511,A,2.0,20.7152,268.79003210743605,65.08595110358115,,
stamps/102158584_2687970439648743491_VIS_101.fits,1,2687970439648743491,102158584_2687970439648743491,B,2.0,20.52,268.797043967054,64.87434919733515,,
stamps/102158584_2688054361648826754_VIS_101.fits,1,2688054361648826754,102158584_2688054361648826754,B,2.0,21.0349,268.80543613154765,64.88267549138783,,
stamps/102158584_2688149271647967093_VIS_101.fits,1,2688149271647967093,102158584_2688149271647967093,A,2.0,20.1905,268.8149271987569,64.79670930779008,,
stamps/102158585_2690666515648268601_VIS_101.fits,1,2690666515648268601,102158585_2690666515648268601,A,2.0,19.3693,269.0666515554563,64.82686014026385,,
stamps/102158585_2694958058650832108_VIS_101.fits,1,2694958058650832108,102158585_2694958058650832108,B,2.0,20.0979,269.4958058244813,65.083210840253,,
stamps/102158586_2707908112649845702_VIS_101.fits,1,2707908112649845702,102158586_2707908112649845702,A,2.0,22.2777,270.7908112363319,64.9845702769772,,
stamps/102158586_2710017972652457457_VIS_101.fits,1,2710017972652457457,102158586_2710017972652457457,B,3.0,20.6071,271.0017972222676,65.24574575577422,,
stamps/102158586_2710834800648486342_VIS_101.fits,1,2710834800648486342,102158586_2710834800648486342,A,2.0,21.2148,271.08348004173496,64.84863421733759,,
stamps/102158587_2711988261648357583_VIS_101.fits,1,2711988261648357583,102158587_2711988261648357583,B,3.0,19.6805,271.1988261717693,64.8357583216835,,
stamps/102158589_2744568849651754043_VIS_101.fits,1,2744568849651754043,102158589_2744568849651754043,A,2.0,17.8653,274.45688499444947,65.17540439711732,,
stamps/102158589_2744607815651760624_VIS_101.fits,1,2744607815651760624,102158589_2744607815651760624,A,2.0,19.4757,274.46078151981294,65.17606245864386,,
stamps/102158590_2751102237648287695_VIS_101.fits,1,2751102237648287695,102158590_2751102237648287695,B,2.0,22.2092,275.1102237524699,64.8287695823032,,
stamps/102158885_2631975188656022964_VIS_101.fits,1,2631975188656022964,102158885_2631975188656022964,B,3.0,20.4914,263.19751881131816,65.60229648001264,,
stamps/102158886_2639435536653600933_VIS_101.fits,1,2639435536653600933,102158886_2639435536653600933,B,2.0,19.3305,263.94355360158056,65.3600933406733,,
stamps/102158886_2641867744653343162_VIS_101.fits,1,2641867744653343162,102158886_2641867744653343162,A,2.0,21.3125,264.1867744091848,65.33431624987132,,
stamps/102158887_2646461630654930628_VIS_101.fits,1,2646461630654930628,102158887_2646461630654930628,A,2.0,19.5245,264.64616303287295,65.49306284930077,,
stamps/102158887_2648223419654261880_VIS_101.fits,1,2648223419654261880,102158887_2648223419654261880,A,2.0,20.9711,264.8223419828193,65.42618803638058,,
stamps/102158887_2651714354654861084_VIS_101.fits,1,2651714354654861084,102158887_2651714354654861084,A,2.0,20.1096,265.17143541344655,65.48610840340662,,
stamps/102158887_2654129070655512593_VIS_101.fits,1,2654129070655512593,102158887_2654129070655512593,A,2.0,20.3412,265.41290700547484,65.55125935194354,,
stamps/102158887_2655306065654633189_VIS_101.fits,1,2655306065654633189,102158887_2655306065654633189,A,2.0,21.4574,265.5306065631984,65.46331893363914,,
stamps/102158887_2655528906655835262_VIS_101.fits,1,2655528906655835262,102158887_2655528906655835262,A,2.0,20.6824,265.55289065640727,65.5835262260394,,
stamps/102158888_2657819747657129186_VIS_101.fits,1,2657819747657129186,102158888_2657819747657129186,B,2.0,18.5873,265.78197471779185,65.71291865956003,,
stamps/102158888_2659467460657407372_VIS_101.fits,1,2659467460657407372,102158888_2659467460657407372,B,2.0,19.9198,265.9467460193917,65.7407372719755,,
stamps/102158888_2659753895653871052_VIS_101.fits,1,2659753895653871052,102158888_2659753895653871052,B,2.0,21.3068,265.9753895280555,65.38710523882253,,
stamps/102158888_2667434443654461269_VIS_101.fits,1,2667434443654461269,102158888_2667434443654461269,A,2.0,20.7438,266.7434443925532,65.44612692321355,,
stamps/102158889_2668443415653707960_VIS_101.fits,1,2668443415653707960,102158889_2668443415653707960,B,2.0,21.6992,266.8443415141928,65.37079608035918,,
stamps/102158889_2674118174654422285_VIS_101.fits,1,2674118174654422285,102158889_2674118174654422285,A,3.0,20.3686,267.4118174099874,65.44222856535436,,
stamps/102158889_2677624236654538082_VIS_101.fits,1,2677624236654538082,102158889_2677624236654538082,A,2.0,20.2501,267.762423658248,65.45380829154423,,
stamps/102158889_2677813028655307424_VIS_101.fits,1,2677813028655307424,102158889_2677813028655307424,A,2.0,13.0966,267.78130284070573,65.53074243100221,,
stamps/102158890_2680242082656735280_VIS_101.fits,1,2680242082656735280,102158890_2680242082656735280,B,2.0,19.9068,268.024208255704,65.6735280308199,,
stamps/102158890_2683357136652678772_VIS_101.fits,1,2683357136652678772,102158890_2683357136652678772,A,2.0,21.5644,268.3357136809144,65.26787725606941,,
stamps/102158891_2698899135652599785_VIS_101.fits,1,2698899135652599785,102158891_2698899135652599785,A,2.0,20.0682,269.8899135840037,65.2599785081468,,
stamps/102158891_2699896914654311553_VIS_101.fits,1,2699896914654311553,102158891_2699896914654311553,A,2.0,19.9137,269.98969140340046,65.43115534265293,,
stamps/102158891_2700857611652676803_VIS_101.fits,1,2700857611652676803,102158891_2700857611652676803,A,2.0,21.8591,270.0857611762812,65.26768037561399,,
stamps/102158892_2703681011657269406_VIS_101.fits,1,2703681011657269406,102158892_2703681011657269406,A,3.0,20.3488,270.368101176438,65.7269406739178,,
stamps/102158892_2703838311654309323_VIS_101.fits,1,2703838311654309323,102158892_2703838311654309323,B,2.0,19.1614,270.383831154244,65.43093239635579,,
stamps/102158892_2704470582654415692_VIS_101.fits,1,2704470582654415692,102158892_2704470582654415692,A,1.0,18.4429,270.44705826038404,65.4415692078126,,
stamps/102158893_2719347803657244854_VIS_101.fits,1,2719347803657244854,102158893_2719347803657244854,B,3.0,20.518,271.9347803724526,65.7244854670406,,
stamps/102158893_2720583810655664894_VIS_101.fits,1,2720583810655664894,102158893_2720583810655664894,A,2.0,20.1923,272.05838105279497,65.5664894900246,,
stamps/102158894_2730612507653143373_VIS_101.fits,1,2730612507653143373,102158894_2730612507653143373,A,2.0,18.0174,273.06125079548667,65.31433733285209,,
stamps/102158894_2733212462655784384_VIS_101.fits,1,2733212462655784384,102158894_2733212462655784384,A,2.0,19.361,273.3212462317532,65.57843846636936,,
stamps/102158896_2752149841653729649_VIS_101.fits,1,2752149841653729649,102158896_2752149841653729649,B,2.0,19.8417,275.2149841814818,65.37296492574811,,
stamps/102158896_2752645036652374998_VIS_101.fits,1,2752645036652374998,102158896_2752645036652374998,A,2.0,17.6301,275.2645036757121,65.23749986490333,,
stamps/102158896_2755778332656876880_VIS_101.fits,1,2755778332656876880,102158896_2755778332656876880,A,2.0,18.9494,275.5778332023385,65.68768806282,,
stamps/102158896_2760272555655712464_VIS_101.fits,1,2760272555655712464,102158896_2760272555655712464,B,3.0,20.3189,276.0272555248371,65.57124647764964,,
stamps/102159186_2631794504660304436_VIS_101.fits,1,2631794504660304436,102159186_2631794504660304436,A,2.0,21.4996,263.17945044356406,66.0304436122694,,
stamps/102159186_2632387939662408264_VIS_101.fits,1,2632387939662408264,102159186_2632387939662408264,A,2.0,21.0799,263.23879390157254,66.24082642257652,,
stamps/102159187_2638806679660192602_VIS_101.fits,1,2638806679660192602,102159187_2638806679660192602,B,2.0,19.8499,263.8806679557297,66.01926021464115,,
stamps/102159187_2639230520659765010_VIS_101.fits,1,2639230520659765010,102159187_2639230520659765010,A,2.0,20.4551,263.92305205053293,65.9765010372005,,
stamps/102159187_2645580164662468179_VIS_101.fits,1,2645580164662468179,102159187_2645580164662468179,B,2.0,20.0812,264.55801641779,66.24681799395167,,
stamps/102159187_2646504448657919965_VIS_101.fits,1,2646504448657919965,102159187_2646504448657919965,B,2.0,22.3223,264.6504448855512,65.79199651842181,,
stamps/102159188_2652763834658560044_VIS_101.fits,1,2652763834658560044,102159188_2652763834658560044,A,2.0,18.7448,265.27638346784005,65.85600442323606,,
stamps/102159189_2663231466659368059_VIS_101.fits,1,2663231466659368059,102159189_2663231466659368059,A,2.0,20.3923,266.32314660184653,65.93680598259884,,
stamps/102159189_2667596748662187959_VIS_101.fits,1,2667596748662187959,102159189_2667596748662187959,A,2.0,20.8649,266.7596748105514,66.218795975012,,
stamps/102159189_2669116606659806362_VIS_101.fits,1,2669116606659806362,102159189_2669116606659806362,A,2.0,21.0405,266.9116606222967,65.98063623573434,,
stamps/102159189_2669674055661286334_VIS_101.fits,1,2669674055661286334,102159189_2669674055661286334,A,3.0,21.368,266.9674055993545,66.12863341360313,,
stamps/102159191_2683342191661471471_VIS_101.fits,1,2683342191661471471,102159191_2683342191661471471,B,2.0,22.2443,268.3342191477879,66.14714712381733,,
stamps/102159191_2686897092659972714_VIS_101.fits,1,2686897092659972714,102159191_2686897092659972714,B,2.0,22.3663,268.68970920939927,65.9972714327098,,
stamps/102159192_2695197869661844158_VIS_101.fits,1,2695197869661844158,102159192_2695197869661844158,A,2.0,21.8617,269.5197869860399,66.18441585056613,,
stamps/102159192_2699004780662092340_VIS_101.fits,1,2699004780662092340,102159192_2699004780662092340,A,2.0,20.2248,269.9004780925334,66.2092340860312,,
stamps/102159194_2723464956661228420_VIS_101.fits,1,2723464956661228420,102159194_2723464956661228420,A,2.0,21.3004,272.3464956503574,66.12284205652554,,
stamps/102159195_2734094103661424333_VIS_101.fits,1,2734094103661424333,102159195_2734094103661424333,A,2.0,20.0323,273.4094103263643,66.14243336619603,,
stamps/102159196_2750719383660442039_VIS_101.fits,1,2750719383660442039,102159196_2750719383660442039,A,2.0,22.4334,275.0719383791194,66.04420394490067,,
stamps/102159197_2758626130661770946_VIS_101.fits,1,2758626130661770946,102159197_2758626130661770946,B,2.0,19.2387,275.86261307502593,66.17709460267002,,
stamps/102159481_2634849207665073829_VIS_101.fits,1,2634849207665073829,102159481_2634849207665073829,A,2.0,21.3679,263.48492071150446,66.50738290801786,,
stamps/102159481_2635212626663669301_VIS_101.fits,1,2635212626663669301,102159481_2635212626663669301,A,2.0,18.8619,263.5212626724271,66.36693014159633,,
stamps/102159482_2642474434666614156_VIS_101.fits,1,2642474434666614156,102159482_2642474434666614156,B,2.0,21.7277,264.24744342726655,66.66141563469942,,
stamps/102159483_2659872799666371332_VIS_101.fits,1,2659872799666371332,102159483_2659872799666371332,A,2.0,17.1476,265.987279945432,66.63713320694595,,
stamps/102159484_2663190959666793114_VIS_101.fits,1,2663190959666793114,102159484_2663190959666793114,A,2.0,21.8848,266.31909599320926,66.67931148084118,,
stamps/102159484_2665581065664778853_VIS_101.fits,1,2665581065664778853,102159484_2665581065664778853,B,2.0,20.5413,266.55810653587696,66.47788537074143,,
stamps/102159485_2680932712664697516_VIS_101.fits,1,2680932712664697516,102159485_2680932712664697516,B,2.0,20.8369,268.093271296963,66.46975163883475,,
stamps/102159485_2681289316665353959_VIS_101.fits,1,2681289316665353959,102159485_2681289316665353959,B,2.0,19.5631,268.1289316574225,66.53539596729244,,
stamps/102159486_2691200739666476860_VIS_101.fits,1,2691200739666476860,102159486_2691200739666476860,A,2.0,20.6785,269.1200739576987,66.64768602598777,,
stamps/102159486_2695397736666928563_VIS_101.fits,1,2695397736666928563,102159486_2695397736666928563,A,2.0,18.9751,269.5397736070413,66.69285635133348,,
stamps/102159487_2702648437664620342_VIS_101.fits,1,2702648437664620342,102159487_2702648437664620342,A,2.0,20.6295,270.264843798001,66.46203422228521,,
stamps/102159488_2715904729665064695_VIS_101.fits,1,2715904729665064695,102159488_2715904729665064695,A,2.0,21.1253,271.5904729815268,66.5064695088448,,
stamps/102159488_2717571775663564534_VIS_101.fits,1,2717571775663564534,102159488_2717571775663564534,A,2.0,21.5002,271.75717754417883,66.3564534849012,,
stamps/102159489_2725731664662876609_VIS_101.fits,1,2725731664662876609,102159489_2725731664662876609,B,2.0,22.0534,272.5731664097009,66.28766098258262,,
stamps/102159489_2726981595665987676_VIS_101.fits,1,2726981595665987676,102159489_2726981595665987676,A,2.0,17.2858,272.698159588393,66.59876761464275,,
stamps/102159489_2728201578663264671_VIS_101.fits,1,2728201578663264671,102159489_2728201578663264671,B,2.0,21.5561,272.8201578460188,66.32646714756937,,
stamps/102159489_2730705167663624037_VIS_101.fits,1,2730705167663624037,102159489_2730705167663624037,A,3.0,20.5026,273.07051672243847,66.36240377723576,,
stamps/102159491_2750401520665356534_VIS_101.fits,1,2750401520665356534,102159491_2750401520665356534,B,2.0,21.7463,275.0401520762689,66.53565347576068,,
stamps/102159491_2759377187664442986_VIS_101.fits,1,2759377187664442986,102159491_2759377187664442986,B,2.0,22.2765,275.9377187181359,66.44429869121905,,
stamps/102159771_2643073721671053537_VIS_101.fits,1,2643073721671053537,102159771_2643073721671053537,B,2.0,19.5687,264.3073721070583,67.10535370647938,,
stamps/102159771_2645195528669074866_VIS_101.fits,1,2645195528669074866,102159771_2645195528669074866,B,2.0,20.4594,264.5195528461879,66.90748669071384,,
stamps/102159772_2654573101671251576_VIS_101.fits,1,2654573101671251576,102159772_2654573101671251576,A,2.0,19.5548,265.4573101116544,67.12515766401812,,
stamps/102159772_2657244795670716163_VIS_101.fits,1,2657244795670716163,102159772_2657244795670716163,A,2.0,19.5724,265.72447956578617,67.07161638988462,,
stamps/102159772_2662654897671699728_VIS_101.fits,1,2662654897671699728,102159772_2662654897671699728,B,2.0,21.4329,266.2654897541963,67.16997281564578,,
stamps/102159773_2671366170672094055_VIS_101.fits,1,2671366170672094055,102159773_2671366170672094055,B,2.0,21.535,267.13661707775447,67.20940554012809,,
stamps/102159773_2677079122669151496_VIS_101.fits,1,2677079122669151496,102159773_2677079122669151496,A,2.0,19.2224,267.70791227786816,66.91514966802278,,
stamps/102159776_2707047371671953097_VIS_101.fits,1,2707047371671953097,102159776_2707047371671953097,A,2.0,21.8713,270.70473716015675,67.19530976227985,,
stamps/102159776_2711220936669189145_VIS_101.fits,1,2711220936669189145,102159776_2711220936669189145,B,3.0,19.2639,271.12209364755324,66.91891459077462,,
stamps/102159776_2714258099668328507_VIS_101.fits,1,2714258099668328507,102159776_2714258099668328507,B,2.0,19.2846,271.425809924928,66.83285075285441,,
stamps/102159777_2716319161668542331_VIS_101.fits,1,2716319161668542331,102159777_2716319161668542331,A,2.0,20.8659,271.6319161478719,66.85423311849298,,
stamps/102159777_2718673262669682284_VIS_101.fits,1,2718673262669682284,102159777_2718673262669682284,B,2.0,20.1017,271.86732629247143,66.96822846151996,,
stamps/102159777_2726775566670351257_VIS_101.fits,1,2726775566670351257,102159777_2726775566670351257,A,2.0,21.6126,272.6775566073241,67.0351257916041,,
stamps/102159778_2733418388668044661_VIS_101.fits,1,2733418388668044661,102159778_2733418388668044661,A,2.0,21.3644,273.3418388879678,66.8044661007292,,
stamps/102159778_2735946368671378903_VIS_101.fits,1,2735946368671378903,102159778_2735946368671378903,A,2.0,19.3074,273.59463687052335,67.13789039707821,,
stamps/102159779_2743381563669492033_VIS_101.fits,1,2743381563669492033,102159779_2743381563669492033,B,2.0,20.6904,274.3381563198547,66.94920339571343,,
stamps/102160055_2646891602674889078_VIS_101.fits,1,2646891602674889078,102160055_2646891602674889078,B,2.0,20.7279,264.68916020657315,67.48890780057275,,
stamps/102160056_2663488981675470136_VIS_101.fits,1,2663488981675470136,102160056_2663488981675470136,A,2.0,18.969,266.3488981008601,67.54701363115285,,
stamps/102160057_2669613885677463506_VIS_101.fits,1,2669613885677463506,102160057_2669613885677463506,B,2.0,22.1742,266.96138852581646,67.74635067673377,,
stamps/102160057_2679227916675153944_VIS_101.fits,1,2679227916675153944,102160057_2679227916675153944,B,2.0,20.9491,267.92279169780943,67.51539448302714,,
stamps/102160058_2684023754674529862_VIS_101.fits,1,2684023754674529862,102160058_2684023754674529862,B,2.0,21.4869,268.40237540723274,67.45298620006291,,
stamps/102160058_2689874038672725438_VIS_101.fits,1,2689874038672725438,102160058_2689874038672725438,B,2.0,21.3041,268.9874038838035,67.27254384085201,,
stamps/102160058_2690177088672937227_VIS_101.fits,1,2690177088672937227,102160058_2690177088672937227,B,2.0,20.7911,269.01770880905895,67.29372273099628,,
stamps/102160059_2697821071675011270_VIS_101.fits,1,2697821071675011270,102160059_2697821071675011270,B,2.0,21.1494,269.7821071015082,67.50112703615102,,
stamps/102160060_2706622399674599706_VIS_101.fits,1,2706622399674599706,102160060_2706622399674599706,B,2.0,20.876,270.6622399379065,67.45997061688014,,
stamps/102160060_2712298158674755917_VIS_101.fits,1,2712298158674755917,102160060_2712298158674755917,A,2.0,21.9642,271.2298158809224,67.47559170031597,,
stamps/102160060_2714236250676150798_VIS_101.fits,1,2714236250676150798,102160060_2714236250676150798,B,2.0,21.6339,271.4236250299241,67.61507986297252,,
stamps/102160060_2716552208674838777_VIS_101.fits,1,2716552208674838777,102160060_2716552208674838777,B,2.0,20.1677,271.65522085429484,67.48387774961559,,
stamps/102160062_2738460691675239507_VIS_101.fits,1,2738460691675239507,102160062_2738460691675239507,B,2.0,18.8333,273.8460691095558,67.52395071396087,,
stamps/102160334_2661812445678287733_VIS_101.fits,1,2661812445678287733,102160334_2661812445678287733,B,2.0,22.4023,266.181244507451,67.82877334896861,,
stamps/102160334_2665945112680410578_VIS_101.fits,1,2665945112680410578,102160334_2665945112680410578,B,2.0,21.4194,266.5945112890753,68.04105787642916,,
stamps/102160335_2672690861681717566_VIS_101.fits,1,2672690861681717566,102160335_2672690861681717566,B,2.0,21.5094,267.269086163563,68.17175669313491,,
stamps/102160335_2672720281680709434_VIS_101.fits,1,2672720281680709434,102160335_2672720281680709434,B,2.0,20.7129,267.2720281605204,68.0709434252139,,
stamps/102160335_2673678625680739495_VIS_101.fits,1,2673678625680739495,102160335_2673678625680739495,B,2.0,21.8959,267.367862556498,68.0739495146494,,
stamps/102160335_2680788986678866937_VIS_101.fits,1,2680788986678866937,102160335_2680788986678866937,B,2.0,21.6951,268.07889868386127,67.88669371076048,,
stamps/102160335_2682061397679348286_VIS_101.fits,1,2682061397679348286,102160335_2682061397679348286,A,2.0,21.1914,268.20613979827726,67.93482862722318,,
stamps/102160336_2685084962682049281_VIS_101.fits,1,2685084962682049281,102160336_2685084962682049281,A,2.0,17.3441,268.5084962055178,68.20492815466524,,
stamps/102160336_2694549514678142483_VIS_101.fits,1,2694549514678142483,102160336_2694549514678142483,A,2.0,20.2297,269.454951470646,67.81424836837486,,
stamps/102160336_2695945753681853613_VIS_101.fits,1,2695945753681853613,102160336_2695945753681853613,A,2.0,22.0093,269.59457532951967,68.18536135682035,,
stamps/102160337_2700171490680496942_VIS_101.fits,1,2700171490680496942,102160337_2700171490680496942,B,2.0,21.0373,270.01714901079066,68.04969420417832,,
stamps/102160337_2701254133678933511_VIS_101.fits,1,2701254133678933511,102160337_2701254133678933511,A,2.0,20.1044,270.1254133752072,67.89335117440586,,
stamps/102160337_2702871940682411776_VIS_101.fits,1,2702871940682411776,102160337_2702871940682411776,B,3.0,20.62,270.2871940683188,68.24117762107761,,
stamps/102160337_2703837081680486960_VIS_101.fits,1,2703837081680486960,102160337_2703837081680486960,B,2.0,19.6014,270.38370813689005,68.0486960259951,,
stamps/102160338_2712384210679392079_VIS_101.fits,1,2712384210679392079,102160338_2712384210679392079,A,2.0,19.236,271.2384210836177,67.93920791430314,,
stamps/102160338_2720592793680584236_VIS_101.fits,1,2720592793680584236,102160338_2720592793680584236,B,2.0,21.6394,272.0592793034646,68.05842364623801,,
stamps/102160340_2740784519677600444_VIS_101.fits,1,2740784519677600444,102160340_2740784519677600444,A,2.0,22.4117,274.0784519087246,67.76004445410977,,
stamps/102160607_2684058176685650370_VIS_101.fits,1,2684058176685650370,102160607_2684058176685650370,B,2.0,21.3893,268.4058176178527,68.56503705310696,,
stamps/102160607_2685509147685729039_VIS_101.fits,1,2685509147685729039,102160607_2685509147685729039,B,2.0,21.1204,268.5509147155565,68.5729039546238,,
stamps/102160610_2725640304686403990_VIS_101.fits,1,2725640304686403990,102160610_2725640304686403990,A,2.0,19.0678,272.5640304560574,68.64039906186375,,
stamps/102160610_2728596478683519590_VIS_101.fits,1,2728596478683519590,102160610_2728596478683519590,B,2.0,20.0824,272.85964788998524,68.35195904078404,,
stamps/102160610_2729256016684457774_VIS_101.fits,1,2729256016684457774,102160610_2729256016684457774,A,2.0,22.4165,272.9256016059579,68.44577749091418,,
stamps/102160611_2740328687682808789_VIS_101.fits,1,2740328687682808789,102160611_2740328687682808789,A,3.0,19.4412,274.0328687229435,68.28087896462162,,
stamps/2752947762654990000_VIS_101.fits,0,2752947762654990000,,,6.0,23.1113,275.2947762062579,65.49900004977026,1.0,
stamps/-628243882493150000_VIS_101.fits,0,-628243882493150000,,,2.0,24.7059,62.82438822523376,-49.31500006051157,2.0,
stamps/2752018729672930010_VIS_101.fits,0,2752018729672930010,,,6.0,25.6037,275.2018729957158,67.29300108062135,3.0,
stamps/2681790455643490006_VIS_101.fits,0,2681790455643490006,,,2.0,25.6815,268.1790455807079,64.34900064286808,4.0,
stamps/-541083987294720002_VIS_101.fits,0,-541083987294720002,,,2.0,26.2381,54.1083987667195,-29.472000258893488,5.0,
stamps/2754551275659630002_VIS_101.fits,0,2754551275659630002,,,2.0,25.0854,275.4551275848211,65.96300027744691,6.0,
stamps/2702848323675140000_VIS_101.fits,0,2702848323675140000,,,2.0,26.6103,270.28483231440464,67.5140000422596,7.0,
stamps/-653305579467830011_VIS_101.fits,0,-653305579467830011,,,1.0,23.0143,65.3305579855134,-46.78300110680102,8.0,
stamps/-610208346482810004_VIS_101.fits,0,-610208346482810004,,,4.0,22.1498,61.02083469684991,-48.28100040345352,9.0,
stamps/-574054197499430004_VIS_101.fits,0,-574054197499430004,,,2.0,24.0825,57.405419712938695,-49.9430004919794,10.0,
stamps/-656441294469950009_VIS_101.fits,0,-656441294469950009,,,2.0,23.5799,65.64412941081314,-46.99500094998288,11.0,
stamps/2701922071679920005_VIS_101.fits,0,2701922071679920005,,,3.0,24.7266,270.19220716000274,67.99200055136329,12.0,
stamps/-603176334471520003_VIS_101.fits,0,-603176334471520003,,,2.0,21.2195,60.31763346785264,-47.15200039321445,13.0,
stamps/-517911084286320000_VIS_101.fits,0,-517911084286320000,,,2.0,24.3532,51.7911084238406,-28.632000005180284,14.0,
stamps/2700193301645660005_VIS_101.fits,0,2700193301645660005,,,2.0,24.5214,270.0193301987374,64.56600056020994,15.0,
stamps/-624459220457490008_VIS_101.fits,0,-624459220457490008,,,2.0,26.5748,62.44592204000616,-45.74900080199755,16.0,
stamps/-512895377290370004_VIS_101.fits,0,-512895377290370004,,,2.0,25.2596,51.28953778209032,-29.037000496190394,17.0,
stamps/-542003845273850005_VIS_101.fits,0,-542003845273850005,,,2.0,22.4045,54.20038456592233,-27.385000517356872,18.0,
stamps/2680438770676120002_VIS_101.fits,0,2680438770676120002,,,2.0,25.7003,268.04387700829767,67.6120002220748,19.0,
stamps/2742921148645080004_VIS_101.fits,0,2742921148645080004,,,2.0,26.1713,274.29211481946123,64.50800046381772,20.0,
stamps/-536023612278580010_VIS_101.fits,0,-536023612278580010,,,2.0,21.2325,53.60236125492364,-27.858001021852825,21.0,
stamps/-604568904475410004_VIS_101.fits,0,-604568904475410004,,,2.0,23.156,60.4568904094754,-47.54100042493795,22.0,
stamps/2661351306678220006_VIS_101.fits,0,2661351306678220006,,,2.0,23.1633,266.1351306424769,67.82200064223414,23.0,
stamps/-586062619476040005_VIS_101.fits,0,-586062619476040005,,,2.0,26.2337,58.60626192819375,-47.604000541026046,24.0,
stamps/2645664789668230011_VIS_101.fits,0,2645664789668230011,,,2.0,24.9155,264.566478954745,66.82300116870778,25.0,
stamps/-584489912509900008_VIS_101.fits,0,-584489912509900008,,,2.0,23.7009,58.44899121247327,-50.99000085394527,26.0,
stamps/2701792653656350011_VIS_101.fits,0,2701792653656350011,,,2.0,25.8643,270.1792653270919,65.63500110815934,27.0,
stamps/-664051483466910000_VIS_101.fits,0,-664051483466910000,,,2.0,24.1632,66.40514831873197,-46.69100004498579,28.0,
stamps/2697362211642290005_VIS_101.fits,0,2697362211642290005,,,2.0,24.8325,269.73622114522857,64.22900058848853,29.0,
stamps/2705603887676560007_VIS_101.fits,0,2705603887676560007,,,2.0,26.3106,270.5603887719465,67.6560007476274,30.0,
stamps/2673903296638880004_VIS_101.fits,0,2673903296638880004,,,2.0,25.6587,267.39032968792924,63.888000418066014,31.0,
stamps/2687355346684520007_VIS_101.fits,0,2687355346684520007,,,2.0,25.3862,268.7355346940592,68.45200079661288,32.0,
stamps/-606866452486680009_VIS_101.fits,0,-606866452486680009,,,2.0,25.0475,60.68664524255241,-48.66800099956668,33.0,
stamps/-524251048288830011_VIS_101.fits,0,-524251048288830011,,,2.0,26.2055,52.425104880087815,-28.883001163528856,34.0,
stamps/2736018476658250000_VIS_101.fits,0,2736018476658250000,,,2.0,25.0936,273.6018476532187,65.8250000132229,35.0,
stamps/-593855864479850005_VIS_101.fits,0,-593855864479850005,,,2.0,23.9517,59.38558645926668,-47.98500057093592,36.0,
stamps/-588894276501470002_VIS_101.fits,0,-588894276501470002,,,2.0,25.4626,58.889427667568334,-50.14700022528378,37.0,
stamps/2751439968649950008_VIS_101.fits,0,2751439968649950008,,,2.0,25.9373,275.1439968933967,64.9950008552151,38.0,
stamps/-636094094475940007_VIS_101.fits,0,-636094094475940007,,,2.0,23.8968,63.60940943089293,-47.59400074292749,39.0,
stamps/-594079201482160010_VIS_101.fits,0,-594079201482160010,,,2.0,25.3827,59.40792015174416,-48.21600109621383,40.0,
stamps/2753733717671220002_VIS_101.fits,0,2753733717671220002,,,2.0,20.9839,275.3733717333117,67.1220002740765,41.0,
stamps/-523450359270230011_VIS_101.fits,0,-523450359270230011,,,4.0,24.3519,52.34503596886464,-27.02300114320776,42.0,
stamps/2704247512633500008_VIS_101.fits,0,2704247512633500008,,,2.0,23.3985,270.42475120404947,63.350000884031246,43.0,
stamps/-581938476481670009_VIS_101.fits,0,-581938476481670009,,,2.0,22.7539,58.19384767751969,-48.1670009111382,44.0,
stamps/-648713604460170004_VIS_101.fits,0,-648713604460170004,,,2.0,24.8145,64.87136049507548,-46.0170004840096,45.0,
stamps/2734262592679820000_VIS_101.fits,0,2734262592679820000,,,2.0,25.9738,273.4262592540021,67.98200009628361,46.0,
stamps/-572279189497090002_VIS_101.fits,0,-572279189497090002,,,2.0,24.4765,57.22791896896501,-49.70900025285409,47.0,
stamps/2739018306669380002_VIS_101.fits,0,2739018306669380002,,,2.0,24.4253,273.90183069103347,66.93800024356563,48.0,
stamps/-520773734286680011_VIS_101.fits,0,-520773734286680011,,,2.0,25.4144,52.07737347550766,-28.668001176622514,49.0,
stamps/2692635177638220000_VIS_101.fits,0,2692635177638220000,,,2.0,24.4916,269.26351777346866,63.82200005905175,50.0,
stamps/-525378127303110005_VIS_101.fits,0,-525378127303110005,,,2.0,25.7699,52.53781277851223,-30.31100058910588,51.0,
stamps/2673157998649430009_VIS_101.fits,0,2673157998649430009,,,2.0,24.4372,267.3157998543305,64.94300090753936,52.0,
stamps/-531703319267950010_VIS_101.fits,0,-531703319267950010,,,2.0,24.4319,53.17033199594864,-26.795001001698807,53.0,
stamps/2648204691648760009_VIS_101.fits,0,2648204691648760009,,,2.0,24.6787,264.8204691244159,64.87600095363976,54.0,
stamps/-639825071458200000_VIS_101.fits,0,-639825071458200000,,,2.0,23.3302,63.98250717099847,-45.82000006559404,55.0,
stamps/2661882002646030001_VIS_101.fits,0,2661882002646030001,,,2.0,24.6401,266.18820024628644,64.60300018559306,56.0,
stamps/-636115815491270001_VIS_101.fits,0,-636115815491270001,,,2.0,25.0714,63.61158152854276,-49.127000137953765,57.0,
stamps/-540706427276510002_VIS_101.fits,0,-540706427276510002,,,2.0,25.8516,54.07064272436188,-27.65100022655449,58.0,
stamps/-595237367501650008_VIS_101.fits,0,-595237367501650008,,,2.0,25.2907,59.523736701050304,-50.16500088107078,59.0,
stamps/-578118523490420005_VIS_101.fits,0,-578118523490420005,,,2.0,22.7691,57.81185234602324,-49.042000511999085,60.0,
stamps/2695874282649420001_VIS_101.fits,0,2695874282649420001,,,2.0,25.5552,269.5874282394041,64.94200014457194,61.0,
stamps/-518728517264200005_VIS_101.fits,0,-518728517264200005,,,2.0,24.6368,51.87285172237928,-26.420000523730863,62.0,
stamps/2669638594655150005_VIS_101.fits,0,2669638594655150005,,,2.0,24.3242,266.9638594438181,65.51500053863936,63.0,
stamps/-604790444472540010_VIS_101.fits,0,-604790444472540010,,,2.0,25.8624,60.4790444953224,-47.25400107624216,64.0,
stamps/2685166684643650009_VIS_101.fits,0,2685166684643650009,,,2.0,23.9245,268.51666844420294,64.36500098770281,65.0,
stamps/2728327353680560006_VIS_101.fits,0,2728327353680560006,,,2.0,25.0075,272.83273539148416,68.05600068910444,66.0,
stamps/-541504916272210011_VIS_101.fits,0,-541504916272210011,,,2.0,25.3794,54.150491688846856,-27.22100119894417,67.0,
stamps/-628031005498260007_VIS_101.fits,0,-628031005498260007,,,2.0,23.1706,62.80310053213912,-49.82600074248662,68.0,
stamps/-611726639479260008_VIS_101.fits,0,-611726639479260008,,,2.0,26.4456,61.17266397854093,-47.92600086672931,69.0,
stamps/-572486267491430003_VIS_101.fits,0,-572486267491430003,,,2.0,25.5014,57.24862677887326,-49.14300032986428,70.0,
stamps/-532865763258980009_VIS_101.fits,0,-532865763258980009,,,2.0,22.6127,53.28657631464963,-25.898000903695085,71.0,
stamps/2754298944651890010_VIS_101.fits,0,2754298944651890010,,,2.0,24.3754,275.4298944953167,65.18900109402888,72.0,
stamps/2674966782634380004_VIS_101.fits,0,2674966782634380004,,,2.0,24.8547,267.4966782255452,63.43800041688681,73.0,
stamps/-629398107455290004_VIS_101.fits,0,-629398107455290004,,,2.0,24.3239,62.93981074424324,-45.52900048517266,74.0,
stamps/-604415356502510008_VIS_101.fits,0,-604415356502510008,,,2.0,22.7458,60.441535666032266,-50.25100088327084,75.0,
stamps/-619073711466920005_VIS_101.fits,0,-619073711466920005,,,2.0,23.2612,61.90737114267503,-46.69200052135815,76.0,
stamps/-516679390282810010_VIS_101.fits,0,-516679390282810010,,,2.0,24.1945,51.66793909845681,-28.281001008693167,77.0,
stamps/-642974051474100000_VIS_101.fits,0,-642974051474100000,,,2.0,21.2974,64.29740518260589,-47.41000008827915,78.0,
stamps/2729607082641400004_VIS_101.fits,0,2729607082641400004,,,2.0,23.568,272.9607082193578,64.14000046878516,79.0,
stamps/-582641450506830004_VIS_101.fits,0,-582641450506830004,,,2.0,25.7679,58.264145080465184,-50.68300044269341,80.0,
stamps/-522591793293300005_VIS_101.fits,0,-522591793293300005,,,2.0,24.3254,52.25917935472312,-29.33000053563385,81.0,
stamps/-524760052294830005_VIS_101.fits,0,-524760052294830005,,,2.0,24.3982,52.47600528829149,-29.4830005554238,82.0,
stamps/-609406940470140000_VIS_101.fits,0,-609406940470140000,,,2.0,24.2273,60.94069409638905,-47.01400000878965,83.0,
stamps/-511541107270370010_VIS_101.fits,0,-511541107270370010,,,2.0,24.9692,51.15411076160986,-27.037001009923536,84.0,
stamps/-548034956293630004_VIS_101.fits,0,-548034956293630004,,,2.0,25.8922,54.8034956774822,-29.363000487951854,85.0,
stamps/2733131174668250006_VIS_101.fits,0,2733131174668250006,,,4.0,23.3138,273.3131174398426,66.82500066593089,86.0,
stamps/-604408308483390000_VIS_101.fits,0,-604408308483390000,,,2.0,24.4374,60.44083082596829,-48.33900006208072,87.0,
stamps/-514879196282200000_VIS_101.fits,0,-514879196282200000,,,2.0,24.9802,51.48791962038863,-28.22000001035412,88.0,
stamps/2691671974680670004_VIS_101.fits,0,2691671974680670004,,,2.0,26.2599,269.1671974923321,68.06700049141425,89.0,
stamps/2642576807658320005_VIS_101.fits,0,2642576807658320005,,,2.0,24.038,264.2576807859512,65.83200053548012,90.0,
stamps/2634771494655180002_VIS_101.fits,0,2634771494655180002,,,2.0,25.6822,263.47714942411795,65.51800021405384,91.0,
stamps/-623028448503710009_VIS_101.fits,0,-623028448503710009,,,2.0,25.3874,62.30284488833188,-50.37100096338446,92.0,
stamps/-632199195469680007_VIS_101.fits,0,-632199195469680007,,,2.0,25.7223,63.21991951598003,-46.96800079973316,93.0,
stamps/2711428702662100008_VIS_101.fits,0,2711428702662100008,,,2.0,23.9858,271.1428702951877,66.21000084644899,94.0,
stamps/-614224910497910002_VIS_101.fits,0,-614224910497910002,,,2.0,25.9909,61.42249109349062,-49.79100027825628,95.0,
stamps/2721953255666580010_VIS_101.fits,0,2721953255666580010,,,2.0,25.684,272.1953255841806,66.65800101042943,96.0,
stamps/-548885810290310009_VIS_101.fits,0,-548885810290310009,,,2.0,26.1203,54.8885810446021,-29.03100091729005,97.0,
stamps/2678913267641520011_VIS_101.fits,0,2678913267641520011,,,2.0,24.7372,267.8913267979792,64.15200115759242,98.0,
stamps/-537043364292680010_VIS_101.fits,0,-537043364292680010,,,2.0,25.4411,53.70433647419975,-29.268001077355027,99.0,
stamps/-533119476296950009_VIS_101.fits,0,-533119476296950009,,,2.0,24.5908,53.31194761235047,-29.695000976397417,100.0,
stamps/2705851232668720008_VIS_101.fits,0,2705851232668720008,,,2.0,23.2732,270.5851232579009,66.87200089014208,101.0,
stamps/-533040269265170001_VIS_101.fits,0,-533040269265170001,,,2.0,25.6322,53.30402690468725,-26.51700010617788,102.0,
stamps/2681127219653150010_VIS_101.fits,0,2681127219653150010,,,2.0,25.2275,268.11272190248854,65.31500100463471,103.0,
stamps/2684173772645490007_VIS_101.fits,0,2684173772645490007,,,2.0,23.1864,268.4173772494487,64.54900076222208,104.0,
stamps/-519532696276010009_VIS_101.fits,0,-519532696276010009,,,2.0,24.9459,51.95326968496264,-27.60100093226671,105.0,
stamps/-575380933482000008_VIS_101.fits,0,-575380933482000008,,,2.0,26.0096,57.538093384921645,-48.20000086618173,106.0,
stamps/2646461494645850006_VIS_101.fits,0,2646461494645850006,,,2.0,23.895,264.6461494694594,64.58500061801895,107.0,
stamps/2716407161669130006_VIS_101.fits,0,2716407161669130006,,,1.0,17.5678,271.64071615823434,66.9130006250891,108.0,
stamps/-601320443495880008_VIS_101.fits,0,-601320443495880008,,,2.0,16.9847,60.13204432841823,-49.5880008346338,109.0,
stamps/2654204705656730007_VIS_101.fits,0,2654204705656730007,,,2.0,26.4885,265.420470570243,65.67300070160292,110.0,
stamps/-594107618473840007_VIS_101.fits,0,-594107618473840007,,,2.0,25.5787,59.41076188235495,-47.38400076429206,111.0,
stamps/-558192824484420004_VIS_101.fits,0,-558192824484420004,,,2.0,22.6331,55.81928246953689,-48.4420004233714,112.0,
stamps/-633704839462990011_VIS_101.fits,0,-633704839462990011,,,2.0,25.808,63.37048396659337,-46.29900119981052,113.0,
stamps/2758694249657790004_VIS_101.fits,0,2758694249657790004,,,2.0,25.3798,275.869424900336,65.77900043899233,114.0,
stamps/-540657377288200003_VIS_101.fits,0,-540657377288200003,,,2.0,24.8027,54.065737778584754,-28.82000036541682,115.0,
stamps/-539470224275440003_VIS_101.fits,0,-539470224275440003,,,2.0,24.7184,53.94702245597228,-27.544000347345296,116.0,
stamps/-608293772466980000_VIS_101.fits,0,-608293772466980000,,,2.0,22.3046,60.82937728288862,-46.69800003351733,117.0,
stamps/-644661580470280010_VIS_101.fits,0,-644661580470280010,,,2.0,25.8693,64.46615808876554,-47.02800106438728,118.0,
stamps/-601670272494290003_VIS_101.fits,0,-601670272494290003,,,2.0,24.8522,60.16702724543318,-49.4290003127081,119.0,
stamps/-584377893510870003_VIS_101.fits,0,-584377893510870003,,,2.0,24.9208,58.43778932101954,-51.08700039304056,120.0,
stamps/-617470811469940009_VIS_101.fits,0,-617470811469940009,,,2.0,25.0114,61.74708111252991,-46.99400099310613,121.0,
stamps/-558197935487210001_VIS_101.fits,0,-558197935487210001,,,2.0,24.7692,55.81979352560933,-48.7210001168571,122.0,
stamps/2709430480668790010_VIS_101.fits,0,2709430480668790010,,,2.0,26.6953,270.9430480477656,66.87900108116274,123.0,
stamps/-652825961465620001_VIS_101.fits,0,-652825961465620001,,,2.0,23.0214,65.28259611170763,-46.56200019121256,124.0,
stamps/-555244245496450000_VIS_101.fits,0,-555244245496450000,,,2.0,23.6872,55.52442454847052,-49.645000079864325,125.0,
stamps/-644471364493480001_VIS_101.fits,0,-644471364493480001,,,2.0,23.2778,64.4471364769797,-49.34800011477813,126.0,
stamps/-618384937500700005_VIS_101.fits,0,-618384937500700005,,,2.0,25.7037,61.83849377850116,-50.07000053802541,127.0,
stamps/-585025988494230004_VIS_101.fits,0,-585025988494230004,,,2.0,25.5245,58.50259881843831,-49.42300047101786,128.0,
stamps/-578693141511710009_VIS_101.fits,0,-578693141511710009,,,2.0,26.0764,57.86931410880374,-51.17100097428549,129.0,
stamps/-537214084278810004_VIS_101.fits,0,-537214084278810004,,,2.0,26.17,53.72140840134996,-27.881000478842697,130.0,
stamps/-652064862469900005_VIS_101.fits,0,-652064862469900005,,,2.0,24.1521,65.20648624794319,-46.99000050224186,131.0,
stamps/-621473878466840004_VIS_101.fits,0,-621473878466840004,,,2.0,24.7553,62.14738786218294,-46.68400042647397,132.0,
stamps/-513719175274570007_VIS_101.fits,0,-513719175274570007,,,2.0,25.221,51.37191757179296,-27.45700079797756,133.0,
stamps/2757703134666640000_VIS_101.fits,0,2757703134666640000,,,2.0,25.8454,275.7703134327235,66.66400008086107,134.0,
stamps/-570831809495030000_VIS_101.fits,0,-570831809495030000,,,2.0,23.4581,57.08318090692288,-49.50300003279279,135.0,
stamps/-611182140492820007_VIS_101.fits,0,-611182140492820007,,,2.0,23.3302,61.11821404558464,-49.28200075096977,136.0,
stamps/-596973294490600003_VIS_101.fits,0,-596973294490600003,,,2.0,25.1823,59.69732942617078,-49.06000038209591,137.0,
stamps/-557253182487550003_VIS_101.fits,0,-557253182487550003,,,2.0,23.2333,55.72531828276524,-48.75500037590074,138.0,
stamps/2641735031659300002_VIS_101.fits,0,2641735031659300002,,,2.0,23.9446,264.17350312853506,65.93000024331526,139.0,
stamps/-518657424267280004_VIS_101.fits,0,-518657424267280004,,,2.0,23.9566,51.8657424075892,-26.72800048262608,140.0,
stamps/2668006263644730008_VIS_101.fits,0,2668006263644730008,,,2.0,25.0617,266.8006263764379,64.47300088237819,141.0,
stamps/-565898683493890011_VIS_101.fits,0,-565898683493890011,,,2.0,25.5966,56.589868312788624,-49.38900111500576,142.0,
stamps/2703630716646930006_VIS_101.fits,0,2703630716646930006,,,2.0,25.7522,270.3630716160571,64.69300067713094,143.0,
stamps/-559427707485190011_VIS_101.fits,0,-559427707485190011,,,2.0,22.2502,55.942770785608815,-48.51900112358243,144.0,
stamps/2762150980662280011_VIS_101.fits,0,2762150980662280011,,,2.0,25.7317,276.215098050929,66.22800118599211,145.0,
stamps/2703606233657820010_VIS_101.fits,0,2703606233657820010,,,2.0,26.6712,270.3606233026381,65.78200109772365,146.0,
stamps/-535385538261580011_VIS_101.fits,0,-535385538261580011,,,2.0,25.5017,53.5385538176987,-26.15800110480559,147.0,
stamps/-516958923288580001_VIS_101.fits,0,-516958923288580001,,,2.0,24.4164,51.69589239849992,-28.858000157476244,148.0,
stamps/-576552543491540011_VIS_101.fits,0,-576552543491540011,,,2.0,24.3103,57.65525434872111,-49.15400118549831,149.0,
stamps/2694761940637740005_VIS_101.fits,0,2694761940637740005,,,2.0,25.0257,269.476194083989,63.774000588608544,150.0,
stamps/-565116605503630006_VIS_101.fits,0,-565116605503630006,,,2.0,23.6012,56.51166053129394,-50.36300066163847,151.0,
stamps/-540450201290950005_VIS_101.fits,0,-540450201290950005,,,2.0,23.9395,54.04502012843627,-29.09500050148594,152.0,
stamps/-596789073496170005_VIS_101.fits,0,-596789073496170005,,,2.0,25.2048,59.67890733701341,-49.61700050704069,153.0,
stamps/-599805385502040003_VIS_101.fits,0,-599805385502040003,,,2.0,26.4601,59.98053859942576,-50.20400034887132,154.0,
stamps/-639556260471710001_VIS_101.fits,0,-639556260471710001,,,2.0,26.4257,63.95562607721674,-47.171000107789055,155.0,
stamps/-662281115476630011_VIS_101.fits,0,-662281115476630011,,,2.0,23.6013,66.22811154619214,-47.66300113428217,156.0,
stamps/-638502166477340006_VIS_101.fits,0,-638502166477340006,,,2.0,25.4606,63.8502166058544,-47.73400063514315,157.0,
stamps/-640845463457180005_VIS_101.fits,0,-640845463457180005,,,2.0,26.0582,64.08454633664668,-45.71800058714343,158.0,
stamps/-536228564271580003_VIS_101.fits,0,-536228564271580003,,,2.0,24.1417,53.62285649765124,-27.158000380435524,159.0,
stamps/-592895755491650008_VIS_101.fits,0,-592895755491650008,,,2.0,23.1244,59.28957556408115,-49.16500085691258,160.0,
stamps/2700732483634700000_VIS_101.fits,0,2700732483634700000,,,2.0,24.646,270.07324833348144,63.47000004361064,161.0,
stamps/-538451702267070009_VIS_101.fits,0,-538451702267070009,,,2.0,24.5114,53.84517029342834,-26.707000929890924,162.0,
stamps/2719998750653590007_VIS_101.fits,0,2719998750653590007,,,2.0,21.5905,271.99987503406754,65.35900077573537,163.0,
stamps/-642310573492040002_VIS_101.fits,0,-642310573492040002,,,2.0,25.3118,64.23105737026738,-49.20400025264403,164.0,
stamps/-616644040488960007_VIS_101.fits,0,-616644040488960007,,,2.0,25.001,61.664404028379,-48.89600079243047,165.0,
stamps/2713172917669170004_VIS_101.fits,0,2713172917669170004,,,3.0,22.9521,271.3172917302748,66.91700046977024,166.0,
stamps/2644257683663590001_VIS_101.fits,0,2644257683663590001,,,2.0,24.7946,264.4257683765983,66.35900019929794,167.0,
stamps/-553933267496630010_VIS_101.fits,0,-553933267496630010,,,2.0,24.5057,55.393326721214486,-49.66300102746003,168.0,
stamps/2690681525678750002_VIS_101.fits,0,2690681525678750002,,,2.0,26.0409,269.0681525849996,67.87500021780205,169.0,
stamps/2724419291667630000_VIS_101.fits,0,2724419291667630000,,,2.0,25.6876,272.4419291530239,66.76300009949671,170.0,
stamps/-666684552475830000_VIS_101.fits,0,-666684552475830000,,,2.0,24.1563,66.66845526625157,-47.58300003833732,171.0,
stamps/2632287608663520008_VIS_101.fits,0,2632287608663520008,,,2.0,23.8774,263.2287608714521,66.35200081980634,172.0,
stamps/2743611805648410005_VIS_101.fits,0,2743611805648410005,,,2.0,25.4386,274.3611805757717,64.84100052993556,173.0,
stamps/-518773399281860009_VIS_101.fits,0,-518773399281860009,,,2.0,25.7177,51.87733996272926,-28.186000985296285,174.0,
stamps/-564268271500840000_VIS_101.fits,0,-564268271500840000,,,2.0,25.4065,56.426827109702366,-50.084000012153965,175.0,
stamps/-521883120296860011_VIS_101.fits,0,-521883120296860011,,,2.0,24.8525,52.1883120650522,-29.68600117611153,176.0,
stamps/-613814362471600009_VIS_101.fits,0,-613814362471600009,,,2.0,26.1388,61.3814362977365,-47.16000099593351,177.0,
stamps/-633891723483090006_VIS_101.fits,0,-633891723483090006,,,2.0,25.4351,63.38917231378497,-48.30900068702517,178.0,
stamps/-519426104280890002_VIS_101.fits,0,-519426104280890002,,,2.0,25.9802,51.94261043180699,-28.089000245457918,179.0,
stamps/2679692322672630008_VIS_101.fits,0,2679692322672630008,,,2.0,22.927,267.969232215452,67.26300088488391,180.0,
stamps/2717811272651520002_VIS_101.fits,0,2717811272651520002,,,4.0,24.4616,271.78112723511344,65.15200020900183,181.0,
stamps/-582418743491750009_VIS_101.fits,0,-582418743491750009,,,2.0,25.6596,58.24187430390686,-49.175000964292295,182.0,
stamps/-514690820291370005_VIS_101.fits,0,-514690820291370005,,,2.0,24.4533,51.46908200730447,-29.13700050483932,183.0,
stamps/2721555266680220009_VIS_101.fits,0,2721555266680220009,,,2.0,25.6199,272.1555266182221,68.02200090819272,184.0,
stamps/-619657305461930005_VIS_101.fits,0,-619657305461930005,,,2.0,24.696,61.96573054777053,-46.19300051927774,185.0,
stamps/-525478373276160004_VIS_101.fits,0,-525478373276160004,,,2.0,26.3262,52.54783738642347,-27.616000411123878,186.0,
stamps/-585376477505370006_VIS_101.fits,0,-585376477505370006,,,2.0,23.0634,58.53764772692561,-50.53700062341531,187.0,
stamps/-621343308488280003_VIS_101.fits,0,-621343308488280003,,,2.0,24.2384,62.13433088446921,-48.82800030665319,188.0,
stamps/2685572247667300006_VIS_101.fits,0,2685572247667300006,,,2.0,24.1797,268.55722478153626,66.73000067244278,189.0,
stamps/-523450439278250010_VIS_101.fits,0,-523450439278250010,,,2.0,25.0087,52.34504394048727,-27.82500109918844,190.0,
stamps/2700615789646160010_VIS_101.fits,0,2700615789646160010,,,6.0,23.2257,270.0615789773739,64.61600102639561,191.0,
stamps/-634142400479770000_VIS_101.fits,0,-634142400479770000,,,2.0,24.5713,63.41424008670203,-47.97700000967523,192.0,
stamps/2690861659637740006_VIS_101.fits,0,2690861659637740006,,,2.0,25.465,269.08616598545854,63.77400064053282,193.0,
stamps/-635029980465200001_VIS_101.fits,0,-635029980465200001,,,2.0,24.0132,63.50299800438656,-46.52000011646205,194.0,
stamps/2636383886659420005_VIS_101.fits,0,2636383886659420005,,,2.0,25.9037,263.63838863958154,65.9420005681949,195.0,
stamps/2711553749637630005_VIS_101.fits,0,2711553749637630005,,,2.0,23.8128,271.15537497674035,63.7630005732726,196.0,
stamps/-641289946472580005_VIS_101.fits,0,-641289946472580005,,,2.0,24.8388,64.1289946860443,-47.25800059348448,197.0,
stamps/2706673821637580007_VIS_101.fits,0,2706673821637580007,,,2.0,25.7159,270.66738213667435,63.75800079625882,198.0,
stamps/-610330939483040001_VIS_101.fits,0,-610330939483040001,,,2.0,23.4048,61.03309397837233,-48.3040001016813,199.0,
stamps/-518583464276480004_VIS_101.fits,0,-518583464276480004,,,2.0,23.5343,51.858346448400695,-27.6480004759231,200.0,
stamps/2648338956659470007_VIS_101.fits,0,2648338956659470007,,,2.0,22.7122,264.8338956895228,65.94700070320516,201.0,
stamps/-532606696289120006_VIS_101.fits,0,-532606696289120006,,,2.0,22.2968,53.26066962669644,-28.912000634052536,202.0,
stamps/-617755130507110001_VIS_101.fits,0,-617755130507110001,,,2.0,25.0565,61.775513094788174,-50.71100015420479,203.0,
stamps/-565255289484590008_VIS_101.fits,0,-565255289484590008,,,2.0,25.3594,56.525528970965325,-48.45900086994693,204.0,
stamps/2682228498673070008_VIS_101.fits,0,2682228498673070008,,,2.0,26.1561,268.22284989020926,67.30700084577893,205.0,
stamps/2738219348652520004_VIS_101.fits,0,2738219348652520004,,,2.0,25.9288,273.82193484753736,65.252000452231,206.0,
stamps/-555628309487910008_VIS_101.fits,0,-555628309487910008,,,2.0,25.0425,55.562830990995145,-48.79100088481693,207.0,
stamps/-626625435503320008_VIS_101.fits,0,-626625435503320008,,,2.0,23.6218,62.66254352517999,-50.33200083791734,208.0,
stamps/-614519642497720011_VIS_101.fits,0,-614519642497720011,,,2.0,24.7163,61.45196420226538,-49.7720011304033,209.0,
stamps/-543657690265560000_VIS_101.fits,0,-543657690265560000,,,2.0,24.8203,54.365769056508206,-26.55600001958108,210.0,
stamps/2728533640662890004_VIS_101.fits,0,2728533640662890004,,,2.0,26.0482,272.8533640524828,66.2890004378043,211.0,
stamps/2726874441653240011_VIS_101.fits,0,2726874441653240011,,,2.0,25.4854,272.68744417125345,65.32400111558454,212.0,
stamps/-649638383490990004_VIS_101.fits,0,-649638383490990004,,,2.0,26.3137,64.96383832737568,-49.09900045394444,213.0,
stamps/-591281701514610003_VIS_101.fits,0,-591281701514610003,,,2.0,25.5361,59.12817012324536,-51.46100032198071,214.0,
stamps/-612644769470770008_VIS_101.fits,0,-612644769470770008,,,2.0,24.0984,61.26447692248809,-47.07700082532507,215.0,
stamps/2667157654675380004_VIS_101.fits,0,2667157654675380004,,,6.0,25.0132,266.71576543584064,67.53800045662013,216.0,
stamps/-591749822492630001_VIS_101.fits,0,-591749822492630001,,,2.0,24.4255,59.17498221137019,-49.26300010811792,217.0,
stamps/2663461780640600000_VIS_101.fits,0,2663461780640600000,,,2.0,23.6075,266.34617809885003,64.06000001065853,218.0,
stamps/-532689185281180004_VIS_101.fits,0,-532689185281180004,,,2.0,24.2543,53.268918537694674,-28.1180004759415,219.0,
stamps/-604111243484990005_VIS_101.fits,0,-604111243484990005,,,2.0,24.8832,60.41112438557886,-48.49900050224164,220.0,
stamps/2723308583664070011_VIS_101.fits,0,2723308583664070011,,,2.0,25.4606,272.330858389145,66.40700117526609,221.0,
stamps/-656749315488480001_VIS_101.fits,0,-656749315488480001,,,2.0,25.3732,65.67493152712748,-48.84800015897128,222.0,
stamps/2698725647648500005_VIS_101.fits,0,2698725647648500005,,,2.0,25.6359,269.8725647998904,64.85000056638897,223.0,
stamps/2666146193670610005_VIS_101.fits,0,2666146193670610005,,,2.0,25.0048,266.61461931611984,67.06100050604704,224.0,
stamps/2702938378685610004_VIS_101.fits,0,2702938378685610004,,,2.0,22.9922,270.29383781162494,68.56100046112603,225.0,
stamps/-618181624487900008_VIS_101.fits,0,-618181624487900008,,,2.0,22.8469,61.81816248979848,-48.79000085992735,226.0,
stamps/2757583214658430001_VIS_101.fits,0,2757583214658430001,,,2.0,23.8773,275.7583214496651,65.84300013861666,227.0,
stamps/-539251930281910001_VIS_101.fits,0,-539251930281910001,,,2.0,24.3248,53.925193062536366,-28.19100013608005,228.0,
stamps/2693307838652270009_VIS_101.fits,0,2693307838652270009,,,2.0,25.6176,269.3307838578253,65.22700092237638,229.0,
stamps/-607287719510310001_VIS_101.fits,0,-607287719510310001,,,2.0,25.5876,60.72877191020521,-51.03100011204069,230.0,
stamps/-655626433462710004_VIS_101.fits,0,-655626433462710004,,,2.0,24.2036,65.5626433618199,-46.2710004268603,231.0,
stamps/-602498055510770003_VIS_101.fits,0,-602498055510770003,,,2.0,24.4555,60.24980559502741,-51.07700037273627,232.0,
stamps/2669437530670700002_VIS_101.fits,0,2669437530670700002,,,2.0,24.8784,266.94375304527216,67.07000027907829,233.0,
stamps/2684040604641480007_VIS_101.fits,0,2684040604641480007,,,2.0,24.9181,268.4040604412239,64.14800074147306,234.0,
stamps/2671284113660340008_VIS_101.fits,0,2671284113660340008,,,2.0,23.3469,267.1284113177835,66.03400089804485,235.0,
stamps/2709225776635240008_VIS_101.fits,0,2709225776635240008,,,2.0,22.0289,270.9225776260976,63.524000805624354,236.0,
stamps/-583073940478070000_VIS_101.fits,0,-583073940478070000,,,2.0,23.4593,58.307394029014695,-47.80700000696116,237.0,
stamps/2643178671668900001_VIS_101.fits,0,2643178671668900001,,,2.0,23.6398,264.3178671142764,66.89000019532462,238.0,
stamps/-646349714468260005_VIS_101.fits,0,-646349714468260005,,,2.0,24.6645,64.63497142324081,-46.82600056849664,239.0,
stamps/2753796380655840004_VIS_101.fits,0,2753796380655840004,,,2.0,24.6099,275.3796380077476,65.58400042118622,240.0,
stamps/-646393500457070008_VIS_101.fits,0,-646393500457070008,,,2.0,22.8833,64.63935003633618,-45.70700089731036,241.0,
stamps/-640623728465330009_VIS_101.fits,0,-640623728465330009,,,2.0,25.3422,64.06237289414645,-46.53300098070779,242.0,
stamps/2683964168636050001_VIS_101.fits,0,2683964168636050001,,,2.0,25.2957,268.3964168445043,63.60500016898001,243.0,
stamps/2736088261648820008_VIS_101.fits,0,2736088261648820008,,,2.0,23.4846,273.6088261406508,64.88200087196735,244.0,
stamps/-531284048295460007_VIS_101.fits,0,-531284048295460007,,,2.0,25.5767,53.12840483310673,-29.546000776245776,245.0,
stamps/2664925166667950000_VIS_101.fits,0,2664925166667950000,,,2.0,25.5321,266.4925166944736,66.79500004111527,246.0,
stamps/2683354194665010002_VIS_101.fits,0,2683354194665010002,,,2.0,24.7066,268.33541945634875,66.50100029795426,247.0,
stamps/-634870786466640000_VIS_101.fits,0,-634870786466640000,,,2.0,22.8532,63.48707862247108,-46.66400006634173,248.0,
stamps/2702087580645120001_VIS_101.fits,0,2702087580645120001,,,2.0,23.904,270.2087580409837,64.51200018332398,249.0,
stamps/-516415497268230011_VIS_101.fits,0,-516415497268230011,,,2.0,25.6493,51.64154977574351,-26.82300119351449,250.0,
stamps/-579180960511460009_VIS_101.fits,0,-579180960511460009,,,2.0,24.4595,57.91809605298521,-51.14600096156942,251.0,
stamps/-660298630481980006_VIS_101.fits,0,-660298630481980006,,,2.0,25.7846,66.02986308789171,-48.19800061199192,252.0,
stamps/-611627566506630007_VIS_101.fits,0,-611627566506630007,,,2.0,24.2269,61.16275667262448,-50.663000773240086,253.0,
stamps/-600192588508310002_VIS_101.fits,0,-600192588508310002,,,2.0,25.0928,60.01925882853613,-50.8310002561012,254.0,
stamps/2694660068662840007_VIS_101.fits,0,2694660068662840007,,,2.0,24.1698,269.4660068355048,66.28400070669448,255.0,
stamps/-589173548484880011_VIS_101.fits,0,-589173548484880011,,,2.0,24.7452,58.91735484762855,-48.48800119797304,256.0,
stamps/2678192201635690006_VIS_101.fits,0,2678192201635690006,,,2.0,25.1182,267.8192201822948,63.56900066332469,257.0,
stamps/-601500079498980009_VIS_101.fits,0,-601500079498980009,,,2.0,25.6647,60.15000799209798,-49.898000950270514,258.0,
stamps/-636779888474210000_VIS_101.fits,0,-636779888474210000,,,2.0,24.8041,63.67798889940592,-47.42100003755042,259.0,
stamps/2711321752657910009_VIS_101.fits,0,2711321752657910009,,,2.0,23.5321,271.13217526568064,65.79100092277116,260.0,
stamps/-575000046508930000_VIS_101.fits,0,-575000046508930000,,,2.0,24.505,57.500004678711605,-50.8930000990173,261.0,
stamps/2681247394651640008_VIS_101.fits,0,2681247394651640008,,,2.0,26.0422,268.12473949526026,65.16400089240426,262.0,
stamps/-547878918284820004_VIS_101.fits,0,-547878918284820004,,,2.0,25.4381,54.787891862402354,-28.48200047807933,263.0,
stamps/2660141031661060003_VIS_101.fits,0,2660141031661060003,,,2.0,26.3044,266.0141031726756,66.10600033110151,264.0,
stamps/-647548034479720001_VIS_101.fits,0,-647548034479720001,,,2.0,23.2915,64.75480348833439,-47.972000176065634,265.0,
stamps/-619474935461850002_VIS_101.fits,0,-619474935461850002,,,2.0,23.7061,61.94749358348266,-46.18500021219995,266.0,
stamps/2690806058676720011_VIS_101.fits,0,2690806058676720011,,,2.0,21.5734,269.08060580795603,67.6720011695609,267.0,
stamps/2674503980635180011_VIS_101.fits,0,2674503980635180011,,,2.0,25.4697,267.4503980418141,63.51800114745455,268.0,
stamps/2679427068642760007_VIS_101.fits,0,2679427068642760007,,,2.0,24.0174,267.9427068679337,64.27600074363082,269.0,
stamps/-618586181469480003_VIS_101.fits,0,-618586181469480003,,,2.0,24.1165,61.85861811615576,-46.94800035785865,270.0,
stamps/2717675270653070002_VIS_101.fits,0,2717675270653070002,,,2.0,24.9518,271.7675270889094,65.3070002706983,271.0,
stamps/2657864850650130004_VIS_101.fits,0,2657864850650130004,,,2.0,25.6748,265.7864850760516,65.01300047531926,272.0,
stamps/-512313964282670006_VIS_101.fits,0,-512313964282670006,,,1.0,22.9446,51.23139644656619,-28.267000655952348,273.0,
stamps/-660819238469860010_VIS_101.fits,0,-660819238469860010,,,2.0,24.8311,66.08192385299166,-46.98600103132957,274.0,
stamps/2666044584648580001_VIS_101.fits,0,2666044584648580001,,,2.0,26.2298,266.60445849230064,64.8580001500985,275.0,
stamps/2759089040659740001_VIS_101.fits,0,2759089040659740001,,,3.0,23.0534,275.90890406499346,65.9740001381499,276.0,
stamps/2672039582651280005_VIS_101.fits,0,2672039582651280005,,,2.0,25.4472,267.20395826835465,65.12800055198065,277.0,
stamps/-615170122484290001_VIS_101.fits,0,-615170122484290001,,,2.0,24.1926,61.51701227039322,-48.429000146410985,278.0,
stamps/-656730633473100008_VIS_101.fits,0,-656730633473100008,,,2.0,24.2265,65.67306332255615,-47.31000083731687,279.0,
stamps/2719860206677680004_VIS_101.fits,0,2719860206677680004,,,2.0,26.2396,271.9860206598136,67.76800049618284,280.0,
stamps/2656025340649110006_VIS_101.fits,0,2656025340649110006,,,6.0,25.0563,265.60253401950973,64.91100062599881,281.0,
stamps/-510371029278790000_VIS_101.fits,0,-510371029278790000,,,2.0,26.0825,51.03710295777569,-27.879000001778536,282.0,
stamps/-516064586296910011_VIS_101.fits,0,-516064586296910011,,,2.0,25.5942,51.60645868978598,-29.691001170074443,283.0,
stamps/2654020270664660010_VIS_101.fits,0,2654020270664660010,,,2.0,26.0425,265.4020270089317,66.4660010231287,284.0,
stamps/-530109054297650004_VIS_101.fits,0,-530109054297650004,,,2.0,23.2773,53.01090544316221,-29.765000423676742,285.0,
stamps/2720532124653900004_VIS_101.fits,0,2720532124653900004,,,2.0,24.6116,272.05321247231035,65.39000044509524,286.0,
stamps/2653913748646980008_VIS_101.fits,0,2653913748646980008,,,2.0,24.3238,265.3913748845254,64.69800087935224,287.0,
stamps/-555409499489110002_VIS_101.fits,0,-555409499489110002,,,2.0,25.1143,55.54094992916126,-48.91100022650947,288.0,
stamps/2703575404682310005_VIS_101.fits,0,2703575404682310005,,,2.0,25.1822,270.3575404098451,68.23100051523225,289.0,
stamps/2693358723635860005_VIS_101.fits,0,2693358723635860005,,,3.0,22.0111,269.33587231385485,63.58600051103151,290.0,
stamps/-611960453464910003_VIS_101.fits,0,-611960453464910003,,,1.0,21.9273,61.19604539670841,-46.49100031720744,291.0,
stamps/2703228086681730004_VIS_101.fits,0,2703228086681730004,,,2.0,24.7844,270.3228086528286,68.17300044646876,292.0,
stamps/-655060486487320011_VIS_101.fits,0,-655060486487320011,,,2.0,26.239,65.50604864905712,-48.73200117003925,293.0,
stamps/2718199488638940003_VIS_101.fits,0,2718199488638940003,,,6.0,25.4602,271.81994883158706,63.89400032044806,294.0,
stamps/-590052215490720002_VIS_101.fits,0,-590052215490720002,,,2.0,25.3951,59.00522157247314,-49.07200026967123,295.0,
stamps/-642295772483770007_VIS_101.fits,0,-642295772483770007,,,2.0,25.4348,64.22957728557925,-48.37700070936836,296.0,
stamps/-620969369468130008_VIS_101.fits,0,-620969369468130008,,,2.0,22.4911,62.096936937680574,-46.81300081809802,297.0,
stamps/-544383158270710003_VIS_101.fits,0,-544383158270710003,,,2.0,24.2327,54.43831588596995,-27.07100039238307,298.0,
stamps/-544486611289580002_VIS_101.fits,0,-544486611289580002,,,2.0,25.925,54.44866116169633,-28.958000249099378,299.0,
stamps/2683281266641860011_VIS_101.fits,0,2683281266641860011,,,2.0,22.2466,268.32812668388794,64.18600118374148,300.0,
stamps/-578497978481360003_VIS_101.fits,0,-578497978481360003,,,2.0,24.7819,57.84979780030835,-48.13600035471697,301.0,
stamps/-541536828293350000_VIS_101.fits,0,-541536828293350000,,,2.0,25.0791,54.153682844899954,-29.33500002004996,302.0,
stamps/2681578926662420000_VIS_101.fits,0,2681578926662420000,,,2.0,26.6565,268.1578926163162,66.24200000007848,303.0,
stamps/-571775223495210001_VIS_101.fits,0,-571775223495210001,,,2.0,22.8963,57.17752230054403,-49.52100012308595,304.0,
stamps/-639276053477420006_VIS_101.fits,0,-639276053477420006,,,2.0,23.9985,63.92760533316682,-47.74200066133155,305.0,
stamps/2746104564679170009_VIS_101.fits,0,2746104564679170009,,,6.0,23.6762,274.61045642335694,67.91700092282973,306.0,
stamps/-574409212497260006_VIS_101.fits,0,-574409212497260006,,,2.0,25.5997,57.44092121333769,-49.726000647628986,307.0,
stamps/2668062347661900008_VIS_101.fits,0,2668062347661900008,,,2.0,25.1964,266.8062347286084,66.19000089909824,308.0,
stamps/-620371194476640004_VIS_101.fits,0,-620371194476640004,,,2.0,24.1149,62.03711944978672,-47.66400046313514,309.0,
stamps/2694935825639070001_VIS_101.fits,0,2694935825639070001,,,2.0,24.7063,269.49358256792635,63.90700010699078,310.0,
stamps/-580765518508330011_VIS_101.fits,0,-580765518508330011,,,2.0,26.1662,58.076551845327096,-50.83300110054913,311.0,
stamps/-621555429486070003_VIS_101.fits,0,-621555429486070003,,,2.0,26.0751,62.15554294053086,-48.60700030172573,312.0,
stamps/-637519845491070006_VIS_101.fits,0,-637519845491070006,,,2.0,24.7725,63.75198452855227,-49.10700069012909,313.0,
stamps/-600613381500700000_VIS_101.fits,0,-600613381500700000,,,2.0,25.4798,60.06133815079675,-50.07000008809589,314.0,
stamps/-590248405508330009_VIS_101.fits,0,-590248405508330009,,,2.0,25.0745,59.02484059488397,-50.83300098905788,315.0,
stamps/-571428213479160004_VIS_101.fits,0,-571428213479160004,,,2.0,23.6172,57.14282135058098,-47.91600041254925,316.0,
stamps/-509198370273710001_VIS_101.fits,0,-509198370273710001,,,2.0,25.8849,50.91983708470742,-27.371000145771188,317.0,
stamps/2714025857683940003_VIS_101.fits,0,2714025857683940003,,,2.0,25.3761,271.4025857950284,68.39400035573104,318.0,
stamps/-609524538469610006_VIS_101.fits,0,-609524538469610006,,,2.0,25.2501,60.95245381653146,-46.96100061539911,319.0,
stamps/2672512341668990008_VIS_101.fits,0,2672512341668990008,,,2.0,24.7135,267.2512341226714,66.89900083084156,320.0,
stamps/2663334815661210007_VIS_101.fits,0,2663334815661210007,,,2.0,25.9907,266.3334815896009,66.12100073190858,321.0,
stamps/-659504190473270009_VIS_101.fits,0,-659504190473270009,,,2.0,25.1054,65.95041901607462,-47.32700097656078,322.0,
stamps/-615032802490970009_VIS_101.fits,0,-615032802490970009,,,2.0,24.3441,61.50328022918629,-49.09700092485007,323.0,
stamps/2698809358666950002_VIS_101.fits,0,2698809358666950002,,,2.0,26.0081,269.880935865814,66.69500021941603,324.0,
stamps/2750916156652110003_VIS_101.fits,0,2750916156652110003,,,2.0,24.7418,275.0916156064118,65.21100034054159,325.0,
stamps/-556365484498010010_VIS_101.fits,0,-556365484498010010,,,2.0,25.6393,55.63654849125727,-49.8010010692853,326.0,
stamps/-548802110293210006_VIS_101.fits,0,-548802110293210006,,,2.0,25.1674,54.8802110025792,-29.32100063907593,327.0,
stamps/2667914263640860011_VIS_101.fits,0,2667914263640860011,,,2.0,23.7347,266.7914263109456,64.0860011410161,328.0,
stamps/2638787724662980000_VIS_101.fits,0,2638787724662980000,,,2.0,25.1208,263.87877241310827,66.29800003499304,329.0,
stamps/-617705066484450002_VIS_101.fits,0,-617705066484450002,,,2.0,23.5779,61.77050660797966,-48.4450002313402,330.0,
stamps/2702831167633890004_VIS_101.fits,0,2702831167633890004,,,2.0,25.5286,270.28311679928163,63.389000438300194,331.0,
stamps/-578783838506400007_VIS_101.fits,0,-578783838506400007,,,2.0,24.3197,57.87838383478549,-50.64000075128083,332.0,
stamps/2646880670654790006_VIS_101.fits,0,2646880670654790006,,,2.0,26.0447,264.68806702705234,65.47900068621405,333.0,
stamps/-527959829262370000_VIS_101.fits,0,-527959829262370000,,,2.0,25.9282,52.79598299477214,-26.23700007613869,334.0,
stamps/2669314891681100009_VIS_101.fits,0,2669314891681100009,,,1.0,19.4635,266.9314891206623,68.11000091588092,335.0,
stamps/-609963077461520003_VIS_101.fits,0,-609963077461520003,,,2.0,26.5414,60.996307770665375,-46.15200035461427,336.0,
stamps/-515241374278830005_VIS_101.fits,0,-515241374278830005,,,2.0,21.1707,51.52413747161008,-27.88300053078293,337.0,
stamps/-638433825481030007_VIS_101.fits,0,-638433825481030007,,,2.0,19.1003,63.84338253587101,-48.1030007632165,338.0,
stamps/-594554022488340000_VIS_101.fits,0,-594554022488340000,,,2.0,23.0878,59.45540223820043,-48.83400005948572,339.0,
stamps/-523195599270600004_VIS_101.fits,0,-523195599270600004,,,2.0,24.9922,52.31955996538606,-27.060000426489925,340.0,
stamps/2728963580645000007_VIS_101.fits,0,2728963580645000007,,,2.0,24.0617,272.8963580511792,64.50000078879337,341.0,
stamps/2666466408633360011_VIS_101.fits,0,2666466408633360011,,,2.0,24.9717,266.64664084325074,63.33600114839406,342.0,
stamps/-536441695296670000_VIS_101.fits,0,-536441695296670000,,,4.0,25.4641,53.6441695887419,-29.667000019913957,343.0,
stamps/-612839244474760009_VIS_101.fits,0,-612839244474760009,,,4.0,22.2821,61.28392442463636,-47.47600095813649,344.0,
stamps/2695556690640590010_VIS_101.fits,0,2695556690640590010,,,2.0,24.4223,269.55566904802134,64.05900109907782,345.0,
stamps/-597225041505370009_VIS_101.fits,0,-597225041505370009,,,2.0,25.4,59.72250414051613,-50.537000961190486,346.0,
stamps/-519622757282940006_VIS_101.fits,0,-519622757282940006,,,2.0,25.4311,51.96227576612301,-28.294000656604045,347.0,
stamps/-609842721491000004_VIS_101.fits,0,-609842721491000004,,,2.0,25.7982,60.98427212615081,-49.1000004331976,348.0,
stamps/2727468557656730000_VIS_101.fits,0,2727468557656730000,,,2.0,21.9803,272.7468557669551,65.67300003644168,349.0,
stamps/-523439869295780002_VIS_101.fits,0,-523439869295780002,,,2.0,25.9089,52.34398694728057,-29.578000296230503,350.0,
stamps/-628997785480410004_VIS_101.fits,0,-628997785480410004,,,2.0,24.5952,62.89977855157484,-48.04100048194323,351.0,
stamps/-603906754469650002_VIS_101.fits,0,-603906754469650002,,,2.0,24.4246,60.39067542216427,-46.96500027990236,352.0,
stamps/-594545011491610008_VIS_101.fits,0,-594545011491610008,,,1.0,20.8756,59.45450117968156,-49.16100080704249,353.0,
stamps/2689709743637230009_VIS_101.fits,0,2689709743637230009,,,2.0,24.5296,268.97097435144474,63.72300093638992,354.0,
stamps/-639330934470260009_VIS_101.fits,0,-639330934470260009,,,2.0,25.0847,63.933093402397056,-47.0260009080302,355.0,
stamps/2664447365640660009_VIS_101.fits,0,2664447365640660009,,,2.0,21.1651,266.4447365849498,64.06600098040606,356.0,
stamps/-609165054488760009_VIS_101.fits,0,-609165054488760009,,,2.0,23.5019,60.91650542550242,-48.87600092228809,357.0,
stamps/-647869191478630006_VIS_101.fits,0,-647869191478630006,,,2.0,27.1455,64.78691910026586,-47.86300069453439,358.0,
stamps/2647856645654040005_VIS_101.fits,0,2647856645654040005,,,2.0,26.0596,264.78566454470393,65.40400055186085,359.0,
stamps/-585046436475540011_VIS_101.fits,0,-585046436475540011,,,2.0,25.5695,58.50464369386439,-47.55400116454464,360.0,
stamps/-654089947469820005_VIS_101.fits,0,-654089947469820005,,,2.0,24.6747,65.40899473213102,-46.9820005155046,361.0,
stamps/-508543321270190004_VIS_101.fits,0,-508543321270190004,,,2.0,25.1139,50.85433214351,-27.019000409308216,362.0,
stamps/2685997290640220004_VIS_101.fits,0,2685997290640220004,,,2.0,23.3278,268.5997290188548,64.02200040395535,363.0,
stamps/-653518835476220004_VIS_101.fits,0,-653518835476220004,,,2.0,25.5992,65.3518835526011,-47.62200043836599,364.0,
stamps/-622149678458440011_VIS_101.fits,0,-622149678458440011,,,2.0,25.3493,62.214967852888215,-45.84400118012734,365.0,
stamps/2711732057654810001_VIS_101.fits,0,2711732057654810001,,,2.0,20.6304,271.1732057769365,65.48100019985435,366.0,
stamps/-631103942500190004_VIS_101.fits,0,-631103942500190004,,,1.0,20.3017,63.11039425017112,-50.01900047644988,367.0,
stamps/2639351356662790011_VIS_101.fits,0,2639351356662790011,,,2.0,24.3603,263.9351356663318,66.27900113429565,368.0,
stamps/2737358251646680010_VIS_101.fits,0,2737358251646680010,,,2.0,23.8443,273.7358251329656,64.6680010467065,369.0,
stamps/-601224230469300008_VIS_101.fits,0,-601224230469300008,,,2.0,22.3912,60.12242303610312,-46.93000083268226,370.0,
stamps/2658548106653010006_VIS_101.fits,0,2658548106653010006,,,2.0,24.0783,265.8548106802817,65.30100063910425,371.0,
stamps/-547121022280290005_VIS_101.fits,0,-547121022280290005,,,2.0,23.7903,54.71210226953264,-28.02900056936303,372.0,
stamps/-566742353491150004_VIS_101.fits,0,-566742353491150004,,,2.0,24.2885,56.674235344712514,-49.1150004843725,373.0,
stamps/2726950503671780003_VIS_101.fits,0,2726950503671780003,,,2.0,24.5795,272.6950503393444,67.1780003640782,374.0,
stamps/-622226547473290002_VIS_101.fits,0,-622226547473290002,,,2.0,26.0419,62.22265475951355,-47.32900021307951,375.0,
stamps/-622286569502960004_VIS_101.fits,0,-622286569502960004,,,2.0,25.0482,62.22865696213333,-50.29600041755542,376.0,
stamps/-629890552462590009_VIS_101.fits,0,-629890552462590009,,,2.0,25.5246,62.9890552303564,-46.25900090553338,377.0,
stamps/-576506794488590006_VIS_101.fits,0,-576506794488590006,,,2.0,25.1531,57.65067947363289,-48.85900063331866,378.0,
stamps/-515657943282280005_VIS_101.fits,0,-515657943282280005,,,2.0,25.8839,51.565794333518085,-28.22800050874468,379.0,
stamps/2696654792671170005_VIS_101.fits,0,2696654792671170005,,,2.0,24.2367,269.665479277874,67.1170005593789,380.0,
stamps/-589368769483520008_VIS_101.fits,0,-589368769483520008,,,2.0,22.9026,58.93687693558687,-48.35200088432572,381.0,
stamps/-573950351505950008_VIS_101.fits,0,-573950351505950008,,,2.0,26.8403,57.39503513462511,-50.595000895454845,382.0,
stamps/2759983617658500002_VIS_101.fits,0,2759983617658500002,,,2.0,25.5085,275.9983617585237,65.85000027467136,383.0,
stamps/-600856031465180006_VIS_101.fits,0,-600856031465180006,,,2.0,23.6237,60.08560315320383,-46.51800062862768,384.0,
stamps/-590871506507100001_VIS_101.fits,0,-590871506507100001,,,2.0,25.9418,59.08715061036323,-50.71000010729887,385.0,
stamps/2733038071680670004_VIS_101.fits,0,2733038071680670004,,,2.0,24.9267,273.3038071959521,68.06700045470865,386.0,
stamps/2695301387681330000_VIS_101.fits,0,2695301387681330000,,,2.0,25.693,269.5301387269008,68.13300001487224,387.0,
stamps/2689171570653110000_VIS_101.fits,0,2689171570653110000,,,2.0,25.2319,268.9171570701206,65.31100003727327,388.0,
stamps/-635503219498290009_VIS_101.fits,0,-635503219498290009,,,2.0,25.528,63.55032195800856,-49.82900097326519,389.0,
stamps/-522739520278020001_VIS_101.fits,0,-522739520278020001,,,2.0,22.7165,52.27395206768876,-27.80200017031059,390.0,
stamps/2663609043637720009_VIS_101.fits,0,2663609043637720009,,,2.0,23.1929,266.36090436741773,63.77200094656831,391.0,
stamps/-529917494293500002_VIS_101.fits,0,-529917494293500002,,,2.0,26.2299,52.991749437210174,-29.350000234747988,392.0,
stamps/-624518452491970003_VIS_101.fits,0,-624518452491970003,,,2.0,26.0195,62.45184521836772,-49.19700038509677,393.0,
stamps/-609317878506430000_VIS_101.fits,0,-609317878506430000,,,2.0,22.5001,60.93178782483042,-50.64300002048002,394.0,
stamps/2661748088642920000_VIS_101.fits,0,2661748088642920000,,,2.0,24.9548,266.17480888245785,64.29200001582801,395.0,
stamps/2705397095657830000_VIS_101.fits,0,2705397095657830000,,,2.0,25.1193,270.5397095339366,65.78300008642493,396.0,
stamps/2696921850662630008_VIS_101.fits,0,2696921850662630008,,,6.0,24.5478,269.69218507815754,66.26300083241722,397.0,
stamps/-643907395490100004_VIS_101.fits,0,-643907395490100004,,,2.0,25.3025,64.3907395815691,-49.01000044443586,398.0,
stamps/2705063757662000004_VIS_101.fits,0,2705063757662000004,,,3.0,22.8389,270.5063757426033,66.20000041239314,399.0,
stamps/2654927650667880000_VIS_101.fits,0,2654927650667880000,,,2.0,23.6291,265.4927650415141,66.78800002205995,400.0,
stamps/-624534978483120006_VIS_101.fits,0,-624534978483120006,,,1.0,20.7472,62.45349787910955,-48.31200060085005,401.0,
stamps/2712694266638840006_VIS_101.fits,0,2712694266638840006,,,2.0,24.6936,271.2694266706484,63.88400066845224,402.0,
stamps/2691571858685680007_VIS_101.fits,0,2691571858685680007,,,2.0,24.7015,269.15718588067875,68.56800077942324,403.0,
stamps/-646807874490070008_VIS_101.fits,0,-646807874490070008,,,2.0,23.2382,64.68078741463974,-49.007000864440194,404.0,
stamps/-570514181503600011_VIS_101.fits,0,-570514181503600011,,,2.0,24.857,57.05141819887413,-50.360001114905046,405.0,
stamps/2715503587661700006_VIS_101.fits,0,2715503587661700006,,,2.0,26.0751,271.5503587586521,66.1700006360396,406.0,
stamps/2704593482658900010_VIS_101.fits,0,2704593482658900010,,,3.0,26.7887,270.4593482114564,65.8900010355716,407.0,
stamps/-588350139483550009_VIS_101.fits,0,-588350139483550009,,,2.0,24.9472,58.83501395926723,-48.35500091434962,408.0,
stamps/-567026178488790002_VIS_101.fits,0,-567026178488790002,,,2.0,24.9029,56.70261786895407,-48.87900025744861,409.0,
stamps/-536543816261430003_VIS_101.fits,0,-536543816261430003,,,2.0,25.0206,53.65438160514811,-26.143000322166458,410.0,
stamps/2646542499653600004_VIS_101.fits,0,2646542499653600004,,,2.0,25.1572,264.65424999813945,65.36000047102712,411.0,
stamps/-627024975491850001_VIS_101.fits,0,-627024975491850001,,,2.0,21.0369,62.7024975042053,-49.18500015178248,412.0,
stamps/2625899529655260004_VIS_101.fits,0,2625899529655260004,,,2.0,24.4413,262.5899529236885,65.526000472075,413.0,
stamps/-509628664271040000_VIS_101.fits,0,-509628664271040000,,,2.0,23.2758,50.9628664745769,-27.10400003541639,414.0,
stamps/2732094176641080002_VIS_101.fits,0,2732094176641080002,,,2.0,25.1654,273.2094176186902,64.10800028949652,415.0,
stamps/-527483777294450011_VIS_101.fits,0,-527483777294450011,,,2.0,25.778,52.74837774037813,-29.44500111181308,416.0,
stamps/-567202677497840010_VIS_101.fits,0,-567202677497840010,,,2.0,22.4335,56.72026772612432,-49.78400100369628,417.0,
stamps/-624648072477860003_VIS_101.fits,0,-624648072477860003,,,2.0,24.2046,62.46480727778762,-47.78600032191851,418.0,
stamps/-593723539500020006_VIS_101.fits,0,-593723539500020006,,,2.0,24.3647,59.37235397613676,-50.00200067568921,419.0,
stamps/-618780431474170007_VIS_101.fits,0,-618780431474170007,,,2.0,24.1909,61.878043169306686,-47.41700078581604,420.0,
stamps/2675131522645030011_VIS_101.fits,0,2675131522645030011,,,2.0,25.4968,267.5131522901638,64.5030011724776,421.0,
stamps/2674744969683680001_VIS_101.fits,0,2674744969683680001,,,2.0,23.6635,267.47449699058245,68.36800014313707,422.0,
stamps/-588477547478530004_VIS_101.fits,0,-588477547478530004,,,2.0,24.3755,58.84775476784242,-47.85300046488306,423.0,
stamps/2678380432654930003_VIS_101.fits,0,2678380432654930003,,,2.0,,267.8380432525963,65.49300038937999,424.0,
stamps/2714523168641760011_VIS_101.fits,0,2714523168641760011,,,2.0,25.4007,271.4523168898649,64.17600114873126,425.0,
stamps/-535240629272470009_VIS_101.fits,0,-535240629272470009,,,2.0,26.0759,53.52406293783599,-27.24700093092977,426.0,
stamps/-564496036492640007_VIS_101.fits,0,-564496036492640007,,,2.0,23.5616,56.44960366785155,-49.26400075355266,427.0,
stamps/-655129693490280006_VIS_101.fits,0,-655129693490280006,,,2.0,25.6301,65.51296935989254,-49.02800067458616,428.0,
stamps/-525493863282730007_VIS_101.fits,0,-525493863282730007,,,2.0,24.0717,52.54938633319005,-28.27300074556331,429.0,
stamps/-565543929493840005_VIS_101.fits,0,-565543929493840005,,,2.0,25.9734,56.55439296170277,-49.38400051875798,430.0,
stamps/-534828822269910005_VIS_101.fits,0,-534828822269910005,,,2.0,24.8575,53.4828822882666,-26.99100052199718,431.0,
stamps/2707247846663040003_VIS_101.fits,0,2707247846663040003,,,2.0,25.879,270.7247846057234,66.30400030585545,432.0,
stamps/-522713504282620002_VIS_101.fits,0,-522713504282620002,,,2.0,23.2434,52.27135041259088,-28.262000273667923,433.0,
stamps/-627757152501280005_VIS_101.fits,0,-627757152501280005,,,2.0,24.6813,62.775715229231096,-50.12800058331995,434.0,
stamps/-654236355460930010_VIS_101.fits,0,-654236355460930010,,,2.0,18.068,65.42363557081707,-46.09300105701942,435.0,
stamps/-599079530474350011_VIS_101.fits,0,-599079530474350011,,,2.0,25.4628,59.907953078378505,-47.43500111219099,436.0,
stamps/2740541859645420001_VIS_101.fits,0,2740541859645420001,,,2.0,24.8284,274.05418596187246,64.54200017668079,437.0,
stamps/2718235917645070000_VIS_101.fits,0,2718235917645070000,,,2.0,25.2936,271.8235917426959,64.50700009980406,438.0,
stamps/-560163289493670003_VIS_101.fits,0,-560163289493670003,,,2.0,24.7321,56.0163289812919,-49.36700030314221,439.0,
stamps/2707565484636900005_VIS_101.fits,0,2707565484636900005,,,1.0,19.5471,270.75654841758984,63.69000055529048,440.0,
stamps/-516490052264850008_VIS_101.fits,0,-516490052264850008,,,4.0,22.5827,51.64900520605696,-26.4850008937885,441.0,
stamps/2733084402656730003_VIS_101.fits,0,2733084402656730003,,,2.0,26.333,273.3084402359643,65.67300033598491,442.0,
stamps/-623175150498190004_VIS_101.fits,0,-623175150498190004,,,2.0,24.8175,62.31751505570776,-49.81900044585299,443.0,
stamps/-586020993484170004_VIS_101.fits,0,-586020993484170004,,,2.0,25.5098,58.602099335743965,-48.41700048989288,444.0,
stamps/-572753149496870001_VIS_101.fits,0,-572753149496870001,,,4.0,24.3105,57.27531495703677,-49.68700014327217,445.0,
stamps/2737011282683650007_VIS_101.fits,0,2737011282683650007,,,2.0,21.1218,273.7011282674659,68.36500079209739,446.0,
stamps/2690291304656490001_VIS_101.fits,0,2690291304656490001,,,2.0,26.0259,269.0291304166579,65.64900018642253,447.0,
stamps/-508073757268000001_VIS_101.fits,0,-508073757268000001,,,2.0,24.7741,50.80737570671068,-26.80000017587624,448.0,
stamps/-519263146290120006_VIS_101.fits,0,-519263146290120006,,,2.0,24.871,51.92631462311435,-29.01200062668884,449.0,
stamps/-521356408269160004_VIS_101.fits,0,-521356408269160004,,,2.0,24.716,52.135640856080826,-26.9160004871944,450.0,
stamps/2665929666648570001_VIS_101.fits,0,2665929666648570001,,,2.0,25.6742,266.5929666452768,64.85700012806053,451.0,
stamps/-650740007474700005_VIS_101.fits,0,-650740007474700005,,,1.0,25.6588,65.07400076036005,-47.47000051799176,452.0,
stamps/-586378014500370003_VIS_101.fits,0,-586378014500370003,,,2.0,25.7794,58.637801492427485,-50.03700030665034,453.0,
stamps/-529520094292480006_VIS_101.fits,0,-529520094292480006,,,2.0,23.363,52.952009496260736,-29.248000634862827,454.0,
stamps/-521455018300040001_VIS_101.fits,0,-521455018300040001,,,4.0,23.7544,52.14550189494111,-30.004000130683345,455.0,
stamps/-637143446497050006_VIS_101.fits,0,-637143446497050006,,,2.0,26.2678,63.71434466369524,-49.70500061510481,456.0,
stamps/-637873727495320008_VIS_101.fits,0,-637873727495320008,,,2.0,25.2943,63.787372742276126,-49.53200086208654,457.0,
stamps/-646039774466090005_VIS_101.fits,0,-646039774466090005,,,2.0,26.0099,64.60397746383819,-46.6090005365168,458.0,
stamps/2726887134659680005_VIS_101.fits,0,2726887134659680005,,,2.0,23.9031,272.6887134256077,65.96800053749661,459.0,
stamps/-571982605501280006_VIS_101.fits,0,-571982605501280006,,,1.0,21.1016,57.19826058656346,-50.12800063443306,460.0,
stamps/2667996260667480001_VIS_101.fits,0,2667996260667480001,,,2.0,23.6143,266.7996260908136,66.74800017989382,461.0,
stamps/-543629163282780006_VIS_101.fits,0,-543629163282780006,,,2.0,22.4635,54.36291636121808,-28.278000652298537,462.0,
stamps/2718836714647860004_VIS_101.fits,0,2718836714647860004,,,2.0,25.8828,271.8836714426204,64.7860004596998,463.0,
stamps/2752313193650510008_VIS_101.fits,0,2752313193650510008,,,2.0,24.3758,275.2313193692838,65.05100089542417,465.0,
stamps/-511164922284260008_VIS_101.fits,0,-511164922284260008,,,2.0,25.2859,51.11649225765943,-28.426000824726795,466.0,
stamps/2675719904680460004_VIS_101.fits,0,2675719904680460004,,,2.0,25.523,267.5719904751153,68.0460004564902,467.0,
stamps/2683641461677340011_VIS_101.fits,0,2683641461677340011,,,2.0,25.5079,268.36414618959293,67.7340011137332,468.0,
stamps/-638653761486900007_VIS_101.fits,0,-638653761486900007,,,2.0,24.4153,63.86537619880948,-48.6900007094402,469.0,
stamps/2723771384670870004_VIS_101.fits,0,2723771384670870004,,,2.0,24.6674,272.3771384297365,67.08700043116765,470.0,
stamps/-551027338293930001_VIS_101.fits,0,-551027338293930001,,,2.0,25.9151,55.10273383290536,-29.39300014672139,471.0,
stamps/-577172466486250004_VIS_101.fits,0,-577172466486250004,,,2.0,24.9739,57.717246671968304,-48.62500046524602,472.0,
stamps/2722336212661480007_VIS_101.fits,0,2722336212661480007,,,2.0,26.427,272.23362121974094,66.14800070987945,473.0,
stamps/2728786686662930000_VIS_101.fits,0,2728786686662930000,,,2.0,24.2561,272.87866862049754,66.29300009889049,474.0,
stamps/-649252744489790010_VIS_101.fits,0,-649252744489790010,,,4.0,23.169,64.92527445987089,-48.97900105320561,475.0,
stamps/2661313874664940000_VIS_101.fits,0,2661313874664940000,,,4.0,23.2898,266.13138746343583,66.4940000508013,476.0,
stamps/2690885692679370002_VIS_101.fits,0,2690885692679370002,,,2.0,25.9061,269.0885692957499,67.9370002724027,477.0,
stamps/-649905926479140003_VIS_101.fits,0,-649905926479140003,,,2.0,25.7582,64.9905926941275,-47.91400034049946,478.0,
stamps/-665025494470730010_VIS_101.fits,0,-665025494470730010,,,2.0,20.1761,66.5025494746052,-47.0730010392251,479.0,
stamps/2722513593639480010_VIS_101.fits,0,2722513593639480010,,,2.0,26.0156,272.2513593012369,63.94800109534939,480.0,
stamps/-647281554493350011_VIS_101.fits,0,-647281554493350011,,,2.0,22.9303,64.72815542162672,-49.33500117592297,481.0,
stamps/-596456596470310002_VIS_101.fits,0,-596456596470310002,,,2.0,24.5293,59.6456596360167,-47.031000233096215,482.0,
stamps/-642548230480240008_VIS_101.fits,0,-642548230480240008,,,2.0,22.2751,64.25482301406856,-48.02400080520271,483.0,
stamps/-569358753495520009_VIS_101.fits,0,-569358753495520009,,,2.0,24.8565,56.93587531855437,-49.5520009340432,484.0,
stamps/-572714585506920003_VIS_101.fits,0,-572714585506920003,,,2.0,24.34,57.27145855099277,-50.69200032265398,485.0,
stamps/-511602541266740005_VIS_101.fits,0,-511602541266740005,,,2.0,24.3248,51.160254101370576,-26.674000507600685,486.0,
stamps/2690755789665390010_VIS_101.fits,0,2690755789665390010,,,2.0,26.2465,269.0755789994066,66.53900107079734,487.0,
stamps/-621497607461500002_VIS_101.fits,0,-621497607461500002,,,2.0,26.0987,62.14976076135254,-46.15000024407494,488.0,
stamps/-511715999278020000_VIS_101.fits,0,-511715999278020000,,,1.0,25.1138,51.17159996882273,-27.802000040528583,489.0,
stamps/-536621492266860008_VIS_101.fits,0,-536621492266860008,,,2.0,24.629,53.662149251031366,-26.68600088315267,490.0,
stamps/-548798690289330010_VIS_101.fits,0,-548798690289330010,,,2.0,22.5272,54.87986909079552,-28.933001061162223,491.0,
stamps/2705479483634260005_VIS_101.fits,0,2705479483634260005,,,2.0,23.9717,270.54794831843606,63.42600055283499,492.0,
stamps/-573170301496610003_VIS_101.fits,0,-573170301496610003,,,2.0,25.18,57.3170301502708,-49.66100038408533,493.0,
stamps/2663601380635880007_VIS_101.fits,0,2663601380635880007,,,2.0,24.5648,266.36013801336605,63.58800075344225,494.0,
stamps/-570185928493070002_VIS_101.fits,0,-570185928493070002,,,2.0,26.0766,57.01859280670579,-49.30700021998377,495.0,
stamps/2673834271671890003_VIS_101.fits,0,2673834271671890003,,,2.0,23.4708,267.3834271222573,67.18900033134797,496.0,
stamps/2733112158645910011_VIS_101.fits,0,2733112158645910011,,,2.0,24.5615,273.31121586428867,64.59100116446139,497.0,
stamps/-632594836487620007_VIS_101.fits,0,-632594836487620007,,,2.0,25.6321,63.25948361585154,-48.762000700373065,498.0,
stamps/2645946851666610004_VIS_101.fits,0,2645946851666610004,,,2.0,22.9347,264.5946851368026,66.66100048709733,499.0,
stamps/-574472462511650007_VIS_101.fits,0,-574472462511650007,,,2.0,23.5689,57.447246224654926,-51.16500076090454,500.0,
stamps/-622498193463400000_VIS_101.fits,0,-622498193463400000,,,2.0,25.0015,62.24981935540104,-46.34000007924768,501.0,
stamps/-592208034472030005_VIS_101.fits,0,-592208034472030005,,,2.0,25.8255,59.22080345952663,-47.203000588008415,502.0,
stamps/-640767351468330011_VIS_101.fits,0,-640767351468330011,,,2.0,24.4218,64.0767351673302,-46.83300116070291,503.0,
stamps/-646846661485200005_VIS_101.fits,0,-646846661485200005,,,2.0,26.0757,64.68466618970581,-48.52000053032736,504.0,
stamps/-544078499278650004_VIS_101.fits,0,-544078499278650004,,,2.0,26.4165,54.407849947103664,-27.86500045076358,505.0,
stamps/2723465376657830011_VIS_101.fits,0,2723465376657830011,,,2.0,23.628,272.34653765900896,65.78300110305263,506.0,
stamps/2641425283666750009_VIS_101.fits,0,2641425283666750009,,,2.0,23.815,264.1425283112418,66.67500097251106,507.0,
stamps/2653767590644540010_VIS_101.fits,0,2653767590644540010,,,2.0,22.1036,265.376759052224,64.45400109891823,508.0,
stamps/-545858235275720000_VIS_101.fits,0,-545858235275720000,,,2.0,24.6442,54.585823514065794,-27.572000003640117,509.0,
stamps/-636394987493820000_VIS_101.fits,0,-636394987493820000,,,2.0,25.7527,63.63949872230085,-49.38200003023794,510.0,
stamps/-607343896488150000_VIS_101.fits,0,-607343896488150000,,,2.0,23.9713,60.73438963676092,-48.81500006702505,511.0,
stamps/-558203403488150001_VIS_101.fits,0,-558203403488150001,,,2.0,25.1884,55.82034036507927,-48.815000109874354,512.0,
stamps/2726844012675250008_VIS_101.fits,0,2726844012675250008,,,3.0,23.943,272.68440129856765,67.52500086231578,513.0,
stamps/-613998609481760004_VIS_101.fits,0,-613998609481760004,,,2.0,25.712,61.3998609518682,-48.17600049739507,514.0,
