stamp_file,label,object_id,lens_id,grade,phz_label,vis_magnitude,right_ascension,declination,selection_rank,matched_lens_id
stamps/102018665_NEG570040238507752998_VIS_101.fits,1,-570040238507752998,102018665_NEG570040238507752998,A,2.0,22.2986,57.00402384909541,-50.77529982012066,,
stamps/102018665_NEG575758716509311713_VIS_101.fits,1,-575758716509311713,102018665_NEG575758716509311713,B,2.0,21.7147,57.57587163373043,-50.93117135678407,,
stamps/102018665_NEG576731213511114485_VIS_101.fits,1,-576731213511114485,102018665_NEG576731213511114485,B,2.0,20.7632,57.673121347036805,-51.11144854158032,,
stamps/102018666_NEG579859279508531437_VIS_101.fits,1,-579859279508531437,102018666_NEG579859279508531437,A,2.0,19.9484,57.9859279150053,-50.8531437640506,,
stamps/102018667_NEG587746535508057234_VIS_101.fits,1,-587746535508057234,102018667_NEG587746535508057234,A,2.0,21.1501,58.77465354947828,-50.80572343047943,,
stamps/102018668_NEG595646727509469177_VIS_101.fits,1,-595646727509469177,102018668_NEG595646727509469177,A,2.0,20.5755,59.56467277951752,-50.94691775377698,,
stamps/102019123_NEG564667438505382529_VIS_101.fits,1,-564667438505382529,102019123_NEG564667438505382529,A,2.0,19.0213,56.46674380313999,-50.538252942693255,,
stamps/102019123_NEG567245233502945885_VIS_101.fits,1,-567245233502945885,102019123_NEG567245233502945885,A,2.0,20.2164,56.724523328272205,-50.294588554343285,,
stamps/102019124_NEG572893989502570421_VIS_101.fits,1,-572893989502570421,102019124_NEG572893989502570421,B,2.0,21.325,57.28939899045425,-50.25704215991417,,
stamps/102019125_NEG583028233504223644_VIS_101.fits,1,-583028233504223644,102019125_NEG583028233504223644,A,2.0,18.9616,58.30282338830154,-50.422364440621735,,
stamps/102019125_NEG586359480506090347_VIS_101.fits,1,-586359480506090347,102019125_NEG586359480506090347,B,2.0,20.3392,58.635948080698455,-50.6090347691809,,
stamps/102019126_NEG589597149505340169_VIS_101.fits,1,-589597149505340169,102019126_NEG589597149505340169,B,2.0,21.192,58.95971490317726,-50.534016951929694,,
stamps/102019126_NEG589666030505609975_VIS_101.fits,1,-589666030505609975,102019126_NEG589666030505609975,B,2.0,19.3813,58.96660305543228,-50.56099752385071,,
stamps/102019127_NEG596525941504553950_VIS_101.fits,1,-596525941504553950,102019127_NEG596525941504553950,B,2.0,21.7202,59.65259418635493,-50.45539508343109,,
stamps/102019127_NEG598523367504401932_VIS_101.fits,1,-598523367504401932,102019127_NEG598523367504401932,A,2.0,20.4843,59.85233674701816,-50.44019327178667,,
stamps/102019127_NEG600585702506652323_VIS_101.fits,1,-600585702506652323,102019127_NEG600585702506652323,B,2.0,21.3842,60.05857024580175,-50.665232340817234,,
stamps/102019128_NEG607555025503027911_VIS_101.fits,1,-607555025503027911,102019128_NEG607555025503027911,A,2.0,19.9139,60.75550251121874,-50.30279115677251,,
stamps/102019128_NEG608928997504779012_VIS_101.fits,1,-608928997504779012,102019128_NEG608928997504779012,A,2.0,19.3978,60.892899780474096,-50.47790122954819,,
stamps/102019128_NEG609723701504645522_VIS_101.fits,1,-609723701504645522,102019128_NEG609723701504645522,B,2.0,20.7213,60.97237010457565,-50.46455227797104,,
stamps/102019129_NEG617672661504204895_VIS_101.fits,1,-617672661504204895,102019129_NEG617672661504204895,B,2.0,20.8223,61.767266142832256,-50.42048955522782,,
stamps/102019131_NEG626148898503257561_VIS_101.fits,1,-626148898503257561,102019131_NEG626148898503257561,B,2.0,19.3708,62.61488980991852,-50.32575613428242,,
stamps/102019586_NEG564463213499964061_VIS_101.fits,1,-564463213499964061,102019586_NEG564463213499964061,A,2.0,19.8974,56.446321381015146,-49.99640612068045,,
stamps/102019587_NEG569380954497924981_VIS_101.fits,1,-569380954497924981,102019587_NEG569380954497924981,B,2.0,20.0853,56.93809545828947,-49.79249811828738,,
stamps/102019588_NEG576940500501085311_VIS_101.fits,1,-576940500501085311,102019588_NEG576940500501085311,B,2.0,22.2491,57.69405005356776,-50.108531146574514,,
stamps/102019588_NEG579781735502176069_VIS_101.fits,1,-579781735502176069,102019588_NEG579781735502176069,A,2.0,22.4739,57.9781735251624,-50.21760698874812,,
stamps/102019588_NEG581189290502362418_VIS_101.fits,1,-581189290502362418,102019588_NEG581189290502362418,A,2.0,22.4639,58.11892905861379,-50.23624183385024,,
stamps/102019590_NEG590843564499562054_VIS_101.fits,1,-590843564499562054,102019590_NEG590843564499562054,B,2.0,19.1468,59.08435649176262,-49.956205403697886,,
stamps/102019591_NEG601417531499600002_VIS_101.fits,1,-601417531499600002,102019591_NEG601417531499600002,B,2.0,19.9693,60.14175313788287,-49.96000027775544,,
stamps/102019592_NEG606434619500983922_VIS_101.fits,1,-606434619500983922,102019592_NEG606434619500983922,A,2.0,21.6748,60.64346193262833,-50.09839222917177,,
stamps/102019593_NEG612269334502356628_VIS_101.fits,1,-612269334502356628,102019593_NEG612269334502356628,B,2.0,18.9824,61.2269334375336,-50.23566282725229,,
stamps/102019595_NEG630246532498667881_VIS_101.fits,1,-630246532498667881,102019595_NEG630246532498667881,A,2.0,22.3422,63.02465323974107,-49.8667881732315,,
stamps/102019596_NEG637748088500119037_VIS_101.fits,1,-637748088500119037,102019596_NEG637748088500119037,B,2.0,19.1057,63.77480885130131,-50.01190374108312,,
stamps/102020054_NEG554364696495554940_VIS_101.fits,1,-554364696495554940,102020054_NEG554364696495554940,B,2.0,21.6055,55.43646960793195,-49.55549405557734,,
stamps/102020054_NEG556215936492901652_VIS_101.fits,1,-556215936492901652,102020054_NEG556215936492901652,B,2.0,20.6226,55.62159369817304,-49.290165222546975,,
stamps/102020055_NEG563894315496088157_VIS_101.fits,1,-563894315496088157,102020055_NEG563894315496088157,A,2.0,22.3475,56.38943151491934,-49.60881575787721,,
stamps/102020055_NEG564676209494509344_VIS_101.fits,1,-564676209494509344,102020055_NEG564676209494509344,A,2.0,19.1927,56.46762095259402,-49.45093443791871,,
stamps/102020056_NEG568919155497446978_VIS_101.fits,1,-568919155497446978,102020056_NEG568919155497446978,A,2.0,20.6463,56.89191554837005,-49.74469783990281,,
stamps/102020056_NEG569381219495998178_VIS_101.fits,1,-569381219495998178,102020056_NEG569381219495998178,A,2.0,20.6103,56.93812190358718,-49.599817875364536,,
stamps/102020056_NEG570002701495855213_VIS_101.fits,1,-570002701495855213,102020056_NEG570002701495855213,B,2.0,21.5921,57.00027019393232,-49.58552134143774,,
stamps/102020056_NEG571928631495947554_VIS_101.fits,1,-571928631495947554,102020056_NEG571928631495947554,B,2.0,20.0603,57.19286316195864,-49.594755430177614,,
stamps/102020056_NEG573379534495223440_VIS_101.fits,1,-573379534495223440,102020056_NEG573379534495223440,B,2.0,20.2094,57.337953416835866,-49.52234409795684,,
stamps/102020057_NEG582019329494705421_VIS_101.fits,1,-582019329494705421,102020057_NEG582019329494705421,A,2.0,20.2107,58.20193296550151,-49.470542185359534,,
stamps/102020059_NEG590814898493650143_VIS_101.fits,1,-590814898493650143,102020059_NEG590814898493650143,B,2.0,20.0349,59.08148989976037,-49.36501436418274,,
stamps/102020059_NEG595972740496354540_VIS_101.fits,1,-595972740496354540,102020059_NEG595972740496354540,A,2.0,21.0568,59.597274098977714,-49.63545403109507,,
stamps/102020060_NEG598920538496078263_VIS_101.fits,1,-598920538496078263,102020060_NEG598920538496078263,A,2.0,20.9748,59.89205385113966,-49.607826345265366,,
stamps/102020061_NEG607087127495633316_VIS_101.fits,1,-607087127495633316,102020061_NEG607087127495633316,A,2.0,19.3101,60.70871278898007,-49.56333168622921,,
stamps/102020061_NEG608203827493491303_VIS_101.fits,1,-608203827493491303,102020061_NEG608203827493491303,B,2.0,21.767,60.82038274569893,-49.34913030126828,,
stamps/102020061_NEG612388468493726389_VIS_101.fits,1,-612388468493726389,102020061_NEG612388468493726389,A,2.0,19.3894,61.23884687469332,-49.37263896690335,,
stamps/102020062_NEG617330086494647877_VIS_101.fits,1,-617330086494647877,102020062_NEG617330086494647877,A,2.0,18.1906,61.73300862196033,-49.46478776977762,,
stamps/102020062_NEG618346672492559568_VIS_101.fits,1,-618346672492559568,102020062_NEG618346672492559568,B,2.0,21.8643,61.834667299199765,-49.25595680573238,,
stamps/102020063_NEG625857431494380658_VIS_101.fits,1,-625857431494380658,102020063_NEG625857431494380658,B,2.0,21.4863,62.585743181309965,-49.43806588628296,,
stamps/102020063_NEG626156743494681651_VIS_101.fits,1,-626156743494681651,102020063_NEG626156743494681651,B,2.0,19.2605,62.615674305347206,-49.46816512016682,,
stamps/102020064_NEG630441470494718517_VIS_101.fits,1,-630441470494718517,102020064_NEG630441470494718517,A,2.0,21.9742,63.04414702952862,-49.4718517641365,,
stamps/102020064_NEG635823575494037615_VIS_101.fits,1,-635823575494037615,102020064_NEG635823575494037615,B,2.0,21.1624,63.5823575504392,-49.40376153048183,,
stamps/102020064_NEG635872258496841682_VIS_101.fits,1,-635872258496841682,102020064_NEG635872258496841682,A,2.0,20.8032,63.58722583981298,-49.68416823937899,,
stamps/102020065_NEG639706305497277844_VIS_101.fits,1,-639706305497277844,102020065_NEG639706305497277844,B,2.0,19.3329,63.97063058883589,-49.727784447975104,,
stamps/102020066_NEG645419324493086283_VIS_101.fits,1,-645419324493086283,102020066_NEG645419324493086283,A,2.0,19.0885,64.54193243783828,-49.30862837005427,,
stamps/102020528_NEG554976975487853956_VIS_101.fits,1,-554976975487853956,102020528_NEG554976975487853956,A,2.0,19.311,55.497697503788665,-48.785395695423865,,
stamps/102020528_NEG557594873487530963_VIS_101.fits,1,-557594873487530963,102020528_NEG557594873487530963,A,2.0,19.6698,55.75948739301225,-48.753096396542105,,
stamps/102020528_NEG557780503491374019_VIS_101.fits,1,-557780503491374019,102020528_NEG557780503491374019,B,2.0,21.9977,55.77805038496869,-49.13740190644816,,
stamps/102020528_NEG558800896491551043_VIS_101.fits,1,-558800896491551043,102020528_NEG558800896491551043,B,2.0,22.2428,55.880089681433006,-49.15510438781556,,
stamps/102020528_NEG561683562487885174_VIS_101.fits,1,-561683562487885174,102020528_NEG561683562487885174,A,2.0,20.2872,56.16835627448652,-48.7885174830928,,
stamps/102020528_NEG562073760492316605_VIS_101.fits,1,-562073760492316605,102020528_NEG562073760492316605,B,2.0,19.19,56.20737601280353,-49.23166055034346,,
stamps/102020529_NEG564427129491602014_VIS_101.fits,1,-564427129491602014,102020529_NEG564427129491602014,B,2.0,20.5227,56.442712921370415,-49.16020146642965,,
stamps/102020529_NEG566452754492393104_VIS_101.fits,1,-566452754492393104,102020529_NEG566452754492393104,A,2.0,20.6894,56.64527541741643,-49.23931044272282,,
stamps/102020530_NEG571638103490331545_VIS_101.fits,1,-571638103490331545,102020530_NEG571638103490331545,B,2.0,22.2594,57.16381035568261,-49.03315451807532,,
stamps/102020530_NEG572303674490459976_VIS_101.fits,1,-572303674490459976,102020530_NEG572303674490459976,B,2.0,20.1328,57.230367495986805,-49.04599764138084,,
stamps/102020530_NEG572378924491097026_VIS_101.fits,1,-572378924491097026,102020530_NEG572378924491097026,B,2.0,19.6812,57.23789245830907,-49.10970265313149,,
stamps/102020530_NEG575336420489680805_VIS_101.fits,1,-575336420489680805,102020530_NEG575336420489680805,B,2.0,19.8058,57.53364206673457,-48.96808058090636,,
stamps/102020531_NEG579471354491627648_VIS_101.fits,1,-579471354491627648,102020531_NEG579471354491627648,A,2.0,21.2106,57.9471354749442,-49.16276485789378,,
stamps/102020532_NEG584961967491933103_VIS_101.fits,1,-584961967491933103,102020532_NEG584961967491933103,A,2.0,21.951,58.49619670592336,-49.19331030851976,,
stamps/102020532_NEG585131565488109327_VIS_101.fits,1,-585131565488109327,102020532_NEG585131565488109327,B,2.0,21.3094,58.51315652251934,-48.81093274345079,,
stamps/102020532_NEG589257492489565961_VIS_101.fits,1,-589257492489565961,102020532_NEG589257492489565961,A,2.0,19.2424,58.92574921328832,-48.95659616705754,,
stamps/102020532_NEG591117402487550021_VIS_101.fits,1,-591117402487550021,102020532_NEG591117402487550021,A,2.0,21.0518,59.11174027572756,-48.75500215813452,,
stamps/102020532_NEG592320863488461402_VIS_101.fits,1,-592320863488461402,102020532_NEG592320863488461402,B,2.0,22.4313,59.23208639600032,-48.84614020430707,,
stamps/102020533_NEG596261344490617547_VIS_101.fits,1,-596261344490617547,102020533_NEG596261344490617547,A,2.0,21.4712,59.62613444089271,-49.06175479865302,,
stamps/102020534_NEG600985388487893328_VIS_101.fits,1,-600985388487893328,102020534_NEG600985388487893328,A,2.0,20.7671,60.09853883829494,-48.78933287381373,,
stamps/102020534_NEG604929086489066527_VIS_101.fits,1,-604929086489066527,102020534_NEG604929086489066527,B,2.0,19.977,60.49290865450189,-48.9066527916342,,
stamps/102020535_NEG608150353491434608_VIS_101.fits,1,-608150353491434608,102020535_NEG608150353491434608,B,2.0,21.6316,60.81503538394456,-49.143460836132256,,
stamps/102020536_NEG621645331488224037_VIS_101.fits,1,-621645331488224037,102020536_NEG621645331488224037,A,2.0,21.1517,62.1645331458563,-48.82240372116829,,
stamps/102020537_NEG623663816492513043_VIS_101.fits,1,-623663816492513043,102020537_NEG623663816492513043,A,2.0,18.7621,62.36638161121404,-49.251304338614574,,
stamps/102020537_NEG626913533487999205_VIS_101.fits,1,-626913533487999205,102020537_NEG626913533487999205,B,2.0,20.9471,62.69135336338961,-48.79992054178796,,
stamps/102020538_NEG631689440492354239_VIS_101.fits,1,-631689440492354239,102020538_NEG631689440492354239,A,2.0,22.3877,63.16894406176176,-49.23542398043353,,
stamps/102020538_NEG637045736489835935_VIS_101.fits,1,-637045736489835935,102020538_NEG637045736489835935,A,2.0,21.6439,63.704573695260834,-48.983593566794056,,
stamps/102020539_NEG639239120489296299_VIS_101.fits,1,-639239120489296299,102020539_NEG639239120489296299,A,2.0,18.4355,63.92391201757077,-48.92962998662928,,
stamps/102020539_NEG640534948489252606_VIS_101.fits,1,-640534948489252606,102020539_NEG640534948489252606,B,2.0,22.1596,64.05349482739716,-48.9252606890651,,
stamps/102020539_NEG641383802490968352_VIS_101.fits,1,-641383802490968352,102020539_NEG641383802490968352,A,2.0,21.5983,64.13838028821728,-49.09683520382191,,
stamps/102020539_NEG642885250488814700_VIS_101.fits,1,-642885250488814700,102020539_NEG642885250488814700,A,2.0,22.3554,64.28852506159132,-48.88147008679599,,
stamps/102021006_NEG554672577486973111_VIS_101.fits,1,-554672577486973111,102021006_NEG554672577486973111,A,2.0,22.1855,55.46725774971254,-48.69731117993872,,
stamps/102021008_NEG569571426487440793_VIS_101.fits,1,-569571426487440793,102021008_NEG569571426487440793,A,2.0,19.7333,56.95714260917783,-48.74407934750487,,
stamps/102021009_NEG577024787484062221_VIS_101.fits,1,-577024787484062221,102021009_NEG577024787484062221,A,2.0,20.4005,57.70247875982041,-48.40622214909423,,
stamps/102021010_NEG581199679484613010_VIS_101.fits,1,-581199679484613010,102021010_NEG581199679484613010,B,2.0,21.4867,58.119967906294704,-48.46130106505595,,
stamps/102021012_NEG594963796484947260_VIS_101.fits,1,-594963796484947260,102021012_NEG594963796484947260,A,2.0,20.3988,59.49637969470766,-48.494726093546255,,
stamps/102021012_NEG595807815483116843_VIS_101.fits,1,-595807815483116843,102021012_NEG595807815483116843,B,2.0,20.1976,59.58078150513329,-48.31168430485456,,
stamps/102021013_NEG602940269483238112_VIS_101.fits,1,-602940269483238112,102021013_NEG602940269483238112,B,2.0,19.7426,60.29402695508576,-48.32381123584299,,
stamps/102021013_NEG606090281487314103_VIS_101.fits,1,-606090281487314103,102021013_NEG606090281487314103,B,2.0,19.7538,60.60902818000293,-48.73141034503661,,
stamps/102021014_NEG610047486487275523_VIS_101.fits,1,-610047486487275523,102021014_NEG610047486487275523,A,2.0,19.427,61.0047486834014,-48.72755230023029,,
stamps/102021014_NEG612545150486042170_VIS_101.fits,1,-612545150486042170,102021014_NEG612545150486042170,A,2.0,21.4978,61.25451503132635,-48.60421707977,,
stamps/102021014_NEG613552795482722691_VIS_101.fits,1,-613552795482722691,102021014_NEG613552795482722691,B,2.0,20.2787,61.35527953096157,-48.272269146205225,,
stamps/102021014_NEG614981615482506340_VIS_101.fits,1,-614981615482506340,102021014_NEG614981615482506340,B,2.0,22.0755,61.49816157729836,-48.25063403193359,,
stamps/102021014_NEG616133820483754774_VIS_101.fits,1,-616133820483754774,102021014_NEG616133820483754774,A,2.0,20.4471,61.61338207712614,-48.37547746153754,,
stamps/102021015_NEG616932997484302318_VIS_101.fits,1,-616932997484302318,102021015_NEG616932997484302318,B,2.0,18.0068,61.69329975421426,-48.430231815488426,,
stamps/102021016_NEG626678160486839020_VIS_101.fits,1,-626678160486839020,102021016_NEG626678160486839020,A,2.0,20.9277,62.66781600751191,-48.68390205226024,,
stamps/102021016_NEG627891706482718950_VIS_101.fits,1,-627891706482718950,102021016_NEG627891706482718950,A,2.0,19.9401,62.78917068450788,-48.27189506638918,,
stamps/102021016_NEG627937046483290884_VIS_101.fits,1,-627937046483290884,102021016_NEG627937046483290884,A,2.0,19.6387,62.793704662662094,-48.32908846893992,,
stamps/102021016_NEG629139696484887212_VIS_101.fits,1,-629139696484887212,102021016_NEG629139696484887212,A,2.0,19.7626,62.91396966118239,-48.48872120604349,,
stamps/102021016_NEG629685198482852633_VIS_101.fits,1,-629685198482852633,102021016_NEG629685198482852633,B,2.0,20.5865,62.96851985754328,-48.285263348191855,,
stamps/102021017_NEG633207820486535571_VIS_101.fits,1,-633207820486535571,102021017_NEG633207820486535571,B,2.0,21.651,63.32078207823651,-48.6535571859489,,
stamps/102021017_NEG634146279486865014_VIS_101.fits,1,-634146279486865014,102021017_NEG634146279486865014,A,2.0,20.5599,63.41462793838686,-48.6865014442007,,
stamps/102021017_NEG637928660482715254_VIS_101.fits,1,-637928660482715254,102021017_NEG637928660482715254,A,2.0,22.3539,63.79286609060805,-48.27152549809416,,
stamps/102021018_NEG640120110483854165_VIS_101.fits,1,-640120110483854165,102021018_NEG640120110483854165,A,2.0,20.5821,64.01201105416371,-48.385416518032095,,
stamps/102021019_NEG651956451483599583_VIS_101.fits,1,-651956451483599583,102021019_NEG651956451483599583,A,2.0,21.0915,65.1956451002235,-48.35995837358245,,
stamps/102021020_NEG656951229482999258_VIS_101.fits,1,-656951229482999258,102021020_NEG656951229482999258,B,2.0,21.8257,65.69512293447303,-48.29992584867339,,
stamps/102021020_NEG657545464483151702_VIS_101.fits,1,-657545464483151702,102021020_NEG657545464483151702,A,2.0,22.3871,65.7545464958331,-48.31517021319289,,
stamps/102021491_NEG571345829477653406_VIS_101.fits,1,-571345829477653406,102021491_NEG571345829477653406,B,2.0,20.6364,57.13458292532511,-47.76534068188999,,
stamps/102021492_NEG575201344482287786_VIS_101.fits,1,-575201344482287786,102021492_NEG575201344482287786,A,2.0,22.4863,57.52013446409377,-48.228778611310375,,
stamps/102021492_NEG579460447477747720_VIS_101.fits,1,-579460447477747720,102021492_NEG579460447477747720,B,2.0,18.7873,57.94604475103274,-47.77477209107829,,
stamps/102021492_NEG580553783482399812_VIS_101.fits,1,-580553783482399812,102021492_NEG580553783482399812,A,2.0,21.2104,58.05537835500126,-48.2399812580102,,
stamps/102021493_NEG583380599480841946_VIS_101.fits,1,-583380599480841946,102021493_NEG583380599480841946,B,2.0,20.4278,58.33805998902349,-48.08419465949512,,
stamps/102021493_NEG584317889477816598_VIS_101.fits,1,-584317889477816598,102021493_NEG584317889477816598,B,2.0,21.7292,58.43178892264506,-47.781659836956656,,
stamps/102021493_NEG584908045481892408_VIS_101.fits,1,-584908045481892408,102021493_NEG584908045481892408,B,2.0,22.0648,58.49080454415064,-48.18924082046728,,
stamps/102021493_NEG586398445479765591_VIS_101.fits,1,-586398445479765591,102021493_NEG586398445479765591,A,2.0,22.0365,58.6398445644672,-47.97655913222404,,
stamps/102021493_NEG587807121477852004_VIS_101.fits,1,-587807121477852004,102021493_NEG587807121477852004,A,2.0,19.8625,58.78071211885828,-47.78520044646224,,
stamps/102021495_NEG596705787481338553_VIS_101.fits,1,-596705787481338553,102021495_NEG596705787481338553,B,2.0,21.0071,59.67057874004436,-48.13385535539454,,
stamps/102021496_NEG603335199478099381_VIS_101.fits,1,-603335199478099381,102021496_NEG603335199478099381,B,2.0,22.129,60.33351994539934,-47.80993814195615,,
stamps/102021497_NEG611694459481354870_VIS_101.fits,1,-611694459481354870,102021497_NEG611694459481354870,B,2.0,20.3049,61.16944594252457,-48.13548704773953,,
stamps/102021497_NEG615658160478755691_VIS_101.fits,1,-615658160478755691,102021497_NEG615658160478755691,A,2.0,21.4789,61.56581602527029,-47.875569126860064,,
stamps/102021498_NEG620710751479897662_VIS_101.fits,1,-620710751479897662,102021498_NEG620710751479897662,B,2.0,20.8625,62.07107515139318,-47.98976626518308,,
stamps/102021498_NEG622697531480704134_VIS_101.fits,1,-622697531480704134,102021498_NEG622697531480704134,A,2.0,19.9426,62.26975319129441,-48.07041343601949,,
stamps/102021499_NEG628042951482285714_VIS_101.fits,1,-628042951482285714,102021499_NEG628042951482285714,B,2.0,20.477,62.80429513652352,-48.228571450804566,,
stamps/102021499_NEG630283151478334717_VIS_101.fits,1,-630283151478334717,102021499_NEG630283151478334717,A,2.0,22.3185,63.028315136446025,-47.8334717012344,,
stamps/102021499_NEG631323422479949628_VIS_101.fits,1,-631323422479949628,102021499_NEG631323422479949628,A,2.0,21.8242,63.13234225032457,-47.994962855931306,,
stamps/102021499_NEG632503018480736583_VIS_101.fits,1,-632503018480736583,102021499_NEG632503018480736583,B,2.0,19.5141,63.25030187037567,-48.073658352372775,,
stamps/102021500_NEG636294430480333264_VIS_101.fits,1,-636294430480333264,102021500_NEG636294430480333264,A,2.0,18.8708,63.629443096530274,-48.03332641580719,,
stamps/102021500_NEG636862073478549953_VIS_101.fits,1,-636862073478549953,102021500_NEG636862073478549953,B,2.0,19.7053,63.68620732648826,-47.854995308359584,,
stamps/102021501_NEG642870048480955813_VIS_101.fits,1,-642870048480955813,102021501_NEG642870048480955813,A,2.0,20.4104,64.2870048302998,-48.09558136723311,,
stamps/102021502_NEG651338380481989567_VIS_101.fits,1,-651338380481989567,102021502_NEG651338380481989567,B,2.0,19.3677,65.1338380431143,-48.19895674114229,,
stamps/102021502_NEG653108030479223468_VIS_101.fits,1,-653108030479223468,102021502_NEG653108030479223468,B,2.0,20.2932,65.31080305209322,-47.922346850015,,
stamps/102021503_NEG655073934479995542_VIS_101.fits,1,-655073934479995542,102021503_NEG655073934479995542,A,2.0,18.9459,65.50739347435011,-47.999554233282666,,
stamps/102021503_NEG656130209478570072_VIS_101.fits,1,-656130209478570072,102021503_NEG656130209478570072,B,2.0,20.6305,65.61302094240996,-47.85700724338475,,
stamps/102021504_NEG663164014479278882_VIS_101.fits,1,-663164014479278882,102021504_NEG663164014479278882,A,2.0,22.0536,66.31640147748985,-47.92788825569146,,
stamps/102021504_NEG664151473481313012_VIS_101.fits,1,-664151473481313012,102021504_NEG664151473481313012,A,2.0,20.799,66.41514731280975,-48.1313012839126,,
stamps/102021504_NEG664270221479670737_VIS_101.fits,1,-664270221479670737,102021504_NEG664270221479670737,B,2.0,22.2433,66.42702212332838,-47.96707373847487,,
stamps/102021504_NEG666846889481107505_VIS_101.fits,1,-666846889481107505,102021504_NEG666846889481107505,A,2.0,21.2658,66.6846889176653,-48.11075055876625,,
stamps/102021504_NEG667954670479292514_VIS_101.fits,1,-667954670479292514,102021504_NEG667954670479292514,B,2.0,19.537,66.79546707520412,-47.92925147815606,,
stamps/102021504_NEG669028748480810029_VIS_101.fits,1,-669028748480810029,102021504_NEG669028748480810029,B,2.0,21.6183,66.90287483290972,-48.081002932370325,,
stamps/102021978_NEG565786336477092595_VIS_101.fits,1,-565786336477092595,102021978_NEG565786336477092595,B,2.0,20.754,56.57863366543075,-47.70925955973561,,
stamps/102021980_NEG576667803474825283_VIS_101.fits,1,-576667803474825283,102021980_NEG576667803474825283,A,2.0,19.0164,57.66678036613653,-47.48252837001076,,
stamps/102021980_NEG577646036477033395_VIS_101.fits,1,-577646036477033395,102021980_NEG577646036477033395,A,2.0,21.3432,57.76460363684858,-47.703339537723664,,
stamps/102021980_NEG580387113476956642_VIS_101.fits,1,-580387113476956642,102021980_NEG580387113476956642,A,2.0,21.8995,58.03871130646088,-47.695664261641575,,
stamps/102021981_NEG583343318473770500_VIS_101.fits,1,-583343318473770500,102021981_NEG583343318473770500,B,2.0,20.03,58.33433186316805,-47.37705009545618,,
stamps/102021981_NEG586493481476452509_VIS_101.fits,1,-586493481476452509,102021981_NEG586493481476452509,A,2.0,19.7072,58.64934816918978,-47.64525099288048,,
stamps/102021982_NEG590483847476549202_VIS_101.fits,1,-590483847476549202,102021982_NEG590483847476549202,B,2.0,21.6841,59.04838472769886,-47.65492024159551,,
stamps/102021982_NEG593574657477168830_VIS_101.fits,1,-593574657477168830,102021982_NEG593574657477168830,B,2.0,22.0518,59.35746571253708,-47.71688303229656,,
stamps/102021982_NEG594322234473727139_VIS_101.fits,1,-594322234473727139,102021982_NEG594322234473727139,B,2.0,21.9574,59.43222341809382,-47.372713987877226,,
stamps/102021982_NEG594333174476368664_VIS_101.fits,1,-594333174476368664,102021982_NEG594333174476368664,B,2.0,22.0788,59.43331745903771,-47.63686642414596,,
stamps/102021982_NEG597271535474325465_VIS_101.fits,1,-597271535474325465,102021982_NEG597271535474325465,B,2.0,18.8009,59.7271535701174,-47.43254656415838,,
stamps/102021984_NEG605671540476154903_VIS_101.fits,1,-605671540476154903,102021984_NEG605671540476154903,B,2.0,20.6788,60.56715403848347,-47.615490394669344,,
stamps/102021984_NEG609678648473892045_VIS_101.fits,1,-609678648473892045,102021984_NEG609678648473892045,A,2.0,21.3121,60.96786484901045,-47.38920450452581,,
stamps/102021984_NEG610367881474644147_VIS_101.fits,1,-610367881474644147,102021984_NEG610367881474644147,A,2.0,20.9299,61.03678813026211,-47.46441472398151,,
stamps/102021985_NEG615462575476067577_VIS_101.fits,1,-615462575476067577,102021985_NEG615462575476067577,B,2.0,21.5011,61.54625759294912,-47.60675777390789,,
stamps/102021986_NEG619535738476339304_VIS_101.fits,1,-619535738476339304,102021986_NEG619535738476339304,A,2.0,21.098,61.9535738292272,-47.63393044312661,,
stamps/102021986_NEG621796804473410288_VIS_101.fits,1,-621796804473410288,102021986_NEG621796804473410288,B,2.0,20.5147,62.179680491291656,-47.34102886093636,,
stamps/102021986_NEG622189376472948583_VIS_101.fits,1,-622189376472948583,102021986_NEG622189376472948583,B,2.0,19.0819,62.21893769144855,-47.29485831343858,,
stamps/102021986_NEG622483671477358161_VIS_101.fits,1,-622483671477358161,102021986_NEG622483671477358161,B,2.0,21.3307,62.24836718683294,-47.73581613037174,,
stamps/102021986_NEG624049517477067447_VIS_101.fits,1,-624049517477067447,102021986_NEG624049517477067447,B,2.0,21.719,62.40495179198199,-47.70674479492207,,
stamps/102021987_NEG632575884473969454_VIS_101.fits,1,-632575884473969454,102021987_NEG632575884473969454,A,2.0,21.951,63.25758842582554,-47.396945472706,,
stamps/102021988_NEG636381546474267847_VIS_101.fits,1,-636381546474267847,102021988_NEG636381546474267847,B,2.0,21.1334,63.63815462617454,-47.42678472523166,,
stamps/102021988_NEG637845892475954405_VIS_101.fits,1,-637845892475954405,102021988_NEG637845892475954405,A,2.0,21.0218,63.784589200839584,-47.5954405864353,,
stamps/102021988_NEG640289253474412348_VIS_101.fits,1,-640289253474412348,102021988_NEG640289253474412348,A,2.0,19.16,64.0289253232282,-47.44123483439196,,
stamps/102021989_NEG644172618476134973_VIS_101.fits,1,-644172618476134973,102021989_NEG644172618476134973,A,2.0,22.011,64.41726186763333,-47.61349731436477,,
stamps/102021990_NEG650312660474055399_VIS_101.fits,1,-650312660474055399,102021990_NEG650312660474055399,A,2.0,21.209,65.03126603454716,-47.40553996348327,,
stamps/102021990_NEG651246796473086761_VIS_101.fits,1,-651246796473086761,102021990_NEG651246796473086761,A,2.0,19.338,65.12467967083242,-47.30867614502389,,
stamps/102022474_NEG590266584471556814_VIS_101.fits,1,-590266584471556814,102022474_NEG590266584471556814,A,2.0,20.4572,59.02665840481892,-47.15568145118306,,
stamps/102022474_NEG591186165469192016_VIS_101.fits,1,-591186165469192016,102022474_NEG591186165469192016,A,2.0,22.3067,59.1186165209685,-46.91920162927952,,
stamps/102022476_NEG601657296470027378_VIS_101.fits,1,-601657296470027378,102022476_NEG601657296470027378,B,2.0,20.0418,60.165729654101575,-47.002737869545705,,
stamps/102022477_NEG611759342471748630_VIS_101.fits,1,-611759342471748630,102022477_NEG611759342471748630,B,2.0,20.9885,61.17593429956104,-47.17486301277761,,
stamps/102022477_NEG612993633468010321_VIS_101.fits,1,-612993633468010321,102022477_NEG612993633468010321,B,2.0,20.0653,61.29936330935708,-46.80103217199372,,
stamps/102022477_NEG613081088467583327_VIS_101.fits,1,-613081088467583327,102022477_NEG613081088467583327,B,2.0,19.1829,61.30810882911898,-46.758332721325424,,
stamps/102022478_NEG615325075470840323_VIS_101.fits,1,-615325075470840323,102022478_NEG615325075470840323,B,2.0,22.1877,61.53250755299951,-47.08403232533755,,
stamps/102022479_NEG621145334471255869_VIS_101.fits,1,-621145334471255869,102022479_NEG621145334471255869,B,2.0,20.9101,62.11453340376329,-47.12558698760536,,
stamps/102022479_NEG623150693471748758_VIS_101.fits,1,-623150693471748758,102022479_NEG623150693471748758,B,2.0,21.5857,62.315069322771095,-47.17487589182628,,
stamps/102022479_NEG623367075470669448_VIS_101.fits,1,-623367075470669448,102022479_NEG623367075470669448,A,2.0,19.3478,62.33670758594723,-47.06694489009498,,
stamps/102022480_NEG630160205470193218_VIS_101.fits,1,-630160205470193218,102022480_NEG630160205470193218,B,2.0,20.0199,63.01602051543424,-47.01932185662968,,
stamps/102022481_NEG640261052470604135_VIS_101.fits,1,-640261052470604135,102022481_NEG640261052470604135,B,2.0,21.5785,64.02610523083732,-47.06041352139383,,
stamps/102022481_NEG641874067471349140_VIS_101.fits,1,-641874067471349140,102022481_NEG641874067471349140,B,2.0,21.846,64.18740679417816,-47.1349140790585,,
stamps/102022482_NEG644534872469264836_VIS_101.fits,1,-644534872469264836,102022482_NEG644534872469264836,A,2.0,21.7059,64.4534872752285,-46.92648360348397,,
stamps/102022482_NEG647287168468367807_VIS_101.fits,1,-647287168468367807,102022482_NEG647287168468367807,B,2.0,22.2333,64.72871684880818,-46.836780720130186,,
stamps/102022483_NEG650705793470600869_VIS_101.fits,1,-650705793470600869,102022483_NEG650705793470600869,B,2.0,20.5999,65.07057938390258,-47.060086929961074,,
stamps/102022483_NEG653290299470260264_VIS_101.fits,1,-653290299470260264,102022483_NEG653290299470260264,A,2.0,21.8345,65.32902999175099,-47.02602645865221,,
stamps/102022483_NEG653649683470250799_VIS_101.fits,1,-653649683470250799,102022483_NEG653649683470250799,B,2.0,17.9622,65.36496839836326,-47.02507994136218,,
stamps/102022484_NEG657584203469449092_VIS_101.fits,1,-657584203469449092,102022484_NEG657584203469449092,A,2.0,20.4418,65.75842037046594,-46.94490921493867,,
stamps/102022972_NEG597052478465695317_VIS_101.fits,1,-597052478465695317,102022972_NEG597052478465695317,A,2.0,19.868,59.70524784467164,-46.56953177707104,,
stamps/102022973_NEG606454307466806991_VIS_101.fits,1,-606454307466806991,102022973_NEG606454307466806991,A,2.0,19.0729,60.64543078160698,-46.68069910195588,,
stamps/102022974_NEG610978759464405134_VIS_101.fits,1,-610978759464405134,102022974_NEG610978759464405134,B,2.0,19.2057,61.09787596659113,-46.44051347581706,,
stamps/102022975_NEG617890913466103850_VIS_101.fits,1,-617890913466103850,102022975_NEG617890913466103850,A,2.0,19.1225,61.78909134803828,-46.61038501355464,,
stamps/102022977_NEG631763965463618343_VIS_101.fits,1,-631763965463618343,102022977_NEG631763965463618343,B,2.0,22.4413,63.176396555414215,-46.36183434674613,,
stamps/102022978_NEG639856435467273842_VIS_101.fits,1,-639856435467273842,102022978_NEG639856435467273842,A,2.0,20.8169,63.9856435425629,-46.72738424488188,,
stamps/102022980_NEG653069109465982282_VIS_101.fits,1,-653069109465982282,102022980_NEG653069109465982282,A,2.0,20.0228,65.30691092767607,-46.59822823435719,,
stamps/102022980_NEG657082285467450951_VIS_101.fits,1,-657082285467450951,102022980_NEG657082285467450951,B,2.0,21.7404,65.70822852262235,-46.74509511325952,,
stamps/102022980_NEG657553777465731159_VIS_101.fits,1,-657553777465731159,102022980_NEG657553777465731159,A,2.0,22.4499,65.75537771041878,-46.57311597346415,,
stamps/102023476_NEG610025395461180513_VIS_101.fits,1,-610025395461180513,102023476_NEG610025395461180513,A,2.0,21.7285,61.00253957732884,-46.11805137162271,,
stamps/102023478_NEG628457640459296313_VIS_101.fits,1,-628457640459296313,102023478_NEG628457640459296313,A,2.0,21.2489,62.84576401449824,-45.92963139466405,,
stamps/102023479_NEG631968882458727056_VIS_101.fits,1,-631968882458727056,102023479_NEG631968882458727056,A,2.0,21.947,63.196888272888046,-45.87270566524282,,
stamps/102023479_NEG633382827461467539_VIS_101.fits,1,-633382827461467539,102023479_NEG633382827461467539,A,2.0,21.5282,63.33828270800054,-46.14675398144309,,
stamps/102023479_NEG633491501461458871_VIS_101.fits,1,-633491501461458871,102023479_NEG633491501461458871,B,2.0,19.1557,63.34915010836785,-46.14588710558657,,
stamps/102023480_NEG640021734460830824_VIS_101.fits,1,-640021734460830824,102023480_NEG640021734460830824,B,2.0,21.5701,64.00217342456871,-46.08308249206795,,
stamps/102023480_NEG640270096460844048_VIS_101.fits,1,-640270096460844048,102023480_NEG640270096460844048,B,2.0,20.8488,64.02700969109169,-46.08440488708592,,
stamps/102023480_NEG642201006461096820_VIS_101.fits,1,-642201006461096820,102023480_NEG642201006461096820,B,2.0,20.5769,64.22010069763697,-46.10968203057439,,
stamps/102023481_NEG647245161459048846_VIS_101.fits,1,-647245161459048846,102023481_NEG647245161459048846,A,2.0,21.8045,64.72451612348969,-45.90488464671768,,
stamps/102023482_NEG655179432459165110_VIS_101.fits,1,-655179432459165110,102023482_NEG655179432459165110,B,2.0,19.7455,65.51794326392798,-45.91651107756741,,
stamps/102023482_NEG657383017460972594_VIS_101.fits,1,-657383017460972594,102023482_NEG657383017460972594,B,2.0,21.7036,65.73830175052379,-46.09725944968683,,
stamps/102023984_NEG627804838454213106_VIS_101.fits,1,-627804838454213106,102023984_NEG627804838454213106,A,2.0,21.5872,62.78048386794535,-45.4213106327194,,
stamps/102023984_NEG628683592457046709_VIS_101.fits,1,-628683592457046709,102023984_NEG628683592457046709,A,2.0,19.3231,62.8683592745232,-45.704670979868624,,
stamps/102023984_NEG631043463457052623_VIS_101.fits,1,-631043463457052623,102023984_NEG631043463457052623,B,2.0,20.7745,63.10434637855938,-45.70526232957247,,
stamps/102023986_NEG643189719456460589_VIS_101.fits,1,-643189719456460589,102023986_NEG643189719456460589,B,2.0,21.6245,64.31897196009866,-45.64605890044793,,
stamps/102041656_NEG523359673301396466_VIS_101.fits,1,-523359673301396466,102041656_NEG523359673301396466,B,2.0,22.4181,52.33596739170452,-30.139646609274138,,
stamps/102041657_NEG527330118300603942_VIS_101.fits,1,-527330118300603942,102041657_NEG527330118300603942,B,2.0,20.8928,52.73301189004299,-30.060394203188203,,
stamps/102041657_NEG527925237298894414_VIS_101.fits,1,-527925237298894414,102041657_NEG527925237298894414,A,2.0,21.4634,52.79252379595951,-29.88944147404416,,
stamps/102041657_NEG528301123298298693_VIS_101.fits,1,-528301123298298693,102041657_NEG528301123298298693,A,2.0,21.8486,52.8301123322179,-29.82986934888345,,
stamps/102041657_NEG529209996299100136_VIS_101.fits,1,-529209996299100136,102041657_NEG529209996299100136,A,2.0,19.9183,52.92099965374398,-29.91001367205823,,
stamps/102042282_NEG517070963297124785_VIS_101.fits,1,-517070963297124785,102042282_NEG517070963297124785,B,2.0,18.4105,51.707096352182745,-29.712478588163005,,
stamps/102042283_NEG518770667295125494_VIS_101.fits,1,-518770667295125494,102042283_NEG518770667295125494,A,2.0,20.0996,51.87706671211459,-29.512549467386364,,
stamps/102042283_NEG520608563295081214_VIS_101.fits,1,-520608563295081214,102042283_NEG520608563295081214,B,2.0,19.9877,52.0608563513396,-29.50812141969979,,
stamps/102042283_NEG521070591294671601_VIS_101.fits,1,-521070591294671601,102042283_NEG521070591294671601,B,2.0,21.3663,52.10705916602482,-29.467160198695264,,
stamps/102042284_NEG523902104295926900_VIS_101.fits,1,-523902104295926900,102042284_NEG523902104295926900,B,2.0,19.177,52.39021042684189,-29.592690005903176,,
stamps/102042284_NEG526888815294982643_VIS_101.fits,1,-526888815294982643,102042284_NEG526888815294982643,A,2.0,20.1468,52.68888150861861,-29.498264398459888,,
stamps/102042284_NEG528356577292866317_VIS_101.fits,1,-528356577292866317,102042284_NEG528356577292866317,B,2.0,20.4471,52.83565776408496,-29.28663177075172,,
stamps/102042287_NEG540365671293205439_VIS_101.fits,1,-540365671293205439,102042287_NEG540365671293205439,B,2.0,21.8748,54.03656715287476,-29.32054393414841,,
stamps/102042287_NEG543727111293847771_VIS_101.fits,1,-543727111293847771,102042287_NEG543727111293847771,B,2.0,20.7255,54.37271115161365,-29.384777131349484,,
stamps/102042913_NEG515596854290228591_VIS_101.fits,1,-515596854290228591,102042913_NEG515596854290228591,B,2.0,20.5515,51.55968541095926,-29.022859166356096,,
stamps/102042913_NEG515847139291141021_VIS_101.fits,1,-515847139291141021,102042913_NEG515847139291141021,A,2.0,21.7404,51.58471391404591,-29.114102191323457,,
stamps/102042913_NEG516249178292373011_VIS_101.fits,1,-516249178292373011,102042913_NEG516249178292373011,B,2.0,22.2007,51.62491780564062,-29.23730114505462,,
stamps/102042913_NEG518198793288220397_VIS_101.fits,1,-518198793288220397,102042913_NEG518198793288220397,B,2.0,21.5021,51.81987931988373,-28.82203972762372,,
stamps/102042913_NEG520471782290867053_VIS_101.fits,1,-520471782290867053,102042913_NEG520471782290867053,A,2.0,22.4568,52.04717824679261,-29.08670539117257,,
stamps/102042914_NEG520791097292457766_VIS_101.fits,1,-520791097292457766,102042914_NEG520791097292457766,A,2.0,21.6879,52.07910976293189,-29.24577660750816,,
stamps/102042914_NEG522625262291125533_VIS_101.fits,1,-522625262291125533,102042914_NEG522625262291125533,A,2.0,21.1977,52.262526273501,-29.11255338608705,,
stamps/102042914_NEG523479785291521247_VIS_101.fits,1,-523479785291521247,102042914_NEG523479785291521247,A,2.0,20.8038,52.34797854483788,-29.15212478307529,,
stamps/102042915_NEG527574180288799276_VIS_101.fits,1,-527574180288799276,102042915_NEG527574180288799276,A,2.0,21.4693,52.75741809343428,-28.87992760661953,,
stamps/102042915_NEG528545016288651034_VIS_101.fits,1,-528545016288651034,102042915_NEG528545016288651034,B,2.0,18.7683,52.85450169543065,-28.865103458157133,,
stamps/102042915_NEG529823788292531675_VIS_101.fits,1,-529823788292531675,102042915_NEG529823788292531675,B,2.0,22.445,52.98237884657878,-29.253167568876144,,
stamps/102042915_NEG531310919292142818_VIS_101.fits,1,-531310919292142818,102042915_NEG531310919292142818,B,2.0,19.7177,53.131091993387386,-29.214281899776903,,
stamps/102042916_NEG533251142291509670_VIS_101.fits,1,-533251142291509670,102042916_NEG533251142291509670,A,2.0,20.4085,53.3251142778574,-29.15096706182251,,
stamps/102042917_NEG539279061291936993_VIS_101.fits,1,-539279061291936993,102042917_NEG539279061291936993,A,2.0,20.7808,53.92790616393022,-29.19369935009748,,
stamps/102042917_NEG540132584291926297_VIS_101.fits,1,-540132584291926297,102042917_NEG540132584291926297,A,2.0,21.2317,54.013258430324896,-29.192629748914623,,
stamps/102042917_NEG540926519290733004_VIS_101.fits,1,-540926519290733004,102042917_NEG540926519290733004,B,2.0,22.3668,54.09265196528655,-29.073300402181623,,
stamps/102042918_NEG544805259289548872_VIS_101.fits,1,-544805259289548872,102042918_NEG544805259289548872,A,2.0,19.1933,54.480525954294606,-28.954887264503345,,
stamps/102042919_NEG549525883291619345_VIS_101.fits,1,-549525883291619345,102042919_NEG549525883291619345,A,2.0,21.1761,54.95258837432254,-29.16193451041988,,
stamps/102042919_NEG549725555290756868_VIS_101.fits,1,-549725555290756868,102042919_NEG549725555290756868,A,2.0,20.1147,54.97255557552779,-29.07568680536772,,
stamps/102042919_NEG550105155291238806_VIS_101.fits,1,-550105155291238806,102042919_NEG550105155291238806,B,2.0,20.3909,55.01051552373555,-29.12388069970221,,
stamps/102042919_NEG550298555288445169_VIS_101.fits,1,-550298555288445169,102042919_NEG550298555288445169,B,2.0,18.259,55.02985559221574,-28.844516977045007,,
stamps/102042919_NEG550683279289700727_VIS_101.fits,1,-550683279289700727,102042919_NEG550683279289700727,A,2.0,21.6069,55.06832793157976,-28.9700727133312,,
stamps/102043546_NEG516559001286493665_VIS_101.fits,1,-516559001286493665,102043546_NEG516559001286493665,B,2.0,20.5168,51.65590011467211,-28.6493665056946,,
stamps/102043549_NEG530257443283430270_VIS_101.fits,1,-530257443283430270,102043549_NEG530257443283430270,A,2.0,21.8415,53.02574434762016,-28.34302702586864,,
stamps/102043551_NEG542774461286906112_VIS_101.fits,1,-542774461286906112,102043551_NEG542774461286906112,B,2.0,19.7923,54.27744618379619,-28.690611214572936,,
stamps/102043551_NEG544735665285502399_VIS_101.fits,1,-544735665285502399,102043551_NEG544735665285502399,B,2.0,19.8057,54.47356655650909,-28.55023993346261,,
stamps/102043551_NEG546245791286829440_VIS_101.fits,1,-546245791286829440,102043551_NEG546245791286829440,A,2.0,21.665,54.6245791585433,-28.682944069298216,,
stamps/102043552_NEG547756940286644821_VIS_101.fits,1,-547756940286644821,102043552_NEG547756940286644821,A,2.0,17.8779,54.77569408152624,-28.66448211695416,,
stamps/102043552_NEG548209510282510524_VIS_101.fits,1,-548209510282510524,102043552_NEG548209510282510524,A,2.0,21.4916,54.82095104672501,-28.25105243240389,,
stamps/102044182_NEG510181483277803809_VIS_101.fits,1,-510181483277803809,102044182_NEG510181483277803809,B,2.0,19.5145,51.01814831639855,-27.78038095373029,,
stamps/102044182_NEG512061540278527911_VIS_101.fits,1,-512061540278527911,102044182_NEG512061540278527911,A,2.0,21.1953,51.20615401023922,-27.85279118357624,,
stamps/102044183_NEG515787441281897369_VIS_101.fits,1,-515787441281897369,102044183_NEG515787441281897369,A,2.0,20.6309,51.57874416555804,-28.189736933084728,,
stamps/102044185_NEG527087067278561642_VIS_101.fits,1,-527087067278561642,102044185_NEG527087067278561642,B,2.0,22.3534,52.70870673939618,-27.856164261538,,
stamps/102044185_NEG528176967277992842_VIS_101.fits,1,-528176967277992842,102044185_NEG528176967277992842,B,2.0,19.9686,52.81769675690601,-27.799284255737305,,
stamps/102044185_NEG529514172281460834_VIS_101.fits,1,-529514172281460834,102044185_NEG529514172281460834,A,2.0,22.2721,52.95141727381891,-28.14608341271236,,
stamps/102044186_NEG535621262280129063_VIS_101.fits,1,-535621262280129063,102044186_NEG535621262280129063,A,2.0,18.948,53.56212625889032,-28.01290638406208,,
stamps/102044186_NEG536764250280439031_VIS_101.fits,1,-536764250280439031,102044186_NEG536764250280439031,B,2.0,21.7909,53.676425099151245,-28.043903187455896,,
stamps/102044186_NEG537484692277631702_VIS_101.fits,1,-537484692277631702,102044186_NEG537484692277631702,B,2.0,21.9789,53.74846927381223,-27.763170217402745,,
stamps/102044187_NEG538533000282255459_VIS_101.fits,1,-538533000282255459,102044187_NEG538533000282255459,B,2.0,20.7592,53.85330005751175,-28.22554594493343,,
stamps/102044187_NEG538575988280255664_VIS_101.fits,1,-538575988280255664,102044187_NEG538575988280255664,A,2.0,20.8687,53.85759887222229,-28.02556642635688,,
stamps/102044187_NEG542891812279697972_VIS_101.fits,1,-542891812279697972,102044187_NEG542891812279697972,B,2.0,20.538,54.289181214003854,-27.96979729520765,,
stamps/102044188_NEG548070624278595332_VIS_101.fits,1,-548070624278595332,102044188_NEG548070624278595332,A,2.0,19.9366,54.807062463478985,-27.85953328459572,,
stamps/102044821_NEG508798294276486404_VIS_101.fits,1,-508798294276486404,102044821_NEG508798294276486404,A,2.0,18.6456,50.87982942615197,-27.64864043281615,,
stamps/102044821_NEG509449559274572380_VIS_101.fits,1,-509449559274572380,102044821_NEG509449559274572380,A,2.0,20.6836,50.94495595239306,-27.4572380334476,,
stamps/102044823_NEG519633334274259646_VIS_101.fits,1,-519633334274259646,102044823_NEG519633334274259646,A,2.0,20.4758,51.963333406311975,-27.425964645733604,,
stamps/102044823_NEG523091195273907574_VIS_101.fits,1,-523091195273907574,102044823_NEG523091195273907574,B,2.0,22.1423,52.309119513753465,-27.390757480741296,,
stamps/102044824_NEG525230483273308137_VIS_101.fits,1,-525230483273308137,102044824_NEG525230483273308137,B,2.0,22.382,52.5230483017954,-27.33081373157524,,
stamps/102044824_NEG528789191276364582_VIS_101.fits,1,-528789191276364582,102044824_NEG528789191276364582,A,2.0,21.736,52.87891913064314,-27.636458287943867,,
stamps/102044825_NEG534081174272937149_VIS_101.fits,1,-534081174272937149,102044825_NEG534081174272937149,A,2.0,20.1482,53.408117445209946,-27.2937149013282,,
stamps/102044826_NEG537893681272621987_VIS_101.fits,1,-537893681272621987,102044826_NEG537893681272621987,A,2.0,18.6104,53.78936818611787,-27.26219875128607,,
stamps/102044827_NEG542909292272696454_VIS_101.fits,1,-542909292272696454,102044827_NEG542909292272696454,B,2.0,20.3378,54.2909292678002,-27.269645476267584,,
stamps/102044827_NEG544423614276266111_VIS_101.fits,1,-544423614276266111,102044827_NEG544423614276266111,B,2.0,22.3607,54.44236143563962,-27.626611167335145,,
stamps/102045463_NEG510020362271915172_VIS_101.fits,1,-510020362271915172,102045463_NEG510020362271915172,B,2.0,19.7884,51.0020362232379,-27.191517292522285,,
stamps/102045463_NEG510363299272415391_VIS_101.fits,1,-510363299272415391,102045463_NEG510363299272415391,A,2.0,20.0268,51.036329986304246,-27.24153910410949,,
stamps/102045464_NEG512422645270221464_VIS_101.fits,1,-512422645270221464,102045464_NEG512422645270221464,B,2.0,19.7347,51.24226454312596,-27.02214645082399,,
stamps/102045464_NEG514418387268262939_VIS_101.fits,1,-514418387268262939,102045464_NEG514418387268262939,B,2.0,22.2305,51.44183879061816,-26.82629397895439,,
stamps/102045464_NEG515803462270682480_VIS_101.fits,1,-515803462270682480,102045464_NEG515803462270682480,B,2.0,21.521,51.58034629682901,-27.06824809575101,,
stamps/102045466_NEG522784531269221616_VIS_101.fits,1,-522784531269221616,102045466_NEG522784531269221616,A,2.0,21.4412,52.27845319092136,-26.922161677633607,,
stamps/102045466_NEG526398502270513535_VIS_101.fits,1,-526398502270513535,102045466_NEG526398502270513535,A,2.0,21.5972,52.639850230005855,-27.05135350205716,,
stamps/102045466_NEG526735767268568130_VIS_101.fits,1,-526735767268568130,102045466_NEG526735767268568130,B,2.0,22.1539,52.67357673662208,-26.8568130346764,,
stamps/102045467_NEG529760884271850076_VIS_101.fits,1,-529760884271850076,102045467_NEG529760884271850076,B,2.0,21.4224,52.97608846859429,-27.18500763947275,,
stamps/102045468_NEG534525411271636586_VIS_101.fits,1,-534525411271636586,102045468_NEG534525411271636586,A,2.0,22.2092,53.45254118345938,-27.16365862400199,,
stamps/102045468_NEG535850797268396974_VIS_101.fits,1,-535850797268396974,102045468_NEG535850797268396974,B,2.0,20.2914,53.585079752047086,-26.83969741339551,,
stamps/102045468_NEG536440857272232644_VIS_101.fits,1,-536440857272232644,102045468_NEG536440857272232644,B,2.0,18.3346,53.644085783516914,-27.223264429173245,,
stamps/102045468_NEG537581789271144818_VIS_101.fits,1,-537581789271144818,102045468_NEG537581789271144818,B,2.0,20.7592,53.75817891108607,-27.114481825241555,,
stamps/102045470_NEG546481364271947360_VIS_101.fits,1,-546481364271947360,102045470_NEG546481364271947360,B,2.0,21.1935,54.64813642542638,-27.19473600162915,,
stamps/102046110_NEG518495362266147268_VIS_101.fits,1,-518495362266147268,102046110_NEG518495362266147268,B,2.0,20.9465,51.84953628065392,-26.614726818475344,,
stamps/102046111_NEG522631915266742195_VIS_101.fits,1,-522631915266742195,102046111_NEG522631915266742195,B,2.0,21.298,52.26319153218572,-26.674219571254035,,
stamps/102046111_NEG524535231263409554_VIS_101.fits,1,-524535231263409554,102046111_NEG524535231263409554,B,2.0,22.1229,52.453523130156384,-26.34095544998652,,
stamps/102046111_NEG525445060265211534_VIS_101.fits,1,-525445060265211534,102046111_NEG525445060265211534,B,2.0,22.1333,52.54450604134525,-26.521153444380623,,
stamps/102046111_NEG525674252262710433_VIS_101.fits,1,-525674252262710433,102046111_NEG525674252262710433,B,2.0,19.2405,52.56742527162064,-26.27104331001816,,
stamps/102046114_NEG537084154267015431_VIS_101.fits,1,-537084154267015431,102046114_NEG537084154267015431,A,2.0,21.8539,53.70841543605162,-26.70154319440072,,
stamps/102046114_NEG537352034266671160_VIS_101.fits,1,-537352034266671160,102046114_NEG537352034266671160,B,2.0,17.9078,53.73520340274464,-26.667116031154272,,
stamps/102046114_NEG540908760267374976_VIS_101.fits,1,-540908760267374976,102046114_NEG540908760267374976,B,2.0,20.754,54.09087606219873,-26.73749766724749,,
stamps/102046761_NEG531782867262094267_VIS_101.fits,1,-531782867262094267,102046761_NEG531782867262094267,A,2.0,21.5408,53.17828670361266,-26.2094267877214,,
stamps/102046761_NEG532020950261969455_VIS_101.fits,1,-532020950261969455,102046761_NEG532020950261969455,A,2.0,20.2804,53.20209508963684,-26.19694558334184,,
stamps/102046761_NEG534264558260612632_VIS_101.fits,1,-534264558260612632,102046761_NEG534264558260612632,B,2.0,20.8984,53.42645580108414,-26.06126322516176,,
stamps/102157629_2659727733636823810_VIS_101.fits,1,2659727733636823810,102157629_2659727733636823810,B,2.0,20.1178,265.9727733948663,63.68238103492873,,
stamps/102157630_2665772836637102014_VIS_101.fits,1,2665772836637102014,102157630_2665772836637102014,A,2.0,19.3059,266.57728361767727,63.710201464734894,,
stamps/102157632_2691754663635937458_VIS_101.fits,1,2691754663635937458,102157632_2691754663635937458,B,2.0,21.9316,269.1754663378086,63.59374584927868,,
stamps/102157633_2702499990636559109_VIS_101.fits,1,2702499990636559109,102157633_2702499990636559109,B,2.0,20.4253,270.2499990023647,63.655910974510576,,
stamps/102157952_2658211530641487553_VIS_101.fits,1,2658211530641487553,102157952_2658211530641487553,A,3.0,21.0129,265.8211530815124,64.14875539666241,,
stamps/102157952_2658616879639330994_VIS_101.fits,1,2658616879639330994,102157952_2658616879639330994,B,2.0,21.1951,265.861687959614,63.93309942153464,,
stamps/102157953_2668203348640973901_VIS_101.fits,1,2668203348640973901,102157953_2668203348640973901,B,2.0,21.4017,266.8203348265631,64.09739011616426,,
stamps/102157953_2668288172639391107_VIS_101.fits,1,2668288172639391107,102157953_2668288172639391107,A,2.0,22.4991,266.82881722844246,63.93911077986698,,
stamps/102157953_2669397021640472384_VIS_101.fits,1,2669397021640472384,102157953_2669397021640472384,A,2.0,19.2959,266.9397021862729,64.04723848691526,,
stamps/102157953_2670994480641865653_VIS_101.fits,1,2670994480641865653,102157953_2670994480641865653,A,2.0,18.4674,267.0994480956625,64.18656538062261,,
stamps/102157954_2677725526640039676_VIS_101.fits,1,2677725526640039676,102157954_2677725526640039676,B,2.0,19.704,267.7725526627888,64.00396761991807,,
stamps/102157954_2678629431639725549_VIS_101.fits,1,2678629431639725549,102157954_2678629431639725549,A,2.0,20.0074,267.86294315834544,63.972554932473166,,
stamps/102157954_2679576312639125362_VIS_101.fits,1,2679576312639125362,102157954_2679576312639125362,A,2.0,19.2517,267.95763121804384,63.9125362457922,,
stamps/102157955_2685490710638126805_VIS_101.fits,1,2685490710638126805,102157955_2685490710638126805,A,2.0,20.5729,268.54907109955803,63.81268052480853,,
stamps/102157955_2689800257639551890_VIS_101.fits,1,2689800257639551890,102157955_2689800257639551890,A,2.0,19.6354,268.9800257836048,63.955189029991246,,
stamps/102157956_2695046853638479184_VIS_101.fits,1,2695046853638479184,102157956_2695046853638479184,B,3.0,20.8164,269.50468537766204,63.84791845246926,,
stamps/102157956_2700546205640397835_VIS_101.fits,1,2700546205640397835,102157956_2700546205640397835,A,2.0,21.6045,270.0546205082691,64.0397835666413,,
stamps/102157956_2704655017641535458_VIS_101.fits,1,2704655017641535458,102157956_2704655017641535458,B,2.0,22.4228,270.4655017057284,64.15354585385174,,
stamps/102157957_2711813162637737494_VIS_101.fits,1,2711813162637737494,102157957_2711813162637737494,B,2.0,19.3538,271.1813162216756,63.773749419215626,,
stamps/102157958_2719195933641972975_VIS_101.fits,1,2719195933641972975,102157958_2719195933641972975,A,2.0,21.2793,271.919593396224,64.1972975435358,,
stamps/102157958_2722285786638229999_VIS_101.fits,1,2722285786638229999,102157958_2722285786638229999,B,2.0,18.5905,272.22857861828805,63.822999916812485,,
stamps/102157958_2727137773639721420_VIS_101.fits,1,2727137773639721420,102157958_2727137773639721420,A,2.0,19.0665,272.713777307259,63.97214203825033,,
stamps/102158270_2654337786643538414_VIS_101.fits,1,2654337786643538414,102158270_2654337786643538414,A,2.0,21.5154,265.43377860339933,64.35384146804655,,
stamps/102158270_2656382386643695481_VIS_101.fits,1,2656382386643695481,102158270_2656382386643695481,B,2.0,21.847,265.6382386693545,64.36954818386313,,
stamps/102158270_2656815066646473630_VIS_101.fits,1,2656815066646473630,102158270_2656815066646473630,A,2.0,19.8538,265.681506630342,64.64736309077054,,
stamps/102158270_2660101090644460436_VIS_101.fits,1,2660101090644460436,102158270_2660101090644460436,B,2.0,19.2804,266.0101090586714,64.44604369485799,,
stamps/102158270_2662527621645054682_VIS_101.fits,1,2662527621645054682,102158270_2662527621645054682,B,3.0,20.7842,266.25276217727634,64.5054682940064,,
stamps/102158271_2672343829643151429_VIS_101.fits,1,2672343829643151429,102158271_2672343829643151429,A,2.0,22.1255,267.23438291261016,64.31514299489444,,
stamps/102158272_2678087036644598709_VIS_101.fits,1,2678087036644598709,102158272_2678087036644598709,A,2.0,22.1328,267.8087036964251,64.45987091477285,,
stamps/102158272_2683555203642954376_VIS_101.fits,1,2683555203642954376,102158272_2683555203642954376,A,2.0,20.1744,268.3555203318142,64.29543764195286,,
stamps/102158272_2685730342643470690_VIS_101.fits,1,2685730342643470690,102158272_2685730342643470690,B,2.0,19.3113,268.5730342815341,64.34706905219893,,
stamps/102158273_2697192667642722765_VIS_101.fits,1,2697192667642722765,102158273_2697192667642722765,A,2.0,21.1693,269.7192667017294,64.27227651525557,,
stamps/102158274_2704723597642696271_VIS_101.fits,1,2704723597642696271,102158274_2704723597642696271,A,2.0,21.5906,270.4723597403578,64.26962718083168,,
stamps/102158274_2706060111645234144_VIS_101.fits,1,2706060111645234144,102158274_2706060111645234144,B,2.0,20.0395,270.6060111075193,64.52341440180304,,
stamps/102158275_2709777393645726835_VIS_101.fits,1,2709777393645726835,102158275_2709777393645726835,A,2.0,20.0979,270.977739341077,64.57268354179256,,
stamps/102158275_2713231622643632503_VIS_101.fits,1,2713231622643632503,102158275_2713231622643632503,B,2.0,20.8654,271.3231622601812,64.36325033443039,,
stamps/102158276_2722561985645255526_VIS_101.fits,1,2722561985645255526,102158276_2722561985645255526,B,2.0,20.7519,272.25619852909443,64.5255526391153,,
stamps/102158276_2727435595645547639_VIS_101.fits,1,2727435595645547639,102158276_2727435595645547639,B,2.0,18.4971,272.7435595161034,64.55476393577682,,
stamps/102158276_2727570223645896962_VIS_101.fits,1,2727570223645896962,102158276_2727570223645896962,A,2.0,20.3003,272.7570223673387,64.58969626327753,,
stamps/102158277_2733524648645511387_VIS_101.fits,1,2733524648645511387,102158277_2733524648645511387,B,2.0,20.4111,273.3524648265846,64.55113873843047,,
stamps/102158277_2738945549646397299_VIS_101.fits,1,2738945549646397299,102158277_2738945549646397299,A,2.0,22.1203,273.8945549705793,64.63972990931421,,
stamps/102158580_2631644629651693582_VIS_101.fits,1,2631644629651693582,102158580_2631644629651693582,B,2.0,21.8936,263.16446299769245,65.16935824161169,,
stamps/102158582_2655753387652324244_VIS_101.fits,1,2655753387652324244,102158582_2655753387652324244,B,2.0,19.8709,265.57533878130045,65.23242440822226,,
stamps/102158583_2672803654649962203_VIS_101.fits,1,2672803654649962203,102158583_2672803654649962203,B,2.0,19.3943,267.280365471512,64.99622031604929,,
stamps/102158584_2687900321650859511_VIS_101.fits,1,2687900321650859511,102158584_2687900321650859511,A,2.0,20.7152,268.79003210743605,65.08595110358115,,
stamps/102158584_2687970439648743491_VIS_101.fits,1,2687970439648743491,102158584_2687970439648743491,B,2.0,20.52,268.797043967054,64.87434919733515,,
stamps/102158584_2688054361648826754_VIS_101.fits,1,2688054361648826754,102158584_2688054361648826754,B,2.0,21.0349,268.80543613154765,64.88267549138783,,
stamps/102158584_2688149271647967093_VIS_101.fits,1,2688149271647967093,102158584_2688149271647967093,A,2.0,20.1905,268.8149271987569,64.79670930779008,,
stamps/102158585_2690666515648268601_VIS_101.fits,1,2690666515648268601,102158585_2690666515648268601,A,2.0,19.3693,269.0666515554563,64.82686014026385,,
stamps/102158585_2694958058650832108_VIS_101.fits,1,2694958058650832108,102158585_2694958058650832108,B,2.0,20.0979,269.4958058244813,65.083210840253,,
stamps/102158586_2707908112649845702_VIS_101.fits,1,2707908112649845702,102158586_2707908112649845702,A,2.0,22.2777,270.7908112363319,64.9845702769772,,
stamps/102158586_2710017972652457457_VIS_101.fits,1,2710017972652457457,102158586_2710017972652457457,B,3.0,20.6071,271.0017972222676,65.24574575577422,,
stamps/102158586_2710834800648486342_VIS_101.fits,1,2710834800648486342,102158586_2710834800648486342,A,2.0,21.2148,271.08348004173496,64.84863421733759,,
stamps/102158587_2711988261648357583_VIS_101.fits,1,2711988261648357583,102158587_2711988261648357583,B,3.0,19.6805,271.1988261717693,64.8357583216835,,
stamps/102158589_2744568849651754043_VIS_101.fits,1,2744568849651754043,102158589_2744568849651754043,A,2.0,17.8653,274.45688499444947,65.17540439711732,,
stamps/102158589_2744607815651760624_VIS_101.fits,1,2744607815651760624,102158589_2744607815651760624,A,2.0,19.4757,274.46078151981294,65.17606245864386,,
stamps/102158590_2751102237648287695_VIS_101.fits,1,2751102237648287695,102158590_2751102237648287695,B,2.0,22.2092,275.1102237524699,64.8287695823032,,
stamps/102158885_2631975188656022964_VIS_101.fits,1,2631975188656022964,102158885_2631975188656022964,B,3.0,20.4914,263.19751881131816,65.60229648001264,,
stamps/102158886_2639435536653600933_VIS_101.fits,1,2639435536653600933,102158886_2639435536653600933,B,2.0,19.3305,263.94355360158056,65.3600933406733,,
stamps/102158886_2641867744653343162_VIS_101.fits,1,2641867744653343162,102158886_2641867744653343162,A,2.0,21.3125,264.1867744091848,65.33431624987132,,
stamps/102158887_2646461630654930628_VIS_101.fits,1,2646461630654930628,102158887_2646461630654930628,A,2.0,19.5245,264.64616303287295,65.49306284930077,,
stamps/102158887_2648223419654261880_VIS_101.fits,1,2648223419654261880,102158887_2648223419654261880,A,2.0,20.9711,264.8223419828193,65.42618803638058,,
stamps/102158887_2651714354654861084_VIS_101.fits,1,2651714354654861084,102158887_2651714354654861084,A,2.0,20.1096,265.17143541344655,65.48610840340662,,
stamps/102158887_2654129070655512593_VIS_101.fits,1,2654129070655512593,102158887_2654129070655512593,A,2.0,20.3412,265.41290700547484,65.55125935194354,,
stamps/102158887_2655306065654633189_VIS_101.fits,1,2655306065654633189,102158887_2655306065654633189,A,2.0,21.4574,265.5306065631984,65.46331893363914,,
stamps/102158887_2655528906655835262_VIS_101.fits,1,2655528906655835262,102158887_2655528906655835262,A,2.0,20.6824,265.55289065640727,65.5835262260394,,
stamps/102158888_2657819747657129186_VIS_101.fits,1,2657819747657129186,102158888_2657819747657129186,B,2.0,18.5873,265.78197471779185,65.71291865956003,,
stamps/102158888_2659467460657407372_VIS_101.fits,1,2659467460657407372,102158888_2659467460657407372,B,2.0,19.9198,265.9467460193917,65.7407372719755,,
stamps/102158888_2659753895653871052_VIS_101.fits,1,2659753895653871052,102158888_2659753895653871052,B,2.0,21.3068,265.9753895280555,65.38710523882253,,
stamps/102158888_2667434443654461269_VIS_101.fits,1,2667434443654461269,102158888_2667434443654461269,A,2.0,20.7438,266.7434443925532,65.44612692321355,,
stamps/102158889_2668443415653707960_VIS_101.fits,1,2668443415653707960,102158889_2668443415653707960,B,2.0,21.6992,266.8443415141928,65.37079608035918,,
stamps/102158889_2674118174654422285_VIS_101.fits,1,2674118174654422285,102158889_2674118174654422285,A,3.0,20.3686,267.4118174099874,65.44222856535436,,
stamps/102158889_2677624236654538082_VIS_101.fits,1,2677624236654538082,102158889_2677624236654538082,A,2.0,20.2501,267.762423658248,65.45380829154423,,
stamps/102158889_2677813028655307424_VIS_101.fits,1,2677813028655307424,102158889_2677813028655307424,A,2.0,13.0966,267.78130284070573,65.53074243100221,,
stamps/102158890_2680242082656735280_VIS_101.fits,1,2680242082656735280,102158890_2680242082656735280,B,2.0,19.9068,268.024208255704,65.6735280308199,,
stamps/102158890_2683357136652678772_VIS_101.fits,1,2683357136652678772,102158890_2683357136652678772,A,2.0,21.5644,268.3357136809144,65.26787725606941,,
stamps/102158891_2698899135652599785_VIS_101.fits,1,2698899135652599785,102158891_2698899135652599785,A,2.0,20.0682,269.8899135840037,65.2599785081468,,
stamps/102158891_2699896914654311553_VIS_101.fits,1,2699896914654311553,102158891_2699896914654311553,A,2.0,19.9137,269.98969140340046,65.43115534265293,,
stamps/102158891_2700857611652676803_VIS_101.fits,1,2700857611652676803,102158891_2700857611652676803,A,2.0,21.8591,270.0857611762812,65.26768037561399,,
stamps/102158892_2703681011657269406_VIS_101.fits,1,2703681011657269406,102158892_2703681011657269406,A,3.0,20.3488,270.368101176438,65.7269406739178,,
stamps/102158892_2703838311654309323_VIS_101.fits,1,2703838311654309323,102158892_2703838311654309323,B,2.0,19.1614,270.383831154244,65.43093239635579,,
stamps/102158892_2704470582654415692_VIS_101.fits,1,2704470582654415692,102158892_2704470582654415692,A,1.0,18.4429,270.44705826038404,65.4415692078126,,
stamps/102158893_2719347803657244854_VIS_101.fits,1,2719347803657244854,102158893_2719347803657244854,B,3.0,20.518,271.9347803724526,65.7244854670406,,
stamps/102158893_2720583810655664894_VIS_101.fits,1,2720583810655664894,102158893_2720583810655664894,A,2.0,20.1923,272.05838105279497,65.5664894900246,,
stamps/102158894_2730612507653143373_VIS_101.fits,1,2730612507653143373,102158894_2730612507653143373,A,2.0,18.0174,273.06125079548667,65.31433733285209,,
stamps/102158894_2733212462655784384_VIS_101.fits,1,2733212462655784384,102158894_2733212462655784384,A,2.0,19.361,273.3212462317532,65.57843846636936,,
stamps/102158896_2752149841653729649_VIS_101.fits,1,2752149841653729649,102158896_2752149841653729649,B,2.0,19.8417,275.2149841814818,65.37296492574811,,
stamps/102158896_2752645036652374998_VIS_101.fits,1,2752645036652374998,102158896_2752645036652374998,A,2.0,17.6301,275.2645036757121,65.23749986490333,,
stamps/102158896_2755778332656876880_VIS_101.fits,1,2755778332656876880,102158896_2755778332656876880,A,2.0,18.9494,275.5778332023385,65.68768806282,,
stamps/102158896_2760272555655712464_VIS_101.fits,1,2760272555655712464,102158896_2760272555655712464,B,3.0,20.3189,276.0272555248371,65.57124647764964,,
stamps/102159186_2631794504660304436_VIS_101.fits,1,2631794504660304436,102159186_2631794504660304436,A,2.0,21.4996,263.17945044356406,66.0304436122694,,
stamps/102159186_2632387939662408264_VIS_101.fits,1,2632387939662408264,102159186_2632387939662408264,A,2.0,21.0799,263.23879390157254,66.24082642257652,,
stamps/102159187_2638806679660192602_VIS_101.fits,1,2638806679660192602,102159187_2638806679660192602,B,2.0,19.8499,263.8806679557297,66.01926021464115,,
stamps/102159187_2639230520659765010_VIS_101.fits,1,2639230520659765010,102159187_2639230520659765010,A,2.0,20.4551,263.92305205053293,65.9765010372005,,
stamps/102159187_2645580164662468179_VIS_101.fits,1,2645580164662468179,102159187_2645580164662468179,B,2.0,20.0812,264.55801641779,66.24681799395167,,
stamps/102159187_2646504448657919965_VIS_101.fits,1,2646504448657919965,102159187_2646504448657919965,B,2.0,22.3223,264.6504448855512,65.79199651842181,,
stamps/102159188_2652763834658560044_VIS_101.fits,1,2652763834658560044,102159188_2652763834658560044,A,2.0,18.7448,265.27638346784005,65.85600442323606,,
stamps/102159189_2663231466659368059_VIS_101.fits,1,2663231466659368059,102159189_2663231466659368059,A,2.0,20.3923,266.32314660184653,65.93680598259884,,
stamps/102159189_2667596748662187959_VIS_101.fits,1,2667596748662187959,102159189_2667596748662187959,A,2.0,20.8649,266.7596748105514,66.218795975012,,
stamps/102159189_2669116606659806362_VIS_101.fits,1,2669116606659806362,102159189_2669116606659806362,A,2.0,21.0405,266.9116606222967,65.98063623573434,,
stamps/102159189_2669674055661286334_VIS_101.fits,1,2669674055661286334,102159189_2669674055661286334,A,3.0,21.368,266.9674055993545,66.12863341360313,,
stamps/102159191_2683342191661471471_VIS_101.fits,1,2683342191661471471,102159191_2683342191661471471,B,2.0,22.2443,268.3342191477879,66.14714712381733,,
stamps/102159191_2686897092659972714_VIS_101.fits,1,2686897092659972714,102159191_2686897092659972714,B,2.0,22.3663,268.68970920939927,65.9972714327098,,
stamps/102159192_2695197869661844158_VIS_101.fits,1,2695197869661844158,102159192_2695197869661844158,A,2.0,21.8617,269.5197869860399,66.18441585056613,,
stamps/102159192_2699004780662092340_VIS_101.fits,1,2699004780662092340,102159192_2699004780662092340,A,2.0,20.2248,269.9004780925334,66.2092340860312,,
stamps/102159194_2723464956661228420_VIS_101.fits,1,2723464956661228420,102159194_2723464956661228420,A,2.0,21.3004,272.3464956503574,66.12284205652554,,
stamps/102159195_2734094103661424333_VIS_101.fits,1,2734094103661424333,102159195_2734094103661424333,A,2.0,20.0323,273.4094103263643,66.14243336619603,,
stamps/102159196_2750719383660442039_VIS_101.fits,1,2750719383660442039,102159196_2750719383660442039,A,2.0,22.4334,275.0719383791194,66.04420394490067,,
stamps/102159197_2758626130661770946_VIS_101.fits,1,2758626130661770946,102159197_2758626130661770946,B,2.0,19.2387,275.86261307502593,66.17709460267002,,
stamps/102159481_2634849207665073829_VIS_101.fits,1,2634849207665073829,102159481_2634849207665073829,A,2.0,21.3679,263.48492071150446,66.50738290801786,,
stamps/102159481_2635212626663669301_VIS_101.fits,1,2635212626663669301,102159481_2635212626663669301,A,2.0,18.8619,263.5212626724271,66.36693014159633,,
stamps/102159482_2642474434666614156_VIS_101.fits,1,2642474434666614156,102159482_2642474434666614156,B,2.0,21.7277,264.24744342726655,66.66141563469942,,
stamps/102159483_2659872799666371332_VIS_101.fits,1,2659872799666371332,102159483_2659872799666371332,A,2.0,17.1476,265.987279945432,66.63713320694595,,
stamps/102159484_2663190959666793114_VIS_101.fits,1,2663190959666793114,102159484_2663190959666793114,A,2.0,21.8848,266.31909599320926,66.67931148084118,,
stamps/102159484_2665581065664778853_VIS_101.fits,1,2665581065664778853,102159484_2665581065664778853,B,2.0,20.5413,266.55810653587696,66.47788537074143,,
stamps/102159485_2680932712664697516_VIS_101.fits,1,2680932712664697516,102159485_2680932712664697516,B,2.0,20.8369,268.093271296963,66.46975163883475,,
stamps/102159485_2681289316665353959_VIS_101.fits,1,2681289316665353959,102159485_2681289316665353959,B,2.0,19.5631,268.1289316574225,66.53539596729244,,
stamps/102159486_2691200739666476860_VIS_101.fits,1,2691200739666476860,102159486_2691200739666476860,A,2.0,20.6785,269.1200739576987,66.64768602598777,,
stamps/102159486_2695397736666928563_VIS_101.fits,1,2695397736666928563,102159486_2695397736666928563,A,2.0,18.9751,269.5397736070413,66.69285635133348,,
stamps/102159487_2702648437664620342_VIS_101.fits,1,2702648437664620342,102159487_2702648437664620342,A,2.0,20.6295,270.264843798001,66.46203422228521,,
stamps/102159488_2715904729665064695_VIS_101.fits,1,2715904729665064695,102159488_2715904729665064695,A,2.0,21.1253,271.5904729815268,66.5064695088448,,
stamps/102159488_2717571775663564534_VIS_101.fits,1,2717571775663564534,102159488_2717571775663564534,A,2.0,21.5002,271.75717754417883,66.3564534849012,,
stamps/102159489_2725731664662876609_VIS_101.fits,1,2725731664662876609,102159489_2725731664662876609,B,2.0,22.0534,272.5731664097009,66.28766098258262,,
stamps/102159489_2726981595665987676_VIS_101.fits,1,2726981595665987676,102159489_2726981595665987676,A,2.0,17.2858,272.698159588393,66.59876761464275,,
stamps/102159489_2728201578663264671_VIS_101.fits,1,2728201578663264671,102159489_2728201578663264671,B,2.0,21.5561,272.8201578460188,66.32646714756937,,
stamps/102159489_2730705167663624037_VIS_101.fits,1,2730705167663624037,102159489_2730705167663624037,A,3.0,20.5026,273.07051672243847,66.36240377723576,,
stamps/102159491_2750401520665356534_VIS_101.fits,1,2750401520665356534,102159491_2750401520665356534,B,2.0,21.7463,275.0401520762689,66.53565347576068,,
stamps/102159491_2759377187664442986_VIS_101.fits,1,2759377187664442986,102159491_2759377187664442986,B,2.0,22.2765,275.9377187181359,66.44429869121905,,
stamps/102159771_2643073721671053537_VIS_101.fits,1,2643073721671053537,102159771_2643073721671053537,B,2.0,19.5687,264.3073721070583,67.10535370647938,,
stamps/102159771_2645195528669074866_VIS_101.fits,1,2645195528669074866,102159771_2645195528669074866,B,2.0,20.4594,264.5195528461879,66.90748669071384,,
stamps/102159772_2654573101671251576_VIS_101.fits,1,2654573101671251576,102159772_2654573101671251576,A,2.0,19.5548,265.4573101116544,67.12515766401812,,
stamps/102159772_2657244795670716163_VIS_101.fits,1,2657244795670716163,102159772_2657244795670716163,A,2.0,19.5724,265.72447956578617,67.07161638988462,,
stamps/102159772_2662654897671699728_VIS_101.fits,1,2662654897671699728,102159772_2662654897671699728,B,2.0,21.4329,266.2654897541963,67.16997281564578,,
stamps/102159773_2671366170672094055_VIS_101.fits,1,2671366170672094055,102159773_2671366170672094055,B,2.0,21.535,267.13661707775447,67.20940554012809,,
stamps/102159773_2677079122669151496_VIS_101.fits,1,2677079122669151496,102159773_2677079122669151496,A,2.0,19.2224,267.70791227786816,66.91514966802278,,
stamps/102159776_2707047371671953097_VIS_101.fits,1,2707047371671953097,102159776_2707047371671953097,A,2.0,21.8713,270.70473716015675,67.19530976227985,,
stamps/102159776_2711220936669189145_VIS_101.fits,1,2711220936669189145,102159776_2711220936669189145,B,3.0,19.2639,271.12209364755324,66.91891459077462,,
stamps/102159776_2714258099668328507_VIS_101.fits,1,2714258099668328507,102159776_2714258099668328507,B,2.0,19.2846,271.425809924928,66.83285075285441,,
stamps/102159777_2716319161668542331_VIS_101.fits,1,2716319161668542331,102159777_2716319161668542331,A,2.0,20.8659,271.6319161478719,66.85423311849298,,
stamps/102159777_2718673262669682284_VIS_101.fits,1,2718673262669682284,102159777_2718673262669682284,B,2.0,20.1017,271.86732629247143,66.96822846151996,,
stamps/102159777_2726775566670351257_VIS_101.fits,1,2726775566670351257,102159777_2726775566670351257,A,2.0,21.6126,272.6775566073241,67.0351257916041,,
stamps/102159778_2733418388668044661_VIS_101.fits,1,2733418388668044661,102159778_2733418388668044661,A,2.0,21.3644,273.3418388879678,66.8044661007292,,
stamps/102159778_2735946368671378903_VIS_101.fits,1,2735946368671378903,102159778_2735946368671378903,A,2.0,19.3074,273.59463687052335,67.13789039707821,,
stamps/102159779_2743381563669492033_VIS_101.fits,1,2743381563669492033,102159779_2743381563669492033,B,2.0,20.6904,274.3381563198547,66.94920339571343,,
stamps/102160055_2646891602674889078_VIS_101.fits,1,2646891602674889078,102160055_2646891602674889078,B,2.0,20.7279,264.68916020657315,67.48890780057275,,
stamps/102160056_2663488981675470136_VIS_101.fits,1,2663488981675470136,102160056_2663488981675470136,A,2.0,18.969,266.3488981008601,67.54701363115285,,
stamps/102160057_2669613885677463506_VIS_101.fits,1,2669613885677463506,102160057_2669613885677463506,B,2.0,22.1742,266.96138852581646,67.74635067673377,,
stamps/102160057_2679227916675153944_VIS_101.fits,1,2679227916675153944,102160057_2679227916675153944,B,2.0,20.9491,267.92279169780943,67.51539448302714,,
stamps/102160058_2684023754674529862_VIS_101.fits,1,2684023754674529862,102160058_2684023754674529862,B,2.0,21.4869,268.40237540723274,67.45298620006291,,
stamps/102160058_2689874038672725438_VIS_101.fits,1,2689874038672725438,102160058_2689874038672725438,B,2.0,21.3041,268.9874038838035,67.27254384085201,,
stamps/102160058_2690177088672937227_VIS_101.fits,1,2690177088672937227,102160058_2690177088672937227,B,2.0,20.7911,269.01770880905895,67.29372273099628,,
stamps/102160059_2697821071675011270_VIS_101.fits,1,2697821071675011270,102160059_2697821071675011270,B,2.0,21.1494,269.7821071015082,67.50112703615102,,
stamps/102160060_2706622399674599706_VIS_101.fits,1,2706622399674599706,102160060_2706622399674599706,B,2.0,20.876,270.6622399379065,67.45997061688014,,
stamps/102160060_2712298158674755917_VIS_101.fits,1,2712298158674755917,102160060_2712298158674755917,A,2.0,21.9642,271.2298158809224,67.47559170031597,,
stamps/102160060_2714236250676150798_VIS_101.fits,1,2714236250676150798,102160060_2714236250676150798,B,2.0,21.6339,271.4236250299241,67.61507986297252,,
stamps/102160060_2716552208674838777_VIS_101.fits,1,2716552208674838777,102160060_2716552208674838777,B,2.0,20.1677,271.65522085429484,67.48387774961559,,
stamps/102160062_2738460691675239507_VIS_101.fits,1,2738460691675239507,102160062_2738460691675239507,B,2.0,18.8333,273.8460691095558,67.52395071396087,,
stamps/102160334_2661812445678287733_VIS_101.fits,1,2661812445678287733,102160334_2661812445678287733,B,2.0,22.4023,266.181244507451,67.82877334896861,,
stamps/102160334_2665945112680410578_VIS_101.fits,1,2665945112680410578,102160334_2665945112680410578,B,2.0,21.4194,266.5945112890753,68.04105787642916,,
stamps/102160335_2672690861681717566_VIS_101.fits,1,2672690861681717566,102160335_2672690861681717566,B,2.0,21.5094,267.269086163563,68.17175669313491,,
stamps/102160335_2672720281680709434_VIS_101.fits,1,2672720281680709434,102160335_2672720281680709434,B,2.0,20.7129,267.2720281605204,68.0709434252139,,
stamps/102160335_2673678625680739495_VIS_101.fits,1,2673678625680739495,102160335_2673678625680739495,B,2.0,21.8959,267.367862556498,68.0739495146494,,
stamps/102160335_2680788986678866937_VIS_101.fits,1,2680788986678866937,102160335_2680788986678866937,B,2.0,21.6951,268.07889868386127,67.88669371076048,,
stamps/102160335_2682061397679348286_VIS_101.fits,1,2682061397679348286,102160335_2682061397679348286,A,2.0,21.1914,268.20613979827726,67.93482862722318,,
stamps/102160336_2685084962682049281_VIS_101.fits,1,2685084962682049281,102160336_2685084962682049281,A,2.0,17.3441,268.5084962055178,68.20492815466524,,
stamps/102160336_2694549514678142483_VIS_101.fits,1,2694549514678142483,102160336_2694549514678142483,A,2.0,20.2297,269.454951470646,67.81424836837486,,
stamps/102160336_2695945753681853613_VIS_101.fits,1,2695945753681853613,102160336_2695945753681853613,A,2.0,22.0093,269.59457532951967,68.18536135682035,,
stamps/102160337_2700171490680496942_VIS_101.fits,1,2700171490680496942,102160337_2700171490680496942,B,2.0,21.0373,270.01714901079066,68.04969420417832,,
stamps/102160337_2701254133678933511_VIS_101.fits,1,2701254133678933511,102160337_2701254133678933511,A,2.0,20.1044,270.1254133752072,67.89335117440586,,
stamps/102160337_2702871940682411776_VIS_101.fits,1,2702871940682411776,102160337_2702871940682411776,B,3.0,20.62,270.2871940683188,68.24117762107761,,
stamps/102160337_2703837081680486960_VIS_101.fits,1,2703837081680486960,102160337_2703837081680486960,B,2.0,19.6014,270.38370813689005,68.0486960259951,,
stamps/102160338_2712384210679392079_VIS_101.fits,1,2712384210679392079,102160338_2712384210679392079,A,2.0,19.236,271.2384210836177,67.93920791430314,,
stamps/102160338_2720592793680584236_VIS_101.fits,1,2720592793680584236,102160338_2720592793680584236,B,2.0,21.6394,272.0592793034646,68.05842364623801,,
stamps/102160340_2740784519677600444_VIS_101.fits,1,2740784519677600444,102160340_2740784519677600444,A,2.0,22.4117,274.0784519087246,67.76004445410977,,
stamps/102160607_2684058176685650370_VIS_101.fits,1,2684058176685650370,102160607_2684058176685650370,B,2.0,21.3893,268.4058176178527,68.56503705310696,,
stamps/102160607_2685509147685729039_VIS_101.fits,1,2685509147685729039,102160607_2685509147685729039,B,2.0,21.1204,268.5509147155565,68.5729039546238,,
stamps/102160610_2725640304686403990_VIS_101.fits,1,2725640304686403990,102160610_2725640304686403990,A,2.0,19.0678,272.5640304560574,68.64039906186375,,
stamps/102160610_2728596478683519590_VIS_101.fits,1,2728596478683519590,102160610_2728596478683519590,B,2.0,20.0824,272.85964788998524,68.35195904078404,,
stamps/102160610_2729256016684457774_VIS_101.fits,1,2729256016684457774,102160610_2729256016684457774,A,2.0,22.4165,272.9256016059579,68.44577749091418,,
stamps/102160611_2740328687682808789_VIS_101.fits,1,2740328687682808789,102160611_2740328687682808789,A,3.0,19.4412,274.0328687229435,68.28087896462162,,
stamps/2735604614652957709_VIS_101.fits,0,2735604614652957709,,,3.0,18.9823,273.56046140324787,65.29577098496702,1.0,102019593_NEG612269334502356628
stamps/2633703988653459505_VIS_101.fits,0,2633703988653459505,,,3.0,18.8008,263.3703988634694,65.34595053746206,2.0,102021982_NEG597271535474325465
stamps/-585031135509586707_VIS_101.fits,0,-585031135509586707,,,2.0,21.3679,58.50311356500244,-50.95867077258491,3.0,102159481_2634849207665073829
stamps/-513158162273851007_VIS_101.fits,0,-513158162273851007,,,2.0,20.0395,51.315816285482455,-27.385100797243133,4.0,102158274_2706060111645234144
stamps/-590282766486478705_VIS_101.fits,0,-590282766486478705,,,2.0,20.1468,59.02827662853223,-48.64787052324724,5.0,102042284_NEG526888815294982643
stamps/-580024733483418906_VIS_101.fits,0,-580024733483418906,,,2.0,19.183,58.00247336683619,-48.34189066430334,6.0,102022477_NEG613081088467583327
stamps/-641535498466816501_VIS_101.fits,0,-641535498466816501,,,2.0,21.192,64.15354982833554,-46.68165011786855,7.0,102019126_NEG589597149505340169
stamps/2682240829680478703_VIS_101.fits,0,2682240829680478703,,,2.0,22.2986,268.2240829259926,68.04787030924072,8.0,102018665_NEG570040238507752998
stamps/2657064810676301802_VIS_101.fits,0,2657064810676301802,,,2.0,19.3942,265.70648103151194,67.63018025233455,9.0,102158583_2672803654649962203
stamps/2691386577674015001_VIS_101.fits,0,2691386577674015001,,,2.0,19.2224,269.13865771218946,67.4015001958942,10.0,102159773_2677079122669151496
stamps/2665741902677348207_VIS_101.fits,0,2665741902677348207,,,2.0,17.8779,266.5741902280026,67.73482074687237,11.0,102043552_NEG547756940286644821
stamps/-623600706468739405_VIS_101.fits,0,-623600706468739405,,,2.0,22.4117,62.36007066066544,-46.873940597506895,12.0,102160340_2740784519677600444
stamps/2692525797660471608_VIS_101.fits,0,2692525797660471608,,,2.0,19.9692,269.25257972487617,66.04716084852839,13.0,102019591_NEG601417531499600002
stamps/2637039932659755908_VIS_101.fits,0,2637039932659755908,,,2.0,20.2297,263.70399323201053,65.97559089635855,14.0,102160336_2694549514678142483
stamps/2751858809677455600_VIS_101.fits,0,2751858809677455600,,,3.0,21.5282,275.18588099305657,67.74556002443893,15.0,102023479_NEG633382827461467539
stamps/2715161094662810202_VIS_101.fits,0,2715161094662810202,,,2.0,20.6836,271.51610949619504,66.28102024174568,16.0,102044821_NEG509449559274572380
stamps/-664839103479573106_VIS_101.fits,0,-664839103479573106,,,2.0,19.0678,66.48391039517811,-47.957310695615085,17.0,102160610_2725640304686403990
stamps/-550373522284545105_VIS_101.fits,0,-550373522284545105,,,2.0,21.8415,55.03735227341934,-28.45451055655361,18.0,102043549_NEG530257443283430270
stamps/2670714092656362503_VIS_101.fits,0,2670714092656362503,,,2.0,19.4412,267.0714092528126,65.63625034658511,19.0,102160611_2740328687682808789
stamps/2660563138636390705_VIS_101.fits,0,2660563138636390705,,,3.0,20.3189,266.0563138356094,63.639070591960206,20.0,102158896_2760272555655712464
stamps/-559750342489826407_VIS_101.fits,0,-559750342489826407,,,2.0,21.3004,55.9750342859812,-48.98264070492863,21.0,102159194_2723464956661228420
stamps/2703304656672788708_VIS_101.fits,0,2703304656672788708,,,2.0,19.9137,270.3304656437125,67.27887083194231,22.0,102158891_2699896914654311553
stamps/2653957470659811904_VIS_101.fits,0,2653957470659811904,,,2.0,19.3478,265.3957470467671,65.98119044310336,23.0,102022479_NEG623367075470669448
stamps/-544212295273058909_VIS_101.fits,0,-544212295273058909,,,2.0,20.62,54.42122955551584,-27.305890929227715,24.0,102160337_2702871940682411776
stamps/2710497072648880008_VIS_101.fits,0,2710497072648880008,,,2.0,19.5148,271.0497072636318,64.88800084497241,25.0,102044182_NEG510181483277803809
stamps/-633656120460749904_VIS_101.fits,0,-633656120460749904,,,2.0,22.4639,63.36561204786776,-46.07499049297878,26.0,102019588_NEG581189290502362418
stamps/-621399539493236701_VIS_101.fits,0,-621399539493236701,,,2.0,22.3668,62.13995399940431,-49.32367011469613,27.0,102042917_NEG540926519290733004
stamps/-616403456475740404_VIS_101.fits,0,-616403456475740404,,,2.0,19.6813,61.64034564977997,-47.57404047827229,28.0,102020530_NEG572378924491097026
stamps/-595367058495872602_VIS_101.fits,0,-595367058495872602,,,2.0,21.4329,59.53670586790086,-49.58726023155295,29.0,102159772_2662654897671699728
stamps/2728124116658390504_VIS_101.fits,0,2728124116658390504,,,2.0,19.0666,272.812411625445,65.83905043831317,30.0,102157958_2727137773639721420
stamps/-571045963487063100_VIS_101.fits,0,-571045963487063100,,,2.0,19.9877,57.10459631487198,-48.706310075920925,31.0,102042283_NEG520608563295081214
stamps/-575215686485877808_VIS_101.fits,0,-575215686485877808,,,2.0,21.6879,57.52156861835108,-48.5877808226786,32.0,102042914_NEG520791097292457766
stamps/2696804991653762008_VIS_101.fits,0,2696804991653762008,,,2.0,22.1203,269.68049915190704,65.37620088919456,33.0,102158277_2738945549646397299
stamps/-634224967475073708_VIS_101.fits,0,-634224967475073708,,,2.0,20.0979,63.42249670064139,-47.50737089270147,34.0,102158585_2694958058650832108
stamps/-618004222494819409_VIS_101.fits,0,-618004222494819409,,,2.0,19.19,61.80042228947831,-49.4819409430261,35.0,102020528_NEG562073760492316605
stamps/2696853938675343007_VIS_101.fits,0,2696853938675343007,,,2.0,22.2777,269.68539381830635,67.53430074032592,36.0,102158586_2707908112649845702
stamps/2661288656637853301_VIS_101.fits,0,2661288656637853301,,,2.0,20.5026,266.1288656412664,63.78533013833667,37.0,102159489_2730705167663624037
stamps/-584345810484225002_VIS_101.fits,0,-584345810484225002,,,2.0,18.9616,58.43458101972664,-48.42250027487124,38.0,102019125_NEG583028233504223644
stamps/-595783946510101007_VIS_101.fits,0,-595783946510101007,,,2.0,20.4573,59.57839462939047,-51.010100777411736,39.0,102022474_NEG590266584471556814
stamps/-610151681486940002_VIS_101.fits,0,-610151681486940002,,,2.0,20.4757,61.01516812529815,-48.69400022710692,40.0,102044823_NEG519633334274259646
stamps/-607055829460869202_VIS_101.fits,0,-607055829460869202,,,2.0,22.3607,60.70558297129861,-46.08692021980482,41.0,102044827_NEG544423614276266111
stamps/2705130864676966508_VIS_101.fits,0,2705130864676966508,,,2.0,20.9711,270.51308645757126,67.69665085293367,42.0,102158887_2648223419654261880
stamps/-566617173491831906_VIS_101.fits,0,-566617173491831906,,,2.0,22.3554,56.66171735086137,-49.18319064405186,43.0,102020539_NEG642885250488814700
stamps/-592897218511673608_VIS_101.fits,0,-592897218511673608,,,2.0,20.0853,59.28972188373359,-51.16736082712151,44.0,102019587_NEG569380954497924981
stamps/-663574887467278201_VIS_101.fits,0,-663574887467278201,,,2.0,19.3891,66.35748876975386,-46.72782010442933,45.0,102020061_NEG612388468493726389
stamps/-525024584300081701_VIS_101.fits,0,-525024584300081701,,,2.0,19.8679,52.50245840387594,-30.008170184215142,46.0,102022972_NEG597052478465695317
stamps/2681087680636192700_VIS_101.fits,0,2681087680636192700,,,2.0,20.3489,268.1087680505033,63.61927009329111,47.0,102158892_2703681011657269406
stamps/-539105141296728500_VIS_101.fits,0,-539105141296728500,,,2.0,22.1539,53.91051413685198,-29.672850010855136,48.0,102045466_NEG526735767268568130
stamps/-609066304465936301_VIS_101.fits,0,-609066304465936301,,,2.0,19.5549,60.90663049970185,-46.59363016831538,49.0,102159772_2654573101671251576
stamps/-518176408290145105_VIS_101.fits,0,-518176408290145105,,,2.0,20.8928,51.81764087559144,-29.01451051474993,50.0,102041657_NEG527330118300603942
stamps/-609265498491079701_VIS_101.fits,0,-609265498491079701,,,2.0,22.3067,60.92654984376998,-49.1079701749034,51.0,102022474_NEG591186165469192016
stamps/-600882399496110102_VIS_101.fits,0,-600882399496110102,,,2.0,20.799,60.08823995471739,-49.61101021811705,52.0,102021504_NEG664151473481313012
stamps/-544347922268812305_VIS_101.fits,0,-544347922268812305,,,2.0,19.177,54.43479223109707,-26.881230543392565,53.0,102042284_NEG523902104295926900
stamps/-531116478262135509_VIS_101.fits,0,-531116478262135509,,,2.0,19.3813,53.11164787281932,-26.213550970010875,54.0,102019126_NEG589666030505609975
stamps/-579401579481430500_VIS_101.fits,0,-579401579481430500,,,2.0,19.977,57.940157941589845,-48.14305003201408,55.0,102020534_NEG604929086489066527
stamps/-600072576465251906_VIS_101.fits,0,-600072576465251906,,,2.0,19.3611,60.00725761733268,-46.52519064443529,56.0,102158894_2733212462655784384
stamps/-594279853500469007_VIS_101.fits,0,-594279853500469007,,,2.0,21.0349,59.42798535102859,-50.04690077198636,57.0,102158584_2688054361648826754
stamps/-638571203456958200_VIS_101.fits,0,-638571203456958200,,,2.0,22.3539,63.85712036415916,-45.69582009739498,58.0,102021017_NEG637928660482715254
stamps/-657498645487094203_VIS_101.fits,0,-657498645487094203,,,2.0,21.7404,65.74986451933786,-48.7094203603733,59.0,102042913_NEG515847139291141021
stamps/-538968307279679100_VIS_101.fits,0,-538968307279679100,,,2.0,21.8045,53.896830726216976,-27.967910066372635,60.0,102023481_NEG647245161459048846
stamps/2649578388648357706_VIS_101.fits,0,2649578388648357706,,,2.0,20.6463,264.9578388267051,64.83577069867437,61.0,102020056_NEG568919155497446978
stamps/2669045153665458801_VIS_101.fits,0,2669045153665458801,,,2.0,21.3122,266.90451534907714,66.54588017635781,62.0,102021984_NEG609678648473892045
stamps/-659102639488846908_VIS_101.fits,0,-659102639488846908,,,2.0,20.3909,65.91026398194187,-48.88469088532045,63.0,102042919_NEG550105155291238806
stamps/-661613127471333404_VIS_101.fits,0,-661613127471333404,,,2.0,21.4194,66.16131277751802,-47.13334043091867,64.0,102160334_2665945112680410578
stamps/-609295514472574307_VIS_101.fits,0,-609295514472574307,,,2.0,19.1614,60.92955141272501,-47.25743079558716,65.0,102158892_2703838311654309323
stamps/-542610790295713109_VIS_101.fits,0,-542610790295713109,,,2.0,20.876,54.26107908061657,-29.57131095264697,66.0,102160060_2706622399674599706
stamps/-629385585472597907_VIS_101.fits,0,-629385585472597907,,,2.0,21.6339,62.93855855945319,-47.25979074420723,67.0,102160060_2714236250676150798
stamps/-585684100499072304_VIS_101.fits,0,-585684100499072304,,,2.0,19.3977,58.56841000040142,-49.907230470188125,68.0,102019128_NEG608928997504779012
stamps/-625781176478080908_VIS_101.fits,0,-625781176478080908,,,2.0,19.7071,62.57811768536659,-47.80809083333551,69.0,102021981_NEG586493481476452509
stamps/-618821666457760603_VIS_101.fits,0,-618821666457760603,,,2.0,21.4978,61.88216666748196,-45.77606034217224,70.0,102021014_NEG612545150486042170
stamps/-601101345486870004_VIS_101.fits,0,-601101345486870004,,,2.0,19.1225,60.11013451250272,-48.68700044220798,71.0,102022975_NEG617890913466103850
stamps/-566408644499573003_VIS_101.fits,0,-566408644499573003,,,2.0,22.4568,56.64086449847086,-49.95730037842392,72.0,102042913_NEG520471782290867053
stamps/2647089656658149103_VIS_101.fits,0,2647089656658149103,,,2.0,20.6295,264.70896567291527,65.81491034841834,73.0,102159487_2702648437664620342
stamps/-644123809480181805_VIS_101.fits,0,-644123809480181805,,,2.0,20.0299,64.41238091839193,-48.01818055347686,74.0,102021981_NEG583343318473770500
stamps/-611340065466759702_VIS_101.fits,0,-611340065466759702,,,2.0,19.9426,61.134006513440646,-46.67597027771733,75.0,102021498_NEG622697531480704134
stamps/-609892157496905902_VIS_101.fits,0,-609892157496905902,,,2.0,20.7592,60.98921571603615,-49.69059028319265,76.0,102044187_NEG538533000282255459
stamps/-649837738461930000_VIS_101.fits,0,-649837738461930000,,,2.0,21.0568,64.98377384474725,-46.19300005163717,77.0,102020059_NEG595972740496354540
stamps/-580837320510745901_VIS_101.fits,0,-580837320510745901,,,2.0,18.8709,58.08373207976975,-51.07459011893643,78.0,102021500_NEG636294430480333264
stamps/2711614540636196207_VIS_101.fits,0,2711614540636196207,,,2.0,20.8223,271.16145403713693,63.619620741364486,79.0,102019129_NEG617672661504204895
stamps/2640597614646204402_VIS_101.fits,0,2640597614646204402,,,3.0,21.2489,264.0597614813933,64.62044023726042,80.0,102023478_NEG628457640459296313
stamps/-636013325483185808_VIS_101.fits,0,-636013325483185808,,,2.0,20.1148,63.60133252527727,-48.31858089377703,81.0,102042919_NEG549725555290756868
stamps/2705406867636581308_VIS_101.fits,0,2705406867636581308,,,2.0,20.9277,270.5406867975182,63.658130839252905,82.0,102021016_NEG626678160486839020
stamps/-528565857260495101_VIS_101.fits,0,-528565857260495101,,,2.0,18.443,52.85658570471927,-26.04951016930604,83.0,102158892_2704470582654415692
stamps/2678350157644089609_VIS_101.fits,0,2678350157644089609,,,2.0,21.6069,267.8350157251425,64.40896090696621,84.0,102042919_NEG550683279289700727
stamps/2673314817669501706_VIS_101.fits,0,2673314817669501706,,,2.0,20.8488,267.3314817734251,66.95017063932825,85.0,102023480_NEG640270096460844048
stamps/-520919984265258601_VIS_101.fits,0,-520919984265258601,,,2.0,19.5141,52.09199844316424,-26.525860160077286,86.0,102021499_NEG632503018480736583
stamps/2723844945685053608_VIS_101.fits,0,2723844945685053608,,,2.0,20.6894,272.3844945811425,68.50536084173001,87.0,102020529_NEG566452754492393104
stamps/2752121445677095004_VIS_101.fits,0,2752121445677095004,,,3.0,20.3988,275.21214459912284,67.70950048850747,88.0,102021012_NEG594963796484947260
stamps/2718962494680998501_VIS_101.fits,0,2718962494680998501,,,2.0,21.951,271.8962494574737,68.09985019535546,89.0,102021987_NEG632575884473969454
stamps/2682691386679249607_VIS_101.fits,0,2682691386679249607,,,2.0,21.6951,268.26913860344206,67.92496078182188,90.0,102160335_2680788986678866937
stamps/2702073547638172703_VIS_101.fits,0,2702073547638172703,,,2.0,20.4843,270.20735478758,63.81727034024134,91.0,102019127_NEG598523367504401932
stamps/-576373188511611909_VIS_101.fits,0,-576373188511611909,,,2.0,19.8537,57.6373188310017,-51.16119096135933,92.0,102158270_2656815066646473630
stamps/-647369305490996300_VIS_101.fits,0,-647369305490996300,,,2.0,21.4996,64.73693052890486,-49.099630027624805,93.0,102159186_2631794504660304436
stamps/2679609623674354801_VIS_101.fits,0,2679609623674354801,,,2.0,21.9315,267.9609623808649,67.43548016834951,94.0,102157632_2691754663635937458
stamps/2732499218640183404_VIS_101.fits,0,2732499218640183404,,,2.0,22.1423,273.2499218486263,64.01834049788107,95.0,102044823_NEG523091195273907574
stamps/2663786572657310904_VIS_101.fits,0,2663786572657310904,,,2.0,21.4916,266.37865727085983,65.731090471271,96.0,102043552_NEG548209510282510524
stamps/-655040318475740205_VIS_101.fits,0,-655040318475740205,,,2.0,21.1501,65.50403187260204,-47.57402055251303,97.0,102018667_NEG587746535508057234
stamps/2693245146674653501_VIS_101.fits,0,2693245146674653501,,,2.0,21.7202,269.32451461106785,67.46535018143781,98.0,102019127_NEG596525941504553950
stamps/-640926110479932309_VIS_101.fits,0,-640926110479932309,,,2.0,20.4471,64.09261104059122,-47.99323094615213,99.0,102042284_NEG528356577292866317
stamps/-611655837469584103_VIS_101.fits,0,-611655837469584103,,,3.0,19.2402,61.16558372771664,-46.95841038505351,100.0,102046111_NEG525674252262710433
stamps/-553939100493534201_VIS_101.fits,0,-553939100493534201,,,2.0,19.9183,55.39391003525399,-49.35342011270316,101.0,102041657_NEG529209996299100136
stamps/2717135389657780800_VIS_101.fits,0,2717135389657780800,,,2.0,22.2333,271.71353893026094,65.77808001397668,102.0,102022482_NEG647287168468367807
stamps/-606026226490695101_VIS_101.fits,0,-606026226490695101,,,2.0,20.0995,60.60262261416372,-49.06951014539388,103.0,102042283_NEG518770667295125494
stamps/-513866493284798908_VIS_101.fits,0,-513866493284798908,,,2.0,19.2517,51.38664939655994,-28.47989081212652,104.0,102157954_2679576312639125362
stamps/2630015375665430601_VIS_101.fits,0,2630015375665430601,,,2.0,21.767,263.00153753111,66.54306012568998,105.0,102020061_NEG608203827493491303
stamps/-537936429291376507_VIS_101.fits,0,-537936429291376507,,,2.0,20.2249,53.79364296997448,-29.13765072057904,106.0,102159192_2699004780662092340
stamps/-605650701476046402_VIS_101.fits,0,-605650701476046402,,,2.0,22.2092,60.56507019453391,-47.60464021780477,107.0,102045468_NEG534525411271636586
stamps/-521484632276403702_VIS_101.fits,0,-521484632276403702,,,2.0,19.3538,52.14846321958075,-27.640370232336483,108.0,102157957_2711813162637737494
stamps/-510253772271832008_VIS_101.fits,0,-510253772271832008,,,2.0,20.2932,51.02537722068556,-27.183200849576835,109.0,102021502_NEG653108030479223468
stamps/-541552623280574704_VIS_101.fits,0,-541552623280574704,,,2.0,21.4712,54.1552623293474,-28.05747049866957,110.0,102020533_NEG596261344490617547
stamps/-642686211463205502_VIS_101.fits,0,-642686211463205502,,,2.0,19.0883,64.26862110958177,-46.32055026934324,111.0,102020066_NEG645419324493086283
stamps/-608584787487433403_VIS_101.fits,0,-608584787487433403,,,2.0,20.866,60.85847874347184,-48.74334037532117,112.0,102159777_2716319161668542331
stamps/-570483668489546805_VIS_101.fits,0,-570483668489546805,,,2.0,17.1478,57.04836685307008,-48.95468055881319,113.0,102159483_2659872799666371332
stamps/2659915736652025308_VIS_101.fits,0,2659915736652025308,,,2.0,19.0731,265.99157361922926,65.20253086615747,114.0,102022973_NEG606454307466806991
stamps/-522455152299426001_VIS_101.fits,0,-522455152299426001,,,2.0,20.035,52.24551523818929,-29.942600158372464,115.0,102020059_NEG590814898493650143
stamps/-623575823486345903_VIS_101.fits,0,-623575823486345903,,,2.0,21.8539,62.35758235353413,-48.63459038338198,116.0,102046114_NEG537084154267015431
stamps/-618421713458815103_VIS_101.fits,0,-618421713458815103,,,2.0,19.1933,61.842171355007565,-45.88151034641878,117.0,102042918_NEG544805259289548872
stamps/2656245381655251901_VIS_101.fits,0,2656245381655251901,,,2.0,21.3645,265.6245381442696,65.52519018441588,118.0,102159778_2733418388668044661
stamps/-576378256498832700_VIS_101.fits,0,-576378256498832700,,,2.0,20.7592,57.63782565638434,-49.883270079771606,119.0,102045468_NEG537581789271144818
stamps/-564282918495972406_VIS_101.fits,0,-564282918495972406,,,2.0,19.2959,56.42829185934633,-49.59724061118912,120.0,102157953_2669397021640472384
stamps/-610985060469368604_VIS_101.fits,0,-610985060469368604,,,2.0,18.6104,61.09850603727118,-46.936860417712055,121.0,102044826_NEG537893681272621987
stamps/2745637781650689808_VIS_101.fits,0,2745637781650689808,,,2.0,18.9481,274.5637781987096,65.06898082471561,122.0,102044186_NEG535621262280129063
stamps/-544899933277625700_VIS_101.fits,0,-544899933277625700,,,2.0,19.3305,54.489993367076536,-27.762570008970783,123.0,102158886_2639435536653600933
stamps/-547319833280762606_VIS_101.fits,0,-547319833280762606,,,2.0,21.4412,54.73198338632002,-28.07626065357981,124.0,102045466_NEG522784531269221616
stamps/-507835615278576409_VIS_101.fits,0,-507835615278576409,,,2.0,19.7177,50.78356156925577,-27.857640937950343,125.0,102042915_NEG531310919292142818
stamps/-608186659505328401_VIS_101.fits,0,-608186659505328401,,,2.0,20.0683,60.81866595370054,-50.5328401021527,126.0,102158891_2698899135652599785
stamps/2727030594653044105_VIS_101.fits,0,2727030594653044105,,,2.0,20.7746,272.70305947986554,65.30441051977155,127.0,102023984_NEG631043463457052623
stamps/2734126274676172302_VIS_101.fits,0,2734126274676172302,,,2.0,20.5413,273.4126274900252,67.61723025622244,128.0,102159484_2665581065664778853
stamps/-529544722279006803_VIS_101.fits,0,-529544722279006803,,,2.0,21.5857,52.95447228135552,-27.90068037613447,129.0,102022479_NEG623150693471748758
stamps/2738191435655836903_VIS_101.fits,0,2738191435655836903,,,2.0,22.1333,273.819143546165,65.58369038804994,130.0,102046111_NEG525445060265211534
stamps/-638846824484932003_VIS_101.fits,0,-638846824484932003,,,2.0,21.8242,63.884682418361066,-48.49320039008733,131.0,102021499_NEG631323422479949628
stamps/2737158250642443000_VIS_101.fits,0,2737158250642443000,,,2.0,21.4634,273.7158250063562,64.24430002736526,132.0,102041657_NEG527925237298894414
stamps/-603000759492993409_VIS_101.fits,0,-603000759492993409,,,2.0,21.9789,60.30007599052325,-49.29934098696248,133.0,102044186_NEG537484692277631702
stamps/-641007514487225909_VIS_101.fits,0,-641007514487225909,,,2.0,21.3307,64.10075148496448,-48.72259096136878,134.0,102021986_NEG622483671477358161
stamps/-627250653460478400_VIS_101.fits,0,-627250653460478400,,,2.0,21.6992,62.725065370586144,-46.04784005312552,135.0,102158889_2668443415653707960
stamps/-566522211486548203_VIS_101.fits,0,-566522211486548203,,,2.0,20.7631,56.652221179629024,-48.65482032579322,136.0,102018665_NEG576731213511114485
stamps/-631131960474396805_VIS_101.fits,0,-631131960474396805,,,2.0,20.8625,63.1131960163327,-47.43968059573533,137.0,102021498_NEG620710751479897662
stamps/2726928769675725704_VIS_101.fits,0,2726928769675725704,,,2.0,21.6316,272.69287692817426,67.57257046233096,138.0,102020535_NEG608150353491434608
stamps/-580101008483249602_VIS_101.fits,0,-580101008483249602,,,2.0,20.3392,58.0101008228201,-48.32496024190174,139.0,102019125_NEG586359480506090347
stamps/2710836411654922001_VIS_101.fits,0,2710836411654922001,,,2.0,21.4866,271.08364119762734,65.49220014574968,140.0,102021010_NEG581199679484613010
stamps/2748137110674099108_VIS_101.fits,0,2748137110674099108,,,2.0,19.5245,274.8137110122139,67.40991081214034,141.0,102158887_2646461630654930628
stamps/-531938998273354601_VIS_101.fits,0,-531938998273354601,,,2.0,21.0405,53.193899897242574,-27.335460119302645,142.0,102159189_2669116606659806362
stamps/-606047845509979603_VIS_101.fits,0,-606047845509979603,,,2.0,20.3378,60.60478455917702,-50.997960339521,143.0,102044827_NEG542909292272696454
stamps/-539713602288536607_VIS_101.fits,0,-539713602288536607,,,2.0,19.85,53.971360248152656,-28.85366076056474,144.0,102159187_2638806679660192602
stamps/2693108291647185202_VIS_101.fits,0,2693108291647185202,,,3.0,21.6439,269.31082913419965,64.71852020795097,145.0,102020538_NEG637045736489835935
stamps/-638522739486867601_VIS_101.fits,0,-638522739486867601,,,2.0,20.0654,63.85227397952004,-48.686760149520616,146.0,102022477_NEG612993633468010321
stamps/2719924905672263602_VIS_101.fits,0,2719924905672263602,,,3.0,20.4914,271.99249054298616,67.22636024225662,147.0,102158885_2631975188656022964
stamps/2702113110682759302_VIS_101.fits,0,2702113110682759302,,,2.0,22.4334,270.21131101386794,68.27593021017302,148.0,102159196_2750719383660442039
stamps/-582470084476572805_VIS_101.fits,0,-582470084476572805,,,2.0,19.2804,58.24700842550158,-47.657280579566304,149.0,102158270_2660101090644460436
stamps/2681586847633990200_VIS_101.fits,0,2681586847633990200,,,2.0,20.1743,268.1586847463649,63.3990200311438,150.0,102158272_2683555203642954376
stamps/2673535389659185703_VIS_101.fits,0,2673535389659185703,,,2.0,20.5999,267.35353895797283,65.91857032033073,151.0,102022483_NEG650705793470600869
stamps/2742610250682533203_VIS_101.fits,0,2742610250682533203,,,3.0,21.5154,274.2610250519096,68.25332034505888,152.0,102158270_2654337786643538414
stamps/-611083685468573705_VIS_101.fits,0,-611083685468573705,,,2.0,19.7454,61.10836858449841,-46.85737050966163,153.0,102023482_NEG655179432459165110
stamps/-537357201268567208_VIS_101.fits,0,-537357201268567208,,,2.0,21.951,53.73572017518841,-26.85672085492904,154.0,102020532_NEG584961967491933103
stamps/2703025575633887202_VIS_101.fits,0,2703025575633887202,,,2.0,20.3003,270.302557523017,63.38872025549241,155.0,102158276_2727570223645896962
stamps/-666714501466953502_VIS_101.fits,0,-666714501466953502,,,2.0,20.7255,66.67145011767983,-46.69535024029168,156.0,102042287_NEG543727111293847771
stamps/2683739200635320605_VIS_101.fits,0,2683739200635320605,,,2.0,20.4278,268.3739200822029,63.532060541357765,157.0,102021493_NEG583380599480841946
stamps/-548303483277472502_VIS_101.fits,0,-548303483277472502,,,2.0,22.382,54.83034831020381,-27.74725020688053,158.0,102044824_NEG525230483273308137
stamps/2723662945656869404_VIS_101.fits,0,2723662945656869404,,,2.0,21.9642,272.3662945868891,65.6869404646746,159.0,102160060_2712298158674755917
stamps/-639838293494330109_VIS_101.fits,0,-639838293494330109,,,2.0,21.3663,63.983829335685286,-49.43301092256585,160.0,102042283_NEG521070591294671601
stamps/-615678437488469606_VIS_101.fits,0,-615678437488469606,,,2.0,20.5168,61.56784374858882,-48.84696063431384,161.0,102043546_NEG516559001286493665
stamps/2717008737665455305_VIS_101.fits,0,2717008737665455305,,,2.0,21.8345,271.7008737837229,66.54553055256818,162.0,102022483_NEG653290299470260264
stamps/-595842168468864007_VIS_101.fits,0,-595842168468864007,,,2.0,22.4863,59.584216875083904,-46.88640078892289,163.0,102021492_NEG575201344482287786
stamps/2709087624640373806_VIS_101.fits,0,2709087624640373806,,,2.0,21.325,270.9087624259335,64.03738060738803,164.0,102019124_NEG572893989502570421
stamps/-628595896494355203_VIS_101.fits,0,-628595896494355203,,,2.0,21.5002,62.85958963169718,-49.43552037313825,165.0,102159488_2717571775663564534
stamps/2679231894643355404_VIS_101.fits,0,2679231894643355404,,,3.0,20.7437,267.92318941852807,64.33554040483835,166.0,102158888_2667434443654461269
stamps/-545082775295230702_VIS_101.fits,0,-545082775295230702,,,2.0,21.7403,54.50827756437904,-29.523070237965843,167.0,102022980_NEG657082285467450951
stamps/2753841240671160903_VIS_101.fits,0,2753841240671160903,,,2.0,21.8713,275.38412400712804,67.11609031726181,168.0,102159776_2707047371671953097
stamps/-652889411472615507_VIS_101.fits,0,-652889411472615507,,,2.0,19.3232,65.28894116801304,-47.2615507007891,169.0,102023984_NEG628683592457046709
stamps/2643755331649695706_VIS_101.fits,0,2643755331649695706,,,2.0,20.6226,264.375533142624,64.96957062517286,170.0,102020054_NEG556215936492901652
stamps/2754803033670209305_VIS_101.fits,0,2754803033670209305,,,3.0,22.3475,275.4803033784973,67.0209305225139,171.0,102020055_NEG563894315496088157
stamps/2707300974655104504_VIS_101.fits,0,2707300974655104504,,,2.0,20.4418,270.73009744771394,65.51045047096761,172.0,102022484_NEG657584203469449092
stamps/-530905844266755106_VIS_101.fits,0,-530905844266755106,,,2.0,21.1951,53.09058447350735,-26.67551069242623,173.0,102157952_2658616879639330994
stamps/2650320173667844509_VIS_101.fits,0,2650320173667844509,,,3.0,21.2317,265.03201736876593,66.78445090854157,174.0,102042917_NEG540132584291926297
stamps/2677779968647282305_VIS_101.fits,0,2677779968647282305,,,2.0,17.63,267.7779968375605,64.72823053183576,175.0,102158896_2752645036652374998
stamps/-590581297479849008_VIS_101.fits,0,-590581297479849008,,,2.0,20.02,59.05812975905423,-47.98490081756845,176.0,102022480_NEG630160205470193218
stamps/-657407932476898705_VIS_101.fits,0,-657407932476898705,,,2.0,21.6748,65.74079322682218,-47.689870518322,177.0,102019592_NEG606434619500983922
stamps/-516070183265601304_VIS_101.fits,0,-516070183265601304,,,2.0,20.6071,51.60701838565871,-26.560130496517324,178.0,102158586_2710017972652457457
stamps/2739302351680399905_VIS_101.fits,0,2739302351680399905,,,2.0,20.5147,273.9302351817853,68.03999056032971,179.0,102021986_NEG621796804473410288
stamps/-516432895291874705_VIS_101.fits,0,-516432895291874705,,,2.0,20.7129,51.64328950922648,-29.18747053996858,180.0,102160335_2672720281680709434
stamps/-620196907474296209_VIS_101.fits,0,-620196907474296209,,,2.0,21.1494,62.01969079372778,-47.42962095387124,181.0,102160059_2697821071675011270
stamps/-649472134484158502_VIS_101.fits,0,-649472134484158502,,,2.0,17.2857,64.94721340439017,-48.41585024884611,182.0,102159489_2726981595665987676
stamps/2668991564646882004_VIS_101.fits,0,2668991564646882004,,,3.0,20.3687,266.8991564429835,64.68820043753124,183.0,102158889_2674118174654422285
stamps/-626051799470198801_VIS_101.fits,0,-626051799470198801,,,2.0,17.9077,62.60517992053708,-47.01988014059303,184.0,102046114_NEG537352034266671160
stamps/-569590294507491707_VIS_101.fits,0,-569590294507491707,,,2.0,22.4023,56.95902940931614,-50.74917075145471,185.0,102160334_2661812445678287733
stamps/2690854845660000808_VIS_101.fits,0,2690854845660000808,,,2.0,22.1596,269.0854845802839,66.00008084726544,186.0,102020539_NEG640534948489252606
stamps/-508781212271792605_VIS_101.fits,0,-508781212271792605,,,2.0,21.2106,50.87812124708614,-27.1792605805584,187.0,102020531_NEG579471354491627648
stamps/-532840371270561603_VIS_101.fits,0,-532840371270561603,,,2.0,20.3922,53.28403715543611,-27.056160339821087,188.0,102159189_2663231466659368059
stamps/2730252651665891104_VIS_101.fits,0,2730252651665891104,,,2.0,22.2443,273.02526512467944,66.58911044142026,189.0,102159191_2683342191661471471
stamps/-593997413496122303_VIS_101.fits,0,-593997413496122303,,,2.0,21.298,59.39974136678242,-49.61223032539033,190.0,102046111_NEG522631915266742195
stamps/2708912414635744504_VIS_101.fits,0,2708912414635744504,,,2.0,20.6825,270.89124143505273,63.57445049783458,191.0,102158887_2655528906655835262
stamps/-593084286478708502_VIS_101.fits,0,-593084286478708502,,,2.0,19.8418,59.30842862239718,-47.870850244908105,192.0,102158896_2752149841653729649
stamps/-513066929274898303_VIS_101.fits,0,-513066929274898303,,,2.0,21.5011,51.30669298123424,-27.489830359904555,193.0,102021985_NEG615462575476067577
stamps/2732717736672150906_VIS_101.fits,0,2732717736672150906,,,2.0,21.1761,273.27177365748327,67.21509060029993,194.0,102042919_NEG549525883291619345
stamps/-606596439465192008_VIS_101.fits,0,-606596439465192008,,,2.0,22.4181,60.659643969722346,-46.519200837572114,195.0,102041656_NEG523359673301396466
stamps/2728199099671033004_VIS_101.fits,0,2728199099671033004,,,2.0,22.2594,272.81990991682267,67.10330042391247,196.0,102020530_NEG571638103490331545
stamps/2670110635664317204_VIS_101.fits,0,2670110635664317204,,,2.0,22.2433,267.01106357207215,66.43172043180991,197.0,102021504_NEG664270221479670737
stamps/-586720642478303703_VIS_101.fits,0,-586720642478303703,,,2.0,21.6509,58.672064227434014,-47.8303703418901,198.0,102021017_NEG633207820486535571
stamps/-627473722491219707_VIS_101.fits,0,-627473722491219707,,,2.0,21.1977,62.747372239613725,-49.121970728265,199.0,102042914_NEG522625262291125533
stamps/-634320829465113402_VIS_101.fits,0,-634320829465113402,,,2.0,19.0818,63.4320829440044,-46.51134023930813,200.0,102021986_NEG622189376472948583
stamps/2713228124667263006_VIS_101.fits,0,2713228124667263006,,,2.0,19.3113,271.3228124207369,66.72630065045816,201.0,102158272_2685730342643470690
stamps/-514372481273475603_VIS_101.fits,0,-514372481273475603,,,2.0,20.4254,51.43724811575832,-27.34756036114663,202.0,102157633_2702499990636559109
stamps/-600918711481948904_VIS_101.fits,0,-600918711481948904,,,2.0,18.6456,60.09187113535344,-48.19489048835076,203.0,102044821_NEG508798294276486404
stamps/-580827954486427902_VIS_101.fits,0,-580827954486427902,,,2.0,21.6045,58.08279545673605,-48.642790227309966,204.0,102157956_2700546205640397835
stamps/-533382708295533201_VIS_101.fits,0,-533382708295533201,,,2.0,20.8038,53.33827080916708,-29.553320120089538,205.0,102042914_NEG523479785291521247
stamps/-541483826276508301_VIS_101.fits,0,-541483826276508301,,,2.0,19.5724,54.14838260477252,-27.6508301922295,206.0,102159772_2657244795670716163
stamps/2676224023658713103_VIS_101.fits,0,2676224023658713103,,,2.0,18.7447,267.62240236386043,65.87131031580452,207.0,102159188_2652763834658560044
stamps/2646951165650689702_VIS_101.fits,0,2646951165650689702,,,2.0,20.1677,264.6951165825721,65.06897029935303,208.0,102160060_2716552208674838777
stamps/2708933364636975901_VIS_101.fits,0,2708933364636975901,,,2.0,20.6785,270.8933364420524,63.697590166840925,209.0,102159486_2691200739666476860
stamps/2651442858644140609_VIS_101.fits,0,2651442858644140609,,,2.0,20.6364,265.14428586890983,64.41406098391008,210.0,102021491_NEG571345829477653406
stamps/2676652347635507409_VIS_101.fits,0,2676652347635507409,,,3.0,20.9471,267.6652347406041,63.550740924850025,211.0,102020537_NEG626913533487999205
stamps/-518643546281685503_VIS_101.fits,0,-518643546281685503,,,2.0,21.9977,51.86435461538073,-28.16855032678405,212.0,102020528_NEG557780503491374019
stamps/2661844947671665909_VIS_101.fits,0,2661844947671665909,,,2.0,21.5561,266.1844947157425,67.16659093527058,213.0,102159489_2728201578663264671
stamps/2717022834645054503_VIS_101.fits,0,2717022834645054503,,,2.0,18.5878,271.7022834135521,64.50545034617697,214.0,102158888_2657819747657129186
stamps/-512270444277934608_VIS_101.fits,0,-512270444277934608,,,2.0,21.1935,51.2270444783137,-27.793460861046505,215.0,102045470_NEG546481364271947360
stamps/-666601604472629707_VIS_101.fits,0,-666601604472629707,,,2.0,20.4005,66.66016041292802,-47.26297072876661,216.0,102021009_NEG577024787484062221
stamps/-644000834470483604_VIS_101.fits,0,-644000834470483604,,,2.0,19.7884,64.40008340541591,-47.04836040729656,217.0,102045463_NEG510020362271915172
stamps/-548217601278298906_VIS_101.fits,0,-548217601278298906,,,2.0,21.8591,54.821760165013416,-27.82989069087677,218.0,102158891_2700857611652676803
stamps/-611259122465558107_VIS_101.fits,0,-611259122465558107,,,3.0,17.8653,61.125912241947056,-46.55581079490447,219.0,102158589_2744568849651754043
stamps/-511920631289135806_VIS_101.fits,0,-511920631289135806,,,2.0,19.0165,51.19206317956088,-28.913580621678367,220.0,102021980_NEG576667803474825283
stamps/-546277873295417905_VIS_101.fits,0,-546277873295417905,,,2.0,21.7285,54.62778733897119,-29.541790583389197,221.0,102023476_NEG610025395461180513
stamps/-634620839479176000_VIS_101.fits,0,-634620839479176000,,,2.0,20.4471,63.46208390393737,-47.91760008228978,222.0,102021014_NEG616133820483754774
stamps/-507032816278934204_VIS_101.fits,0,-507032816278934204,,,2.0,22.0365,50.70328167823267,-27.893420471501607,223.0,102021493_NEG586398445479765591
stamps/-596637713499529303_VIS_101.fits,0,-596637713499529303,,,2.0,21.487,59.66377135266803,-49.95293031676961,224.0,102160058_2684023754674529862
stamps/-610702271473972503_VIS_101.fits,0,-610702271473972503,,,2.0,21.6394,61.07022717015553,-47.39725038073909,225.0,102160338_2720592793680584236
stamps/2673556694650977302_VIS_101.fits,0,2673556694650977302,,,2.0,21.0071,267.35566941498394,65.09773023362482,226.0,102021495_NEG596705787481338553
stamps/2715073732680272309_VIS_101.fits,0,2715073732680272309,,,3.0,20.8169,271.50737320224493,68.0272309906092,227.0,102022978_NEG639856435467273842
stamps/-587378983490484104_VIS_101.fits,0,-587378983490484104,,,2.0,21.846,58.73789831522932,-49.04841046994222,228.0,102022481_NEG641874067471349140
stamps/-568953933507084807_VIS_101.fits,0,-568953933507084807,,,2.0,22.2721,56.89539333876578,-50.70848077062493,229.0,102044185_NEG529514172281460834
stamps/-575570292510060101_VIS_101.fits,0,-575570292510060101,,,2.0,20.305,57.557029246176064,-51.00601018730545,230.0,102021497_NEG611694459481354870
stamps/2653012246669730103_VIS_101.fits,0,2653012246669730103,,,2.0,20.9491,265.30122461164143,66.97301035449172,231.0,102160057_2679227916675153944
stamps/2720274821684477408_VIS_101.fits,0,2720274821684477408,,,2.0,20.5769,272.0274821520823,68.44774081856326,232.0,102023480_NEG642201006461096820
stamps/2689238905668660405_VIS_101.fits,0,2689238905668660405,,,2.0,21.4017,268.92389056125546,66.86604051438141,233.0,102157953_2668203348640973901
stamps/-569881278502964106_VIS_101.fits,0,-569881278502964106,,,2.0,20.0324,56.988127822781294,-50.2964106366389,234.0,102159195_2734094103661424333
stamps/-588835050496108500_VIS_101.fits,0,-588835050496108500,,,2.0,22.0755,58.883505017607206,-49.610850047909096,235.0,102021014_NEG614981615482506340
stamps/-630076150481181600_VIS_101.fits,0,-630076150481181600,,,2.0,21.5644,63.00761505038379,-48.11816008486464,236.0,102158890_2683357136652678772
stamps/-615161008469714700_VIS_101.fits,0,-615161008469714700,,,2.0,20.3413,61.51610085804419,-46.97147003194994,237.0,102158887_2654129070655512593
stamps/-600558478472946401_VIS_101.fits,0,-600558478472946401,,,2.0,21.8959,60.05584780147618,-47.29464010831496,238.0,102160335_2673678625680739495
stamps/2685797187683971400_VIS_101.fits,0,2685797187683971400,,,2.0,20.1924,268.57971879605464,68.39714009218471,239.0,102158893_2720583810655664894
stamps/-571948830500625208_VIS_101.fits,0,-571948830500625208,,,2.0,20.52,57.19488307685894,-50.06252081769295,240.0,102158584_2687970439648743491
stamps/-559157466487242908_VIS_101.fits,0,-559157466487242908,,,2.0,22.4991,55.91574662559135,-48.724290804961775,241.0,102157953_2668288172639391107
stamps/-640594119477420304_VIS_101.fits,0,-640594119477420304,,,2.0,19.1058,64.05941197515143,-47.74203043396469,242.0,102019596_NEG637748088500119037
stamps/2759926228661541105_VIS_101.fits,0,2759926228661541105,,,2.0,20.538,275.9926228739593,66.15411054040364,243.0,102044187_NEG542891812279697972
stamps/-606693513510710508_VIS_101.fits,0,-606693513510710508,,,2.0,20.0268,60.66935136806016,-51.07105083296146,244.0,102045463_NEG510363299272415391
stamps/-538293776270559500_VIS_101.fits,0,-538293776270559500,,,2.0,18.9749,53.82937763376345,-27.0559500365249,245.0,102159486_2695397736666928563
stamps/-599041857491077301_VIS_101.fits,0,-599041857491077301,,,2.0,22.3534,59.904185763510725,-49.10773010453371,246.0,102044185_NEG527087067278561642
stamps/-528820103286902304_VIS_101.fits,0,-528820103286902304,,,2.0,20.2872,52.88201037053277,-28.69023046269672,247.0,102020528_NEG561683562487885174
stamps/2702750826637481306_VIS_101.fits,0,2702750826637481306,,,2.0,20.2093,270.2750826552119,63.74813068761023,248.0,102020056_NEG573379534495223440
stamps/-548812391291684505_VIS_101.fits,0,-548812391291684505,,,2.0,22.1328,54.88123917739479,-29.168450531345368,249.0,102158272_2678087036644598709
stamps/-538519004289676107_VIS_101.fits,0,-538519004289676107,,,2.0,18.9493,53.85190045371009,-28.96761077006651,250.0,102158896_2755778332656876880
stamps/-589584058489912602_VIS_101.fits,0,-589584058489912602,,,2.0,19.9686,58.95840587940587,-48.991260203348425,251.0,102044185_NEG528176967277992842
stamps/-628326846502762304_VIS_101.fits,0,-628326846502762304,,,2.0,20.0418,62.83268460017237,-50.276230455692335,252.0,102022476_NEG601657296470027378
stamps/-614797332482950901_VIS_101.fits,0,-614797332482950901,,,2.0,20.0824,61.47973322349819,-48.295090162270746,253.0,102160610_2728596478683519590
stamps/-651249206488492002_VIS_101.fits,0,-651249206488492002,,,2.0,20.6787,65.1249206551753,-48.849200247648845,254.0,102021984_NEG605671540476154903
stamps/-634328216482298905_VIS_101.fits,0,-634328216482298905,,,2.0,20.4085,63.43282166465655,-48.22989055366519,255.0,102042916_NEG533251142291509670
stamps/-543172657275278405_VIS_101.fits,0,-543172657275278405,,,2.0,20.4551,54.317265735775045,-27.52784054227064,256.0,102159187_2639230520659765010
stamps/2716256256681425900_VIS_101.fits,0,2716256256681425900,,,3.0,20.7213,271.62562565241586,68.14259002231253,257.0,102019128_NEG609723701504645522
stamps/-632230011488864501_VIS_101.fits,0,-632230011488864501,,,2.0,20.2107,63.22300111625335,-48.88645011740384,258.0,102020057_NEG582019329494705421
stamps/-634199242464644209_VIS_101.fits,0,-634199242464644209,,,2.0,20.1017,63.41992428435653,-46.464420982462656,259.0,102159777_2718673262669682284
stamps/2663500167680718202_VIS_101.fits,0,2663500167680718202,,,3.0,19.3677,266.3500167331647,68.0718202099971,260.0,102021502_NEG651338380481989567
stamps/2646688983663886405_VIS_101.fits,0,2646688983663886405,,,2.0,21.8486,264.6688983933076,66.38864056396109,261.0,102041657_NEG528301123298298693
stamps/-646740265482495401_VIS_101.fits,0,-646740265482495401,,,2.0,21.5921,64.67402655046853,-48.24954013603023,262.0,102020056_NEG570002701495855213
stamps/2666436736655352105_VIS_101.fits,0,2666436736655352105,,,2.0,20.8687,266.643673601457,65.53521055096692,263.0,102044187_NEG538575988280255664
stamps/-619496292482045806_VIS_101.fits,0,-619496292482045806,,,2.0,19.7627,61.94962927383006,-48.20458060379139,264.0,102021016_NEG629139696484887212
stamps/-566912168494065405_VIS_101.fits,0,-566912168494065405,,,2.0,19.7333,56.69121689548415,-49.4065405625931,265.0,102021008_NEG569571426487440793
stamps/2715637441667257507_VIS_101.fits,0,2715637441667257507,,,2.0,21.6841,271.5637441103667,66.72575073736103,266.0,102021982_NEG590483847476549202
stamps/-630506486454582304_VIS_101.fits,0,-630506486454582304,,,2.0,19.1559,63.05064868341015,-45.45823047486462,267.0,102023479_NEG633491501461458871
stamps/2674431685666991405_VIS_101.fits,0,2674431685666991405,,,2.0,19.6699,267.44316858455954,66.69914057995412,268.0,102020528_NEG557594873487530963
stamps/2664300890643166000_VIS_101.fits,0,2664300890643166000,,,2.0,21.2148,266.4300890503442,64.31660005226277,269.0,102158586_2710834800648486342
stamps/2659619524644949900_VIS_101.fits,0,2659619524644949900,,,2.0,20.8369,265.9619524454972,64.4949900024881,270.0,102159485_2680932712664697516
stamps/-512336350269523105_VIS_101.fits,0,-512336350269523105,,,2.0,19.5631,51.23363502652684,-26.952310599413835,271.0,102159485_2681289316665353959
stamps/-655282568475957208_VIS_101.fits,0,-655282568475957208,,,2.0,20.8654,65.52825683805713,-47.595720805103454,272.0,102158275_2713231622643632503
stamps/2710112374652067309_VIS_101.fits,0,2710112374652067309,,,2.0,20.8984,271.0112374730324,65.20673094251372,273.0,102046761_NEG534264558260612632
stamps/-588110950474152708_VIS_101.fits,0,-588110950474152708,,,2.0,21.7036,58.81109507143927,-47.41527087069243,274.0,102023482_NEG657383017460972594
stamps/2665469936674489200_VIS_101.fits,0,2665469936674489200,,,2.0,21.3125,266.5469936107488,67.44892000365265,275.0,102158886_2641867744653343162
stamps/2682669005651568505_VIS_101.fits,0,2682669005651568505,,,2.0,21.7147,268.2669005303789,65.15685056243724,276.0,102018665_NEG575758716509311713
stamps/-649912567489807602_VIS_101.fits,0,-649912567489807602,,,3.0,19.1468,64.99125670273801,-48.98076022854457,277.0,102019590_NEG590843564499562054
stamps/2703616005635870307_VIS_101.fits,0,2703616005635870307,,,2.0,19.7348,270.3616005719733,63.58703074876854,278.0,102045464_NEG512422645270221464
stamps/2741084488672679804_VIS_101.fits,0,2741084488672679804,,,2.0,21.1204,274.10844889253866,67.26798047890301,279.0,102160607_2685509147685729039
stamps/2733498952646525609_VIS_101.fits,0,2733498952646525609,,,2.0,20.2786,273.34989529060823,64.65256091317812,280.0,102021014_NEG613552795482722691
stamps/-537493444289796802_VIS_101.fits,0,-537493444289796802,,,2.0,19.6353,53.7493444308313,-28.97968022745504,281.0,102157955_2689800257639551890
stamps/2757832308652487701_VIS_101.fits,0,2757832308652487701,,,2.0,21.7292,275.78323087521125,65.24877013293215,282.0,102021493_NEG584317889477816598
stamps/-581245658487370302_VIS_101.fits,0,-581245658487370302,,,3.0,19.0211,58.12456588871235,-48.73703028558396,283.0,102019123_NEG564667438505382529
stamps/-514195653275302208_VIS_101.fits,0,-514195653275302208,,,2.0,18.5906,51.41956539051555,-27.530220861320057,284.0,102157958_2722285786638229999
stamps/2749968708656601709_VIS_101.fits,0,2749968708656601709,,,2.0,20.4594,274.9968708281556,65.66017097362567,285.0,102159771_2645195528669074866
stamps/2665351179646763107_VIS_101.fits,0,2665351179646763107,,,2.0,19.5687,266.5351179595515,64.67631074506083,286.0,102159771_2643073721671053537
stamps/-593292335484862409_VIS_101.fits,0,-593292335484862409,,,2.0,18.9691,59.329233508606514,-48.48624092883782,287.0,102160056_2663488981675470136
stamps/-590379668499798806_VIS_101.fits,0,-590379668499798806,,,2.0,20.5865,59.03796683836507,-49.97988061280949,288.0,102021016_NEG629685198482852633
stamps/-665569966470067805_VIS_101.fits,0,-665569966470067805,,,2.0,20.6103,66.55699665253397,-47.006780548734056,289.0,102020056_NEG569381219495998178
stamps/-616052907474206304_VIS_101.fits,0,-616052907474206304,,,2.0,21.7909,61.605290762562745,-47.42063041231282,290.0,102044186_NEG536764250280439031
stamps/-613056801487182402_VIS_101.fits,0,-613056801487182402,,,2.0,19.338,61.30568012658413,-48.718240282394106,291.0,102021990_NEG651246796473086761
stamps/-612110955473909800_VIS_101.fits,0,-612110955473909800,,,2.0,20.9299,61.21109550933996,-47.3909800155422,292.0,102021984_NEG610367881474644147
stamps/2687865773662078001_VIS_101.fits,0,2687865773662078001,,,2.0,19.8057,268.7865773681657,66.20780016700046,293.0,102043551_NEG544735665285502399
stamps/-610625050471874409_VIS_101.fits,0,-610625050471874409,,,2.0,20.6309,61.06250503761535,-47.18744098951476,294.0,102044183_NEG515787441281897369
stamps/-649984834487514804_VIS_101.fits,0,-649984834487514804,,,2.0,20.1904,64.99848347981255,-48.75148045937976,295.0,102158584_2688149271647967093
stamps/-573668026483340105_VIS_101.fits,0,-573668026483340105,,,2.0,21.368,57.36680267272046,-48.334010591015314,296.0,102159189_2669674055661286334
stamps/-565200463489450305_VIS_101.fits,0,-565200463489450305,,,2.0,20.7519,56.52004633543495,-48.94503051134123,297.0,102158276_2722561985645255526
stamps/-667110488465928109_VIS_101.fits,0,-667110488465928109,,,2.0,20.9886,66.71104886516079,-46.5928109079652,298.0,102022477_NEG611759342471748630
stamps/-542022334289208702_VIS_101.fits,0,-542022334289208702,,,2.0,20.098,54.20223346390094,-28.92087028808945,299.0,102158275_2709777393645726835
stamps/-658840068480202402_VIS_101.fits,0,-658840068480202402,,,2.0,21.8616,65.8840068217515,-48.02024021637882,300.0,102159192_2695197869661844158
stamps/2731008937661401506_VIS_101.fits,0,2731008937661401506,,,2.0,22.3877,273.100893737824,66.14015066865964,301.0,102020538_NEG631689440492354239
stamps/-528089509265145500_VIS_101.fits,0,-528089509265145500,,,2.0,21.947,52.80895094733192,-26.51455007549277,302.0,102023479_NEG631968882458727056
stamps/2677848335669073502_VIS_101.fits,0,2677848335669073502,,,3.0,19.7053,267.78483356078016,66.90735026003728,303.0,102021500_NEG636862073478549953
stamps/-560661739486439404_VIS_101.fits,0,-560661739486439404,,,2.0,22.1255,56.06617390440877,-48.643940448568266,304.0,102158271_2672343829643151429
stamps/-631883822498015707_VIS_101.fits,0,-631883822498015707,,,2.0,21.5872,63.188382227117,-49.8015707819282,305.0,102023984_NEG627804838454213106
stamps/-652537315483512004_VIS_101.fits,0,-652537315483512004,,,2.0,19.2846,65.2537315519187,-48.351200437332295,306.0,102159776_2714258099668328507
stamps/-597373831476268907_VIS_101.fits,0,-597373831476268907,,,2.0,22.3871,59.73738314911047,-47.626890753455406,307.0,102021020_NEG657545464483151702
stamps/-631136343472825000_VIS_101.fits,0,-631136343472825000,,,2.0,18.0073,63.11363433871112,-47.28250009354123,308.0,102021015_NEG616932997484302318
stamps/-565272612501479407_VIS_101.fits,0,-565272612501479407,,,3.0,20.6904,56.5272612047105,-50.14794079799753,309.0,102159779_2743381563669492033
stamps/-623900250461323602_VIS_101.fits,0,-623900250461323602,,,2.0,22.4314,62.39002507700852,-46.13236022041314,310.0,102020532_NEG592320863488461402
stamps/2743876826650402206_VIS_101.fits,0,2743876826650402206,,,3.0,21.0218,274.3876826171959,65.04022068802179,311.0,102021988_NEG637845892475954405
stamps/-573678399494497002_VIS_101.fits,0,-573678399494497002,,,2.0,20.5821,57.36783998615573,-49.44970021808298,312.0,102021018_NEG640120110483854165
stamps/2644805817668191806_VIS_101.fits,0,2644805817668191806,,,2.0,22.0648,264.4805817098511,66.81918069100996,313.0,102021493_NEG584908045481892408
stamps/2670314845635329206_VIS_101.fits,0,2670314845635329206,,,3.0,20.1096,267.03148450584405,63.532920665058434,314.0,102158887_2651714354654861084
stamps/2729182674672522400_VIS_101.fits,0,2729182674672522400,,,2.0,21.3842,272.9182674828835,67.25224008347531,315.0,102019127_NEG600585702506652323
stamps/2724223510652504800_VIS_101.fits,0,2724223510652504800,,,2.0,22.2007,272.42235101402974,65.25048007255154,316.0,102042913_NEG516249178292373011
stamps/-644287244456547204_VIS_101.fits,0,-644287244456547204,,,2.0,21.1334,64.42872446297865,-45.654720476702366,317.0,102021988_NEG636381546474267847
stamps/2675778739654603400_VIS_101.fits,0,2675778739654603400,,,3.0,20.7807,267.57787395308253,65.46034000917027,318.0,102042917_NEG539279061291936993
stamps/-627901604465740507_VIS_101.fits,0,-627901604465740507,,,2.0,22.4413,62.79016049334202,-46.57405072694796,319.0,102022977_NEG631763965463618343
stamps/-526846471285122406_VIS_101.fits,0,-526846471285122406,,,2.0,19.2362,52.68464713657668,-28.51224060613256,320.0,102160338_2712384210679392079
stamps/-608630930499816006_VIS_101.fits,0,-608630930499816006,,,2.0,20.56,60.86309306061208,-49.98160069173785,321.0,102021017_NEG634146279486865014
stamps/2734221010650563707_VIS_101.fits,0,2734221010650563707,,,2.0,21.6245,273.4221010904879,65.05637075981335,322.0,102023986_NEG643189719456460589
stamps/-641844461473209909_VIS_101.fits,0,-641844461473209909,,,2.0,21.8936,64.18444611261023,-47.32099095443004,323.0,102158580_2631644629651693582
stamps/-587623530490549304_VIS_101.fits,0,-587623530490549304,,,2.0,21.4574,58.76235301095442,-49.05493044667104,324.0,102158887_2655306065654633189
stamps/2744409052649911402_VIS_101.fits,0,2744409052649911402,,,3.0,19.6014,274.4409052547912,64.99114022091179,325.0,102160337_2703837081680486960
stamps/-627908036455809902_VIS_101.fits,0,-627908036455809902,,,2.0,22.0518,62.79080363116238,-45.58099020991946,326.0,102021982_NEG593574657477168830
stamps/-638409419472337204_VIS_101.fits,0,-638409419472337204,,,2.0,20.7911,63.84094196982495,-47.233720411592216,327.0,102160058_2690177088672937227
stamps/-563930720489866709_VIS_101.fits,0,-563930720489866709,,,2.0,20.7152,56.3930720562022,-48.98667091805779,328.0,102158584_2687900321650859511
stamps/-563677240489834303_VIS_101.fits,0,-563677240489834303,,,2.0,19.7427,56.36772407755191,-48.98343034585236,329.0,102021013_NEG602940269483238112
stamps/-653172575487130503_VIS_101.fits,0,-653172575487130503,,,2.0,21.4789,65.31725757924444,-48.7130503795769,330.0,102021497_NEG615658160478755691
stamps/-579361350491463508_VIS_101.fits,0,-579361350491463508,,,2.0,18.9459,57.93613508421879,-49.14635083925826,331.0,102021503_NEG655073934479995542
stamps/-526137524279668001_VIS_101.fits,0,-526137524279668001,,,2.0,22.0788,52.61375240652488,-27.96680014366376,332.0,102021982_NEG594333174476368664
stamps/2682981620676885502_VIS_101.fits,0,2682981620676885502,,,3.0,20.9748,268.298162005938,67.68855025270538,333.0,102020060_NEG598920538496078263
stamps/2686447298639847807_VIS_101.fits,0,2686447298639847807,,,2.0,19.7924,268.64472984435685,63.98478076952633,334.0,102043551_NEG542774461286906112
stamps/-539229245264629600_VIS_101.fits,0,-539229245264629600,,,2.0,20.1044,53.92292454377903,-26.462960016514117,335.0,102160337_2701254133678933511
stamps/2689771316642799907_VIS_101.fits,0,2689771316642799907,,,2.0,20.8032,268.9771316935345,64.27999072063123,336.0,102020064_NEG635872258496841682
stamps/2670981139646501009_VIS_101.fits,0,2670981139646501009,,,2.0,21.1517,267.0981139265167,64.65010099310587,338.0,102020536_NEG621645331488224037
stamps/-603000516498499303_VIS_101.fits,0,-603000516498499303,,,2.0,20.6305,60.30005166995854,-49.84993031408668,339.0,102021503_NEG656130209478570072
stamps/2724799333646510601_VIS_101.fits,0,2724799333646510601,,,2.0,21.1953,272.4799333463592,64.65106012814385,340.0,102044182_NEG512061540278527911
stamps/-660846196480466903_VIS_101.fits,0,-660846196480466903,,,2.0,21.5972,66.08461966299667,-48.04669033829629,341.0,102045466_NEG526398502270513535
stamps/2646749749669090507_VIS_101.fits,0,2646749749669090507,,,2.0,19.3058,264.67497497403707,66.90905079931034,342.0,102157630_2665772836637102014
stamps/-654612308460134809_VIS_101.fits,0,-654612308460134809,,,2.0,18.7621,65.46123082756608,-46.01348093145427,343.0,102020537_NEG623663816492513043
stamps/-530872967267770104_VIS_101.fits,0,-530872967267770104,,,2.0,18.7875,53.08729679097921,-26.77701043140833,344.0,102021492_NEG579460447477747720
stamps/-558965542486202706_VIS_101.fits,0,-558965542486202706,,,2.0,21.5983,55.89655420458556,-48.6202706554449,345.0,102020539_NEG641383802490968352
stamps/2714019391673424204_VIS_101.fits,0,2714019391673424204,,,2.0,22.3422,271.4019391258767,67.34242047995761,346.0,102019595_NEG630246532498667881
stamps/-534591012289132602_VIS_101.fits,0,-534591012289132602,,,2.0,22.2092,53.45910121098032,-28.91326023187099,347.0,102158590_2751102237648287695
stamps/-591628420479283300_VIS_101.fits,0,-591628420479283300,,,2.0,20.0813,59.1628420105582,-47.92833005768144,348.0,102159187_2645580164662468179
stamps/-517021747280402408_VIS_101.fits,0,-517021747280402408,,,2.0,21.521,51.70217476784397,-28.040240890490143,349.0,102045464_NEG515803462270682480
stamps/2667972486642700509_VIS_101.fits,0,2667972486642700509,,,2.0,21.3068,266.7972486722512,64.2700509335109,350.0,102158888_2659753895653871052
stamps/-587313761509168601_VIS_101.fits,0,-587313761509168601,,,2.0,20.9101,58.73137615386232,-50.916860194549855,351.0,102022479_NEG621145334471255869
stamps/-652447109490229306_VIS_101.fits,0,-652447109490229306,,,2.0,21.665,65.24471092753275,-49.0229306030444,352.0,102043551_NEG546245791286829440
stamps/2659621011642820002_VIS_101.fits,0,2659621011642820002,,,2.0,21.0799,265.96210119980555,64.28200023263108,353.0,102159186_2632387939662408264
stamps/-538305287272631704_VIS_101.fits,0,-538305287272631704,,,2.0,21.736,53.83052870313702,-27.26317046355579,354.0,102044824_NEG528789191276364582
stamps/2709606301650560305_VIS_101.fits,0,2709606301650560305,,,2.0,19.9366,270.96063017601165,65.05603050668117,355.0,102044188_NEG548070624278595332
stamps/-653114958465814307_VIS_101.fits,0,-653114958465814307,,,2.0,19.9138,65.31149588685525,-46.581430756643776,356.0,102019128_NEG607555025503027911
stamps/-625665224498786104_VIS_101.fits,0,-625665224498786104,,,2.0,22.2305,62.5665224424076,-49.87861046568929,357.0,102045464_NEG514418387268262939
stamps/-646446272464706200_VIS_101.fits,0,-646446272464706200,,,2.0,20.5515,64.64462722178048,-46.47062001470034,358.0,102042913_NEG515596854290228591
stamps/-598869329496565007_VIS_101.fits,0,-598869329496565007,,,2.0,20.7539,59.88693299471701,-49.656500741629806,359.0,102021978_NEG565786336477092595
stamps/-652480047489127702_VIS_101.fits,0,-652480047489127702,,,2.0,21.8995,65.2480047790775,-48.91277023890608,360.0,102021980_NEG580387113476956642
stamps/-579557131498841504_VIS_101.fits,0,-579557131498841504,,,2.0,21.2794,57.95571312367948,-49.88415046816775,361.0,102157958_2719195933641972975
stamps/-582580264508881304_VIS_101.fits,0,-582580264508881304,,,2.0,19.3101,58.25802649803064,-50.88813047186451,362.0,102020061_NEG607087127495633316
stamps/-659379252475116106_VIS_101.fits,0,-659379252475116106,,,2.0,20.5755,65.93792524309161,-47.511610697037305,363.0,102018668_NEG595646727509469177
stamps/-609831662471831808_VIS_101.fits,0,-609831662471831808,,,2.0,21.4224,60.98316629850497,-47.183180880693904,364.0,102045467_NEG529760884271850076
stamps/-543227756292430909_VIS_101.fits,0,-543227756292430909,,,2.0,22.2765,54.322775641904286,-29.24309097404821,365.0,102159491_2759377187664442986
stamps/2654555876639401903_VIS_101.fits,0,2654555876639401903,,,2.0,21.5022,265.4555876388615,63.94019035702413,366.0,102042913_NEG518198793288220397
stamps/-590493172467929301_VIS_101.fits,0,-590493172467929301,,,2.0,19.4757,59.04931725009418,-46.79293013833381,367.0,102158589_2744607815651760624
stamps/-642708521456385907_VIS_101.fits,0,-642708521456385907,,,2.0,21.5407,64.27085212535697,-45.63859073303412,368.0,102046761_NEG531782867262094267
stamps/-605695168476577209_VIS_101.fits,0,-605695168476577209,,,2.0,20.5729,60.56951689508029,-47.65772096138455,369.0,102157955_2685490710638126805
stamps/-611133724490690901_VIS_101.fits,0,-611133724490690901,,,2.0,20.7539,61.11337248194069,-49.06909011444473,370.0,102046114_NEG540908760267374976
stamps/-590438717479275805_VIS_101.fits,0,-590438717479275805,,,2.0,20.2164,59.043871782876025,-47.92758056681727,371.0,102019123_NEG567245233502945885
stamps/2765415975664994603_VIS_101.fits,0,2765415975664994603,,,3.0,22.1291,276.541597544869,66.49946039353816,372.0,102021496_NEG603335199478099381
stamps/-653013896471395002_VIS_101.fits,0,-653013896471395002,,,2.0,21.4693,65.301389633149,-47.139500266473135,373.0,102042915_NEG527574180288799276
stamps/2629976100660481600_VIS_101.fits,0,2629976100660481600,,,3.0,21.6126,262.9976100472503,66.04816003383,374.0,102159777_2726775566670351257
stamps/-581425859482691005_VIS_101.fits,0,-581425859482691005,,,2.0,20.5226,58.14258595047159,-48.26910050866741,375.0,102020529_NEG564427129491602014
stamps/-550541439284743105_VIS_101.fits,0,-550541439284743105,,,2.0,22.3663,55.05414399319204,-28.47431056771252,376.0,102159191_2686897092659972714
stamps/2647091639649174701_VIS_101.fits,0,2647091639649174701,,,2.0,19.9401,264.70916394528484,64.91747017628619,377.0,102021016_NEG627891706482718950
stamps/2755465213656262908_VIS_101.fits,0,2755465213656262908,,,2.0,19.3073,275.5465213803989,65.62629084292062,378.0,102159778_2735946368671378903
stamps/-645516743472804305_VIS_101.fits,0,-645516743472804305,,,2.0,20.1976,64.55167436813116,-47.2804305676675,379.0,102021012_NEG595807815483116843
stamps/2760645555661977200_VIS_101.fits,0,2760645555661977200,,,2.0,19.8709,276.06455553537165,66.19772005420808,380.0,102158582_2655753387652324244
stamps/-632197413466387408_VIS_101.fits,0,-632197413466387408,,,2.0,22.0093,63.21974132729704,-46.63874080862133,381.0,102160336_2695945753681853613
stamps/2755029179661782108_VIS_101.fits,0,2755029179661782108,,,3.0,19.2638,275.50291799358905,66.1782108257119,382.0,102159776_2711220936669189145
stamps/-611427104504417409_VIS_101.fits,0,-611427104504417409,,,2.0,21.9742,61.142710408741664,-50.44174095799273,383.0,102020064_NEG630441470494718517
stamps/-582019508488261909_VIS_101.fits,0,-582019508488261909,,,2.0,19.6807,58.20195085260568,-48.82619099089653,384.0,102158587_2711988261648357583
stamps/-656114169480506802_VIS_101.fits,0,-656114169480506802,,,2.0,21.0373,65.61141696732103,-48.05068026391672,385.0,102160337_2700171490680496942
stamps/-610369948460712906_VIS_101.fits,0,-610369948460712906,,,2.0,21.4863,61.03699488677204,-46.07129060325559,386.0,102020063_NEG625857431494380658
stamps/-622659610492825202_VIS_101.fits,0,-622659610492825202,,,2.0,22.0534,62.26596102898178,-49.28252027799288,387.0,102159489_2725731664662876609
stamps/-533137733296152400_VIS_101.fits,0,-533137733296152400,,,2.0,19.7538,53.31377331328438,-29.61524007446132,388.0,102021013_NEG606090281487314103
stamps/-622475726474131003_VIS_101.fits,0,-622475726474131003,,,2.0,18.3345,62.24757264875538,-47.413100322841295,389.0,102045468_NEG536440857272232644
stamps/2689853718683625600_VIS_101.fits,0,2689853718683625600,,,2.0,21.535,268.9853718562052,68.36256007245875,390.0,102159773_2671366170672094055
stamps/-590259317510160207_VIS_101.fits,0,-590259317510160207,,,2.0,18.1904,59.02593178026692,-51.01602075721608,391.0,102020062_NEG617330086494647877
stamps/-545211493283047507_VIS_101.fits,0,-545211493283047507,,,2.0,22.4499,54.5211493253012,-28.30475077243469,392.0,102022980_NEG657553777465731159
stamps/-550350210285984102_VIS_101.fits,0,-550350210285984102,,,2.0,21.5906,55.03502104645983,-28.59841022347287,393.0,102158274_2704723597642696271
stamps/2707128829666213705_VIS_101.fits,0,2707128829666213705,,,2.0,19.1928,270.71288298605765,66.62137057196145,394.0,102020055_NEG564676209494509344
stamps/-571246122487381203_VIS_101.fits,0,-571246122487381203,,,2.0,19.8625,57.12461220129887,-48.73812038780554,395.0,102021493_NEG587807121477852004
stamps/-543393417271129303_VIS_101.fits,0,-543393417271129303,,,2.0,22.2428,54.339341768497135,-27.112930307512247,396.0,102020528_NEG558800896491551043
stamps/2670640049670411908_VIS_101.fits,0,2670640049670411908,,,2.0,21.5785,267.0640049919281,67.04119082664212,397.0,102022481_NEG640261052470604135
stamps/2665463518637704606_VIS_101.fits,0,2665463518637704606,,,3.0,19.3708,266.5463518888428,63.77046066683266,398.0,102019131_NEG626148898503257561
stamps/-657999065468938408_VIS_101.fits,0,-657999065468938408,,,2.0,21.2658,65.79990657825579,-46.893840814169984,399.0,102021504_NEG666846889481107505
stamps/-616076776504135702_VIS_101.fits,0,-616076776504135702,,,2.0,19.7041,61.60767760198187,-50.41357029132976,400.0,102157954_2677725526640039676
stamps/2683276959643974109_VIS_101.fits,0,2683276959643974109,,,2.0,21.1693,268.327695929437,64.397410969985,401.0,102158273_2697192667642722765
stamps/-531028723270270209_VIS_101.fits,0,-531028723270270209,,,2.0,19.9197,53.10287230531649,-27.0270209930563,402.0,102158888_2659467460657407372
stamps/-546743630286611106_VIS_101.fits,0,-546743630286611106,,,2.0,19.3692,54.67436301670298,-28.661110648597685,403.0,102158585_2690666515648268601
stamps/2643625810651110109_VIS_101.fits,0,2643625810651110109,,,2.0,19.8974,264.36258108516506,65.11101094239999,404.0,102019586_NEG564463213499964061
stamps/2676518458641946502_VIS_101.fits,0,2676518458641946502,,,2.0,20.9465,267.65184582347683,64.19465021597763,405.0,102046110_NEG518495362266147268
stamps/-516491838273964807_VIS_101.fits,0,-516491838273964807,,,2.0,22.3185,51.6491838187957,-27.39648076420429,406.0,102021499_NEG630283151478334717
stamps/-623536649457711608_VIS_101.fits,0,-623536649457711608,,,2.0,21.209,62.35366496096447,-45.77116089786635,407.0,102021990_NEG650312660474055399
stamps/-633648831486824303_VIS_101.fits,0,-633648831486824303,,,2.0,21.098,63.36488313862248,-48.68243034346321,408.0,102021986_NEG619535738476339304
stamps/-624339189481527201_VIS_101.fits,0,-624339189481527201,,,2.0,18.259,62.43391890180503,-48.15272017630792,409.0,102042919_NEG550298555288445169
stamps/-618055605502015900_VIS_101.fits,0,-618055605502015900,,,2.0,21.3432,61.80556051358148,-50.201590009130136,410.0,102021980_NEG577646036477033395
stamps/-564414365506961007_VIS_101.fits,0,-564414365506961007,,,2.0,22.1742,56.44143654724265,-50.696100748825245,411.0,102160057_2669613885677463506
stamps/-643689698491725507_VIS_101.fits,0,-643689698491725507,,,2.0,20.4112,64.36896982683395,-49.17255076127001,412.0,102158277_2733524648645511387
stamps/2686816498656561400_VIS_101.fits,0,2686816498656561400,,,2.0,22.1854,268.68164984237626,65.65614003849605,413.0,102021006_NEG554672577486973111
stamps/2746677138651389301_VIS_101.fits,0,2746677138651389301,,,2.0,13.0361,274.6677138771002,65.13893018609402,414.0,102158889_2677813028655307424
stamps/2722844736649441308_VIS_101.fits,0,2722844736649441308,,,2.0,19.5371,272.2844736321917,64.94413084695765,415.0,102021504_NEG667954670479292514
stamps/-645562924490418005_VIS_101.fits,0,-645562924490418005,,,2.0,21.5094,64.55629243507006,-49.04180056430802,416.0,102160335_2672690861681717566
stamps/-645394668458061004_VIS_101.fits,0,-645394668458061004,,,2.0,20.2502,64.5394668095787,-45.806100407206,417.0,102158889_2677624236654538082
stamps/-588710522514531703_VIS_101.fits,0,-588710522514531703,,,2.0,20.1481,58.87105227709343,-51.453170357659765,418.0,102044825_NEG534081174272937149
stamps/-587979617514657609_VIS_101.fits,0,-587979617514657609,,,2.0,20.4105,58.79796176847253,-51.46576097656852,419.0,102021501_NEG642870048480955813
stamps/-666706038475878208_VIS_101.fits,0,-666706038475878208,,,2.0,21.3041,66.67060385089827,-47.5878208796997,420.0,102160058_2689874038672725438
stamps/2636374254658214302_VIS_101.fits,0,2636374254658214302,,,2.0,19.2606,263.6374254129238,65.82143027294467,421.0,102020063_NEG626156743494681651
stamps/-615021231470215705_VIS_101.fits,0,-615021231470215705,,,2.0,18.4674,61.50212312937806,-47.02157058054019,422.0,102157953_2670994480641865653
stamps/-518931395284953006_VIS_101.fits,0,-518931395284953006,,,3.0,18.0175,51.893139597804414,-28.49530062663164,423.0,102158894_2730612507653143373
stamps/-612152645486080908_VIS_101.fits,0,-612152645486080908,,,3.0,18.4969,61.21526455511319,-48.60809088016809,424.0,102158276_2727435595645547639
stamps/-574307083505389808_VIS_101.fits,0,-574307083505389808,,,2.0,21.7463,57.4307083310491,-50.53898086298601,425.0,102159491_2750401520665356534
stamps/-639916964466427105_VIS_101.fits,0,-639916964466427105,,,2.0,22.3223,63.991696415022425,-46.64271059226029,426.0,102159187_2646504448657919965
stamps/2733348617660660205_VIS_101.fits,0,2733348617660660205,,,2.0,20.8649,273.3348617378513,66.06602058196492,427.0,102159189_2667596748662187959
stamps/-590474204474795304_VIS_101.fits,0,-590474204474795304,,,2.0,22.1229,59.04742041733631,-47.47953042475705,428.0,102046111_NEG524535231263409554
stamps/-598233631482271301_VIS_101.fits,0,-598233631482271301,,,2.0,19.3328,59.823363190000485,-48.227130108833215,429.0,102020065_NEG639706305497277844
stamps/2728702590661662801_VIS_101.fits,0,2728702590661662801,,,2.0,22.0536,272.87025900152577,66.16628011676197,430.0,102021504_NEG663164014479278882
stamps/2736063525673621506_VIS_101.fits,0,2736063525673621506,,,2.0,22.4165,273.60635254937495,67.36215065011355,431.0,102160610_2729256016684457774
stamps/-623061897503528503_VIS_101.fits,0,-623061897503528503,,,2.0,20.518,62.306189710133225,-50.352850349522754,432.0,102158893_2719347803657244854
stamps/-606948308498132504_VIS_101.fits,0,-606948308498132504,,,2.0,21.0518,60.69483082084405,-49.81325047307419,433.0,102020532_NEG591117402487550021
stamps/-532909944292012502_VIS_101.fits,0,-532909944292012502,,,2.0,21.9574,53.29099441602518,-29.20125029891394,434.0,102021982_NEG594322234473727139
stamps/-582558287499779606_VIS_101.fits,0,-582558287499779606,,,2.0,21.8748,58.25582872442142,-49.97796062329039,435.0,102042287_NEG540365671293205439
stamps/2734712970668557801_VIS_101.fits,0,2734712970668557801,,,2.0,18.4105,273.4712970134193,66.8557801999957,436.0,102042282_NEG517070963297124785
stamps/2673844414633197709_VIS_101.fits,0,2673844414633197709,,,2.0,21.847,267.3844414367891,63.31977094081769,437.0,102158270_2656382386643695481
stamps/-545612833273118004_VIS_101.fits,0,-545612833273118004,,,2.0,21.1914,54.56128335369383,-27.311800495267697,438.0,102160335_2682061397679348286
stamps/-634215981472803500_VIS_101.fits,0,-634215981472803500,,,2.0,20.2804,63.421598176749725,-47.28035009416182,439.0,102046761_NEG532020950261969455
stamps/-515640030269607502_VIS_101.fits,0,-515640030269607502,,,2.0,20.1328,51.564003043636646,-26.96075024521413,440.0,102020530_NEG572303674490459976
stamps/2684842919677278206_VIS_101.fits,0,2684842919677278206,,,2.0,21.3893,268.4842919023005,67.72782067445314,441.0,102160607_2684058176685650370
stamps/-516357853271308207_VIS_101.fits,0,-516357853271308207,,,2.0,21.0129,51.63578532200945,-27.13082070494851,442.0,102157952_2658211530641487553
stamps/2706286537659922902_VIS_101.fits,0,2706286537659922902,,,2.0,21.8257,270.62865372497083,65.99229029753792,443.0,102021020_NEG656951229482999258
stamps/2683584112681247103_VIS_101.fits,0,2683584112681247103,,,2.0,21.1624,268.3584112600386,68.12471038378064,444.0,102020064_NEG635823575494037615
stamps/-651822547475476304_VIS_101.fits,0,-651822547475476304,,,2.0,21.6055,65.18225478216281,-47.54763040219302,445.0,102020054_NEG554364696495554940
stamps/2694014454640141606_VIS_101.fits,0,2694014454640141606,,,2.0,21.2104,269.4014454624609,64.0141606280384,446.0,102021492_NEG580553783482399812
stamps/-599585823487778802_VIS_101.fits,0,-599585823487778802,,,2.0,20.7671,59.9585823379756,-48.77788023744602,447.0,102020534_NEG600985388487893328
stamps/-651789026470402900_VIS_101.fits,0,-651789026470402900,,,2.0,21.8643,65.17890261745268,-47.04029001109941,448.0,102020062_NEG618346672492559568
stamps/2762472499665915202_VIS_101.fits,0,2762472499665915202,,,2.0,18.4355,276.2472499442649,66.59152025339169,449.0,102020539_NEG639239120489296299
stamps/-633475938495714501_VIS_101.fits,0,-633475938495714501,,,2.0,17.3441,63.34759386847467,-49.571450144724736,450.0,102160336_2685084962682049281
stamps/2717189928647688508_VIS_101.fits,0,2717189928647688508,,,2.0,20.2914,271.7189928875086,64.76885087607536,451.0,102045468_NEG535850797268396974
stamps/-533516586274333309_VIS_101.fits,0,-533516586274333309,,,2.0,20.1177,53.351658628586186,-27.43333097761919,452.0,102157629_2659727733636823810
stamps/-509035141275744709_VIS_101.fits,0,-509035141275744709,,,2.0,22.1877,50.90351415927073,-27.574470945451854,453.0,102022478_NEG615325075470840323
stamps/-639882710456147300_VIS_101.fits,0,-639882710456147300,,,2.0,21.1253,63.988271070409226,-45.61473004771266,454.0,102159488_2715904729665064695
stamps/-630410243482707407_VIS_101.fits,0,-630410243482707407,,,2.0,19.2424,63.041024319705045,-48.27074074717115,455.0,102020532_NEG589257492489565961
stamps/-590248425481043007_VIS_101.fits,0,-590248425481043007,,,2.0,21.719,59.02484251485095,-48.1043007187125,456.0,102021986_NEG624049517477067447
stamps/-639460177467110408_VIS_101.fits,0,-639460177467110408,,,2.0,19.9068,63.94601772304279,-46.71104084382194,457.0,102158890_2680242082656735280
stamps/2658547631648451206_VIS_101.fits,0,2658547631648451206,,,3.0,19.4269,265.8547631012825,64.8451206213574,458.0,102021014_NEG610047486487275523
stamps/-535896208281855601_VIS_101.fits,0,-535896208281855601,,,2.0,22.4228,53.58962081425,-28.18556019091673,459.0,102157956_2704655017641535458
stamps/-608363544483375407_VIS_101.fits,0,-608363544483375407,,,2.0,21.0916,60.83635444157367,-48.337540733405945,460.0,102021019_NEG651956451483599583
stamps/-622343031480993109_VIS_101.fits,0,-622343031480993109,,,2.0,22.445,62.234303123454325,-48.09931091402283,461.0,102042915_NEG529823788292531675
stamps/-612520364476935008_VIS_101.fits,0,-612520364476935008,,,2.0,19.311,61.25203647077213,-47.69350080071644,462.0,102020528_NEG554976975487853956
stamps/2680239894678079902_VIS_101.fits,0,2680239894678079902,,,2.0,21.7277,268.0239894872493,67.80799027895652,463.0,102159482_2642474434666614156
stamps/-584182350497837902_VIS_101.fits,0,-584182350497837902,,,2.0,20.8163,58.418235057293856,-49.78379024259857,464.0,102157956_2695046853638479184
stamps/2643411840663716708_VIS_101.fits,0,2643411840663716708,,,2.0,20.7279,264.341184009702,66.37167084126686,465.0,102160055_2646891602674889078
stamps/-639236305500051500_VIS_101.fits,0,-639236305500051500,,,2.0,17.9624,63.923630565406825,-50.00515003025598,466.0,102022483_NEG653649683470250799
stamps/2741098511671918708_VIS_101.fits,0,2741098511671918708,,,2.0,19.8058,274.1098511271732,67.19187088436067,467.0,102020530_NEG575336420489680805
stamps/-593277172481087406_VIS_101.fits,0,-593277172481087406,,,2.0,21.8848,59.32771727306508,-48.108740613886496,468.0,102159484_2663190959666793114
stamps/-609793709495430302_VIS_101.fits,0,-609793709495430302,,,2.0,19.9485,60.97937094446243,-49.54303029818884,469.0,102018666_NEG579859279508531437
stamps/-625628241457650904_VIS_101.fits,0,-625628241457650904,,,2.0,21.3094,62.56282415354488,-45.76509047088307,470.0,102020532_NEG585131565488109327
stamps/-555406321485300708_VIS_101.fits,0,-555406321485300708,,,3.0,18.8621,55.54063217450132,-48.5300708369188,471.0,102159481_2635212626663669301
stamps/-573081142505879900_VIS_101.fits,0,-573081142505879900,,,2.0,19.2057,57.3081142889178,-50.58799006571877,472.0,102022974_NEG610978759464405134
stamps/2664999252647499704_VIS_101.fits,0,2664999252647499704,,,2.0,22.4739,266.4999252614595,64.74997043724582,473.0,102019588_NEG579781735502176069
stamps/-615576712476111806_VIS_101.fits,0,-615576712476111806,,,2.0,19.6387,61.55767120923054,-47.61118062413337,474.0,102021016_NEG627937046483290884
stamps/-630711452463335405_VIS_101.fits,0,-630711452463335405,,,2.0,21.5701,63.07114524725371,-46.33354059443884,475.0,102023480_NEG640021734460830824
stamps/2653972911678277609_VIS_101.fits,0,2653972911678277609,,,2.0,21.6183,265.3972911907647,67.82776098083504,476.0,102021504_NEG669028748480810029
stamps/-523711279276681502_VIS_101.fits,0,-523711279276681502,,,3.0,19.1601,52.3711279854895,-27.66815024538006,477.0,102021988_NEG640289253474412348
stamps/-530502741274357804_VIS_101.fits,0,-530502741274357804,,,2.0,20.0074,53.050274189397165,-27.435780422470454,478.0,102157954_2678629431639725549
stamps/-601979727495097708_VIS_101.fits,0,-601979727495097708,,,2.0,22.011,60.19797270182804,-49.509770884010535,479.0,102021989_NEG644172618476134973
stamps/-521276853267614501_VIS_101.fits,0,-521276853267614501,,,2.0,22.2491,52.12768538998855,-26.76145014941443,480.0,102019588_NEG576940500501085311
stamps/-635252595495492204_VIS_101.fits,0,-635252595495492204,,,2.0,18.8336,63.52525957347061,-49.5492204975826,481.0,102160062_2738460691675239507
stamps/2735490118682545802_VIS_101.fits,0,2735490118682545802,,,3.0,20.0603,273.549011896706,68.25458026613816,482.0,102020056_NEG571928631495947554
stamps/-536642684299239300_VIS_101.fits,0,-536642684299239300,,,2.0,18.7684,53.664268436802985,-29.92393009121005,483.0,102042915_NEG528545016288651034
stamps/-632377569454948300_VIS_101.fits,0,-632377569454948300,,,2.0,19.2389,63.2377569019009,-45.4948300492328,484.0,102159197_2758626130661770946
stamps/-529405480285313500_VIS_101.fits,0,-529405480285313500,,,2.0,20.7842,52.940548057157045,-28.53135000304245,485.0,102158270_2662527621645054682
stamps/-534049018269681303_VIS_101.fits,0,-534049018269681303,,,2.0,20.0227,53.40490180971695,-26.968130349150087,486.0,102022980_NEG653069109465982282
stamps/2642872689650854702_VIS_101.fits,0,2642872689650854702,,,2.0,20.4771,264.2872689869128,65.08547029916421,487.0,102021499_NEG628042951482285714
stamps/-574297711478627808_VIS_101.fits,0,-574297711478627808,,,2.0,21.3432,57.42977115548048,-47.86278086013977,488.0,102021980_NEG577646036477033395
stamps/2749137391679914808_VIS_101.fits,0,2749137391679914808,,,3.0,21.8345,274.9137391880384,67.99148082962522,489.0,102022483_NEG653290299470260264
stamps/-576399977512325600_VIS_101.fits,0,-576399977512325600,,,2.0,19.2402,57.639997746421024,-51.23256003353142,490.0,102046111_NEG525674252262710433
stamps/-581696963476844607_VIS_101.fits,0,-581696963476844607,,,2.0,21.2106,58.169696399363495,-47.684460759636806,491.0,102020531_NEG579471354491627648
stamps/-579048730476331507_VIS_101.fits,0,-579048730476331507,,,2.0,20.1148,57.90487306674616,-47.63315070282403,492.0,102042919_NEG549725555290756868
stamps/-625376702464848506_VIS_101.fits,0,-625376702464848506,,,2.0,21.8257,62.53767023864568,-46.48485064904551,493.0,102021020_NEG656951229482999258
stamps/-567129157499801004_VIS_101.fits,0,-567129157499801004,,,2.0,22.2443,56.71291575569829,-49.98010046930984,494.0,102159191_2683342191661471471
stamps/-660268907481708306_VIS_101.fits,0,-660268907481708306,,,2.0,22.1877,66.02689072322637,-48.17083063553983,495.0,102022478_NEG615325075470840323
stamps/-533642719281593806_VIS_101.fits,0,-533642719281593806,,,2.0,21.0071,53.36427196119639,-28.159380619853,496.0,102021495_NEG596705787481338553
stamps/2740198978652889003_VIS_101.fits,0,2740198978652889003,,,2.0,19.016,274.019897800537,65.28890038216016,497.0,102021980_NEG576667803474825283
stamps/2680609134655766900_VIS_101.fits,0,2680609134655766900,,,2.0,20.9276,268.0609134584331,65.57669002513609,498.0,102021016_NEG626678160486839020
stamps/-634379304479278205_VIS_101.fits,0,-634379304479278205,,,2.0,19.3305,63.43793042973978,-47.92782059150649,499.0,102158886_2639435536653600933
stamps/-538399447283053400_VIS_101.fits,0,-538399447283053400,,,2.0,19.7922,53.83994477244779,-28.30534001990828,500.0,102043551_NEG542774461286906112
stamps/-577547088475312607_VIS_101.fits,0,-577547088475312607,,,2.0,20.5201,57.75470883366774,-47.5312607779665,501.0,102158584_2687970439648743491
stamps/2645573117643540908_VIS_101.fits,0,2645573117643540908,,,2.0,19.8057,264.5573117899514,64.35409086550973,502.0,102020530_NEG575336420489680805
stamps/-571863730477910909_VIS_101.fits,0,-571863730477910909,,,2.0,19.5244,57.18637307510392,-47.79109091910733,503.0,102158887_2646461630654930628
stamps/-611345451473818709_VIS_101.fits,0,-611345451473818709,,,2.0,18.9497,61.13454512767338,-47.38187090133483,504.0,102158896_2755778332656876880
stamps/-543730231268063105_VIS_101.fits,0,-543730231268063105,,,2.0,20.8038,54.37302310442903,-26.806310537450365,505.0,102042914_NEG523479785291521247
stamps/2659908318665142607_VIS_101.fits,0,2659908318665142607,,,2.0,22.0536,265.9908318973648,66.51426078035128,506.0,102021504_NEG663164014479278882
stamps/2668119261632675005_VIS_101.fits,0,2668119261632675005,,,2.0,18.7451,266.8119261425599,63.26750050898292,507.0,102159188_2652763834658560044
stamps/2709489290653517007_VIS_101.fits,0,2709489290653517007,,,2.0,21.5094,270.9489290659302,65.35170076302994,508.0,102160335_2672690861681717566
stamps/-606491606472529101_VIS_101.fits,0,-606491606472529101,,,2.0,20.2914,60.64916067134438,-47.25291013234862,509.0,102045468_NEG535850797268396974
stamps/2668299079632029303_VIS_101.fits,0,2668299079632029303,,,2.0,19.7536,266.8299079698028,63.20293039869404,510.0,102021013_NEG606090281487314103
stamps/2716164054654726105_VIS_101.fits,0,2716164054654726105,,,2.0,21.8936,271.6164054401279,65.47261055416415,511.0,102158580_2631644629651693582
stamps/-541848672297430609_VIS_101.fits,0,-541848672297430609,,,2.0,21.3004,54.18486722619382,-29.74306096831372,512.0,102159194_2723464956661228420
stamps/2745835740654771102_VIS_101.fits,0,2745835740654771102,,,2.0,21.192,274.5835740856377,65.47711021699878,513.0,102019126_NEG589597149505340169
stamps/-530627492296087406_VIS_101.fits,0,-530627492296087406,,,2.0,21.6339,53.06274925116125,-29.608740668244558,514.0,102160060_2714236250676150798
